1,1,1338.48,417.88,163.01,358.61,0.8093,-1,-1,-1
1,2,584.16,443.38,91.76,264.69,0.7630,-1,-1,-1
1,3,439.99,445.88,112.20,273.42,0.6760,-1,-1,-1
1,4,1455.13,432.63,141.44,332.68,0.6426,-1,-1,-1
1,5,730.90,456.73,35.97,111.40,0.5625,-1,-1,-1
1,6,916.83,431.53,59.61,154.78,0.3894,-1,-1,-1
2,1,1342.76,417.60,160.35,359.17,0.8313,-1,-1,-1
2,2,584.51,442.91,92.31,264.19,0.7656,-1,-1,-1
2,3,437.66,445.28,116.80,274.27,0.6901,-1,-1,-1
2,4,1452.15,436.86,146.67,331.72,0.6726,-1,-1,-1
2,5,731.47,457.28,36.30,110.28,0.5322,-1,-1,-1
2,6,916.38,432.17,60.16,154.63,0.3999,-1,-1,-1
3,1,1343.63,423.32,175.81,365.87,0.8358,-1,-1,-1
3,2,584.48,443.04,93.55,263.65,0.7561,-1,-1,-1
3,3,437.22,443.75,117.93,276.33,0.6979,-1,-1,-1
3,4,1466.13,441.59,138.80,327.08,0.7325,-1,-1,-1
3,5,731.30,460.21,36.82,106.78,0.5315,-1,-1,-1
3,6,915.96,432.68,60.92,153.92,0.4033,-1,-1,-1
4,1,1348.57,421.73,179.33,375.82,0.8240,-1,-1,-1
4,2,584.44,443.81,93.19,264.26,0.7670,-1,-1,-1
4,3,438.60,442.96,119.11,276.70,0.7436,-1,-1,-1
4,4,1478.41,434.62,126.14,333.26,0.7303,-1,-1,-1
4,5,732.04,459.15,36.84,109.28,0.5187,-1,-1,-1
4,6,916.39,432.05,60.99,154.18,0.4196,-1,-1,-1
5,1,1351.71,419.43,178.44,385.08,0.8483,-1,-1,-1
5,2,584.71,444.03,93.12,264.05,0.7658,-1,-1,-1
5,3,442.38,443.59,119.27,274.36,0.6899,-1,-1,-1
5,4,1485.91,429.52,116.05,338.50,0.7403,-1,-1,-1
5,5,732.67,459.01,35.89,109.28,0.5181,-1,-1,-1
5,6,916.02,431.29,61.39,154.51,0.4083,-1,-1,-1
6,1,1357.99,418.60,174.37,388.34,0.8471,-1,-1,-1
6,2,584.12,443.51,92.55,266.94,0.7617,-1,-1,-1
6,3,448.71,443.81,117.46,274.34,0.6951,-1,-1,-1
6,4,1494.98,426.49,107.82,342.02,0.7237,-1,-1,-1
6,5,733.36,457.57,34.52,110.22,0.5346,-1,-1,-1
6,6,915.74,430.52,62.07,155.97,0.4202,-1,-1,-1
7,1,1368.03,419.05,160.35,385.22,0.8559,-1,-1,-1
7,2,584.46,443.02,91.76,268.09,0.7671,-1,-1,-1
7,3,447.32,444.57,119.97,274.33,0.7308,-1,-1,-1
7,4,1500.63,430.35,102.39,339.34,0.7679,-1,-1,-1
7,5,733.52,457.85,33.88,109.91,0.5489,-1,-1,-1
7,6,914.97,430.63,61.92,155.87,0.3742,-1,-1,-1
8,1,1385.37,415.30,142.28,386.75,0.8056,-1,-1,-1
8,2,584.70,442.96,91.83,267.36,0.7823,-1,-1,-1
8,3,448.67,444.07,119.50,274.59,0.7468,-1,-1,-1
8,4,1505.57,422.73,98.90,347.94,0.7695,-1,-1,-1
8,5,733.48,457.17,34.27,109.68,0.5422,-1,-1,-1
8,6,914.72,428.49,61.41,157.94,0.3851,-1,-1,-1
9,1,1400.69,409.61,130.08,392.08,0.7453,-1,-1,-1
9,2,585.14,442.65,90.88,268.12,0.7793,-1,-1,-1
9,3,454.78,444.16,114.63,274.29,0.7434,-1,-1,-1
9,4,1512.02,422.00,94.55,347.94,0.7485,-1,-1,-1
9,5,733.12,457.02,35.07,110.99,0.5346,-1,-1,-1
9,6,915.18,430.27,60.07,157.29,0.1714,-1,-1,-1
10,1,1416.27,413.50,120.40,382.63,0.7915,-1,-1,-1
10,2,585.36,442.79,91.41,268.21,0.7823,-1,-1,-1
10,3,457.15,443.88,114.11,274.35,0.7179,-1,-1,-1
10,4,1507.35,418.07,109.05,355.35,0.6691,-1,-1,-1
10,5,732.78,457.47,35.88,109.78,0.5202,-1,-1,-1
10,6,915.00,430.00,61.61,156.05,0.1748,-1,-1,-1
11,1,1426.75,412.61,119.34,385.72,0.7691,-1,-1,-1
11,2,585.91,442.83,91.17,267.06,0.7705,-1,-1,-1
11,3,455.63,442.76,115.24,275.85,0.6894,-1,-1,-1
11,4,1525.73,418.81,97.88,350.61,0.7954,-1,-1,-1
11,5,732.59,458.51,37.08,110.58,0.5668,-1,-1,-1
11,6,914.70,429.44,61.75,156.03,0.2053,-1,-1,-1
12,1,1438.36,409.16,117.20,388.30,0.7273,-1,-1,-1
12,2,585.72,442.28,91.73,266.93,0.7667,-1,-1,-1
12,3,451.61,442.23,119.26,276.27,0.6674,-1,-1,-1
12,4,1537.11,418.84,94.20,353.07,0.7732,-1,-1,-1
12,5,731.65,456.76,38.07,112.95,0.6052,-1,-1,-1
12,6,915.15,429.41,60.55,155.87,0.2012,-1,-1,-1
13,1,1446.25,411.86,121.77,386.79,0.7015,-1,-1,-1
13,2,585.37,442.04,92.48,267.28,0.7539,-1,-1,-1
13,3,446.84,442.92,123.50,276.33,0.7038,-1,-1,-1
13,4,1540.10,420.20,104.26,357.62,0.7515,-1,-1,-1
13,5,730.77,456.29,38.75,117.02,0.5822,-1,-1,-1
13,6,915.68,429.39,59.75,156.10,0.2526,-1,-1,-1
14,1,1453.66,410.24,128.36,387.34,0.5769,-1,-1,-1
14,2,584.35,442.17,93.98,268.00,0.7504,-1,-1,-1
14,3,447.05,442.03,122.01,280.35,0.6394,-1,-1,-1
14,4,1538.74,416.60,130.65,370.01,0.6144,-1,-1,-1
14,5,730.25,456.45,39.43,118.47,0.5512,-1,-1,-1
14,6,915.58,429.66,59.92,155.49,0.1862,-1,-1,-1
15,1,1461.70,415.49,108.39,382.04,0.4908,-1,-1,-1
15,2,583.99,442.43,93.22,269.26,0.7700,-1,-1,-1
15,3,446.43,442.85,120.93,282.07,0.6578,-1,-1,-1
15,4,1539.18,421.85,160.18,373.43,0.5959,-1,-1,-1
15,5,730.37,453.31,39.87,123.60,0.6068,-1,-1,-1
15,6,915.85,427.66,59.68,158.25,0.3095,-1,-1,-1
16,1,1464.04,422.22,105.96,377.18,0.4018,-1,-1,-1
16,2,583.63,443.69,92.96,267.45,0.7683,-1,-1,-1
16,3,445.86,442.66,117.80,283.48,0.6511,-1,-1,-1
16,4,1547.74,421.11,176.65,381.49,0.6740,-1,-1,-1
16,5,730.83,453.85,38.23,123.16,0.4916,-1,-1,-1
16,6,916.57,426.19,59.20,159.85,0.2325,-1,-1,-1
17,1,1459.17,420.93,130.45,381.37,0.3625,-1,-1,-1
17,2,583.36,445.39,93.01,267.31,0.7652,-1,-1,-1
17,3,446.19,442.69,116.12,284.55,0.6589,-1,-1,-1
17,4,1556.50,420.98,186.38,385.26,0.7724,-1,-1,-1
17,5,729.61,454.82,37.60,121.50,0.4490,-1,-1,-1
18,1,1459.41,420.78,181.46,388.46,0.6832,-1,-1,-1
18,2,583.58,445.05,93.02,268.36,0.7898,-1,-1,-1
18,3,448.03,442.96,114.08,284.66,0.7161,-1,-1,-1
18,4,1570.56,426.26,181.75,383.23,0.7103,-1,-1,-1
18,5,728.36,456.79,37.61,119.09,0.4405,-1,-1,-1
19,1,1460.58,414.76,173.86,390.47,0.4640,-1,-1,-1
19,2,584.20,445.13,94.18,269.27,0.7677,-1,-1,-1
19,3,450.16,444.57,112.76,284.60,0.7092,-1,-1,-1
19,4,1566.71,451.87,191.07,361.86,0.6827,-1,-1,-1
19,5,726.66,458.73,38.62,117.19,0.4066,-1,-1,-1
19,10,1254.70,435.95,35.23,108.03,0.4019,-1,-1,-1
20,1,1461.79,411.58,170.13,394.38,0.3684,-1,-1,-1
20,2,584.52,445.77,97.93,267.63,0.7783,-1,-1,-1
20,3,451.45,448.59,113.96,279.94,0.7097,-1,-1,-1
20,4,1587.28,457.30,186.32,349.52,0.6328,-1,-1,-1
20,5,725.54,455.31,39.73,119.36,0.4105,-1,-1,-1
20,10,1254.67,436.45,35.20,107.06,0.3275,-1,-1,-1
21,1,1462.10,412.45,225.13,403.61,0.7286,-1,-1,-1
21,2,584.77,444.50,101.31,269.09,0.7905,-1,-1,-1
21,3,452.41,448.09,112.85,279.27,0.6969,-1,-1,-1
21,4,1612.16,455.46,157.66,348.90,0.6553,-1,-1,-1
21,5,726.02,453.42,39.68,121.81,0.3840,-1,-1,-1
21,10,1252.94,439.35,35.44,101.99,0.3351,-1,-1,-1
22,1,1463.02,411.91,230.44,405.74,0.5296,-1,-1,-1
22,2,584.77,444.12,103.21,269.12,0.7777,-1,-1,-1
22,3,454.15,447.21,112.81,280.36,0.5988,-1,-1,-1
22,4,1627.27,436.60,152.29,364.48,0.7015,-1,-1,-1
22,5,723.11,458.52,42.82,114.78,0.3667,-1,-1,-1
22,10,1253.71,438.02,40.11,107.26,0.3680,-1,-1,-1
23,1,1469.31,411.60,201.04,395.12,0.4805,-1,-1,-1
23,2,583.90,443.84,105.29,269.03,0.7759,-1,-1,-1
23,3,461.34,446.36,109.95,281.48,0.6875,-1,-1,-1
23,4,1633.95,427.11,131.96,374.41,0.6267,-1,-1,-1
23,5,720.66,463.84,46.59,107.12,0.3625,-1,-1,-1
23,10,1251.88,440.20,38.49,103.29,0.3386,-1,-1,-1
24,1,1476.80,408.06,215.96,408.43,0.7030,-1,-1,-1
24,2,584.38,443.83,105.42,268.56,0.7548,-1,-1,-1
24,3,466.98,445.37,109.41,284.98,0.6836,-1,-1,-1
24,4,1644.15,421.25,123.11,378.27,0.6253,-1,-1,-1
24,5,721.17,461.90,48.42,107.92,0.4308,-1,-1,-1
24,10,1253.23,438.26,41.25,107.27,0.2969,-1,-1,-1
25,1,1485.00,406.78,216.62,411.67,0.6348,-1,-1,-1
25,2,585.07,443.72,105.17,268.72,0.7430,-1,-1,-1
25,3,467.30,444.77,111.17,288.26,0.6333,-1,-1,-1
25,4,1655.83,417.19,122.31,384.66,0.6677,-1,-1,-1
25,5,720.09,462.87,49.38,104.74,0.4016,-1,-1,-1
25,10,1251.26,441.31,37.03,101.91,0.3039,-1,-1,-1
26,1,1493.76,408.63,232.83,411.22,0.5970,-1,-1,-1
26,2,586.22,444.08,103.15,268.69,0.7238,-1,-1,-1
26,3,467.95,442.04,112.29,293.44,0.6586,-1,-1,-1
26,4,1662.62,419.53,115.18,381.92,0.6618,-1,-1,-1
26,5,719.82,463.31,50.28,104.24,0.4402,-1,-1,-1
26,10,1250.87,442.11,35.40,99.57,0.3015,-1,-1,-1
27,1,1508.75,410.36,223.82,411.75,0.5632,-1,-1,-1
27,2,587.88,443.58,100.79,269.91,0.7290,-1,-1,-1
27,3,469.25,443.51,112.16,290.47,0.6226,-1,-1,-1
27,4,1674.26,414.34,112.45,384.15,0.6655,-1,-1,-1
27,5,720.34,458.62,46.80,108.99,0.3559,-1,-1,-1
27,10,1250.86,442.29,34.53,98.37,0.2497,-1,-1,-1
28,1,1528.77,405.00,191.41,422.95,0.5830,-1,-1,-1
28,2,591.52,443.41,98.45,270.64,0.7387,-1,-1,-1
28,3,471.76,442.00,110.93,292.65,0.6030,-1,-1,-1
28,4,1682.88,411.13,114.25,385.21,0.6566,-1,-1,-1
28,5,720.53,460.54,48.59,107.79,0.3628,-1,-1,-1
28,10,1251.09,443.62,31.62,96.52,0.2577,-1,-1,-1
29,1,1547.15,396.66,170.85,432.71,0.7036,-1,-1,-1
29,2,593.72,443.54,97.29,270.65,0.7305,-1,-1,-1
29,3,474.25,442.07,110.08,292.07,0.5853,-1,-1,-1
29,4,1684.70,418.81,128.15,381.57,0.7144,-1,-1,-1
29,5,720.74,460.40,50.10,110.77,0.3503,-1,-1,-1
29,10,1251.07,443.91,30.46,97.09,0.2252,-1,-1,-1
29,12,1426.90,436.15,54.43,121.99,0.5400,-1,-1,-1
30,1,1573.86,391.94,153.01,437.37,0.7467,-1,-1,-1
30,2,595.20,443.49,97.13,271.23,0.7479,-1,-1,-1
30,3,476.45,442.17,109.46,292.13,0.6444,-1,-1,-1
30,4,1680.15,426.38,152.84,374.56,0.6397,-1,-1,-1
30,5,721.84,458.70,46.66,113.90,0.3648,-1,-1,-1
30,10,1251.13,443.00,30.55,98.76,0.1990,-1,-1,-1
30,12,1432.21,433.20,49.29,124.55,0.5942,-1,-1,-1
31,1,1593.74,390.70,157.89,437.64,0.7353,-1,-1,-1
31,2,597.91,443.19,95.56,272.11,0.7511,-1,-1,-1
31,3,477.02,443.17,111.11,288.63,0.6511,-1,-1,-1
31,4,1694.76,418.87,182.59,387.23,0.6599,-1,-1,-1
31,5,721.70,457.58,45.02,117.79,0.4385,-1,-1,-1
31,10,1250.61,442.43,32.30,99.69,0.2236,-1,-1,-1
31,12,1440.83,430.32,43.42,127.31,0.5751,-1,-1,-1
32,1,1605.68,393.87,164.19,441.35,0.7909,-1,-1,-1
32,2,599.78,443.08,94.94,272.77,0.7619,-1,-1,-1
32,3,478.55,444.27,110.59,288.64,0.6380,-1,-1,-1
32,4,1715.50,417.86,184.88,389.60,0.7325,-1,-1,-1
32,5,721.25,458.69,43.04,119.27,0.4237,-1,-1,-1
32,10,1250.62,441.71,32.17,100.37,0.1956,-1,-1,-1
32,12,1446.78,430.69,39.99,126.59,0.5304,-1,-1,-1
33,1,1611.82,394.27,172.30,450.33,0.8077,-1,-1,-1
33,2,601.20,443.89,94.72,271.68,0.7666,-1,-1,-1
33,3,479.58,444.08,110.01,292.81,0.7036,-1,-1,-1
33,4,1730.93,414.38,185.28,396.80,0.6489,-1,-1,-1
33,5,720.11,458.82,42.59,119.01,0.3715,-1,-1,-1
33,10,1250.49,441.51,33.06,101.65,0.2672,-1,-1,-1
33,12,1450.70,431.13,39.22,126.24,0.5779,-1,-1,-1
33,13,1079.69,451.70,54.15,144.17,0.3797,-1,-1,-1
34,1,1615.51,394.33,182.86,448.30,0.8033,-1,-1,-1
34,2,604.26,443.48,91.99,271.87,0.7622,-1,-1,-1
34,3,479.56,443.99,110.43,298.45,0.7295,-1,-1,-1
34,4,1742.40,447.13,181.08,368.95,0.3172,-1,-1,-1
34,5,718.15,457.16,42.41,120.64,0.3647,-1,-1,-1
34,10,1249.85,440.31,33.74,103.20,0.2929,-1,-1,-1
34,12,1454.58,430.85,39.41,126.58,0.6021,-1,-1,-1
34,13,1079.13,447.42,54.17,148.00,0.2635,-1,-1,-1
35,1,1621.31,393.20,195.08,454.29,0.8494,-1,-1,-1
35,2,605.52,443.93,91.43,271.21,0.7727,-1,-1,-1
35,3,478.68,443.91,111.24,300.12,0.7405,-1,-1,-1
35,4,1758.35,431.26,166.06,394.44,0.4109,-1,-1,-1
35,5,718.63,458.40,41.21,119.45,0.3464,-1,-1,-1
35,10,1249.85,439.21,33.06,104.11,0.2474,-1,-1,-1
35,12,1456.47,431.76,38.93,124.95,0.5704,-1,-1,-1
35,13,1079.19,446.60,53.15,149.10,0.2970,-1,-1,-1
36,1,1628.30,394.71,212.21,466.08,0.8186,-1,-1,-1
36,2,607.03,444.21,90.33,270.68,0.7727,-1,-1,-1
36,3,477.46,443.97,112.67,302.03,0.7073,-1,-1,-1
36,4,1765.60,420.15,158.18,403.16,0.5498,-1,-1,-1
36,5,716.56,457.07,42.74,120.04,0.3124,-1,-1,-1
36,10,1250.02,438.07,33.23,105.70,0.2607,-1,-1,-1
36,12,1457.55,432.71,40.96,124.79,0.5763,-1,-1,-1
36,13,1078.95,448.88,51.99,147.02,0.3278,-1,-1,-1
37,1,1633.36,396.53,243.25,471.69,0.7919,-1,-1,-1
37,2,608.48,444.77,89.96,270.11,0.7701,-1,-1,-1
37,3,477.36,444.49,112.64,296.97,0.6661,-1,-1,-1
37,4,1774.42,419.99,148.97,401.81,0.6041,-1,-1,-1
37,5,716.57,454.61,42.84,122.94,0.3143,-1,-1,-1
37,10,1250.34,437.99,32.00,104.98,0.2356,-1,-1,-1
37,12,1460.98,433.11,42.18,125.30,0.5473,-1,-1,-1
37,13,1081.19,450.16,49.47,145.71,0.1799,-1,-1,-1
38,1,1634.49,400.63,252.99,473.66,0.8537,-1,-1,-1
38,2,608.97,444.22,90.34,271.03,0.7670,-1,-1,-1
38,3,477.56,444.70,113.92,291.40,0.6848,-1,-1,-1
38,4,1789.74,426.54,133.05,393.02,0.2756,-1,-1,-1
38,5,713.76,453.17,44.80,128.50,0.3084,-1,-1,-1
38,10,1254.24,432.92,37.30,111.57,0.3234,-1,-1,-1
38,12,1463.03,432.29,43.44,126.02,0.6036,-1,-1,-1
38,13,1083.38,453.24,47.93,142.45,0.1873,-1,-1,-1
39,1,1635.19,403.10,261.76,473.20,0.8708,-1,-1,-1
39,2,609.25,443.39,91.74,272.12,0.7798,-1,-1,-1
39,3,478.03,444.56,114.29,293.43,0.7065,-1,-1,-1
39,4,1808.86,429.41,112.60,380.57,0.5196,-1,-1,-1
39,5,715.66,452.71,43.39,126.67,0.2407,-1,-1,-1
39,10,1255.72,431.22,39.53,114.01,0.4197,-1,-1,-1
39,12,1464.37,431.91,44.96,125.77,0.5842,-1,-1,-1
39,13,1082.52,452.89,49.53,142.38,0.2784,-1,-1,-1
40,1,1635.38,404.10,270.57,474.27,0.8623,-1,-1,-1
40,2,610.00,443.65,91.69,272.30,0.7745,-1,-1,-1
40,3,477.32,445.54,116.27,295.01,0.6819,-1,-1,-1
40,4,1819.15,424.74,102.84,387.02,0.5961,-1,-1,-1
40,5,713.08,452.84,43.88,124.81,0.2281,-1,-1,-1
40,10,1256.26,431.44,39.28,114.18,0.4412,-1,-1,-1
40,12,1466.11,432.82,46.66,124.12,0.5641,-1,-1,-1
40,13,1083.47,453.19,48.00,142.05,0.1897,-1,-1,-1
41,1,1639.29,401.83,280.40,482.12,0.8655,-1,-1,-1
41,2,612.04,443.59,91.77,272.68,0.7916,-1,-1,-1
41,3,478.71,446.88,114.48,295.04,0.6836,-1,-1,-1
41,4,1831.26,405.42,90.56,410.05,0.6854,-1,-1,-1
41,5,706.40,452.11,49.26,126.70,0.3103,-1,-1,-1
41,10,1256.54,430.56,39.87,115.20,0.4799,-1,-1,-1
41,12,1466.20,434.00,50.20,121.72,0.5075,-1,-1,-1
41,13,1082.94,454.91,47.81,140.85,0.1923,-1,-1,-1
42,1,1644.55,401.31,276.92,480.70,0.8417,-1,-1,-1
42,2,613.67,443.01,90.65,272.30,0.7989,-1,-1,-1
42,3,476.18,447.36,117.36,300.97,0.6607,-1,-1,-1
42,4,1841.98,395.18,79.30,422.50,0.6497,-1,-1,-1
42,5,702.76,449.86,45.00,129.21,0.2360,-1,-1,-1
42,10,1256.65,429.95,40.59,115.78,0.4901,-1,-1,-1
42,12,1467.84,434.50,50.70,121.07,0.5558,-1,-1,-1
42,13,1082.48,455.18,49.47,140.73,0.3295,-1,-1,-1
43,1,1653.74,402.90,269.17,480.90,0.8501,-1,-1,-1
43,2,615.28,443.34,89.95,271.82,0.7886,-1,-1,-1
43,3,470.12,446.10,121.83,306.42,0.6241,-1,-1,-1
43,4,1852.09,393.48,68.71,425.84,0.5920,-1,-1,-1
43,5,701.55,448.57,41.14,127.01,0.1798,-1,-1,-1
43,10,1256.92,427.17,42.00,118.36,0.4712,-1,-1,-1
43,12,1469.63,433.55,51.57,121.75,0.5799,-1,-1,-1
43,13,1083.05,451.52,49.30,145.87,0.2818,-1,-1,-1
44,1,1664.85,396.13,255.66,485.23,0.8458,-1,-1,-1
44,2,615.60,443.57,90.58,271.40,0.7992,-1,-1,-1
44,3,468.98,446.14,123.77,312.17,0.6486,-1,-1,-1
44,4,1863.61,410.11,56.75,405.77,0.4901,-1,-1,-1
44,5,702.02,447.68,39.43,130.24,0.2387,-1,-1,-1
44,10,1256.94,426.72,42.04,118.93,0.4573,-1,-1,-1
44,12,1472.62,434.90,50.10,120.66,0.5326,-1,-1,-1
44,13,1082.84,450.57,49.52,147.54,0.3550,-1,-1,-1
45,1,1684.65,394.14,232.48,485.24,0.7946,-1,-1,-1
45,2,616.58,443.11,90.95,271.52,0.7777,-1,-1,-1
45,3,468.01,444.23,123.65,314.77,0.6357,-1,-1,-1
45,4,1870.45,420.25,49.60,395.10,0.3503,-1,-1,-1
45,5,699.29,451.90,50.86,180.23,0.3503,-1,-1,-1
45,10,1257.61,425.90,42.19,119.66,0.4573,-1,-1,-1
45,12,1477.78,433.99,44.44,121.28,0.4938,-1,-1,-1
45,13,1081.82,449.58,50.57,148.64,0.3824,-1,-1,-1
46,1,1708.36,392.26,211.88,487.44,0.6319,-1,-1,-1
46,2,617.21,442.38,93.08,272.39,0.7591,-1,-1,-1
46,3,466.42,444.78,125.94,318.03,0.6338,-1,-1,-1
46,4,1877.80,401.96,42.06,427.90,0.3963,-1,-1,-1
46,5,696.66,450.67,56.36,200.78,0.2501,-1,-1,-1
46,10,1258.25,424.23,42.33,121.36,0.4613,-1,-1,-1
46,12,1483.52,434.98,37.76,119.87,0.5208,-1,-1,-1
46,13,1081.58,449.05,50.47,148.21,0.3022,-1,-1,-1
47,1,1757.65,387.15,162.09,493.69,0.7059,-1,-1,-1
47,2,617.18,441.74,93.11,272.75,0.7759,-1,-1,-1
47,3,464.74,444.44,127.61,320.14,0.6297,-1,-1,-1
47,5,696.06,453.43,57.44,206.41,0.5477,-1,-1,-1
47,10,1258.67,423.96,43.02,121.33,0.4921,-1,-1,-1
47,12,1488.23,432.57,34.34,120.72,0.5143,-1,-1,-1
47,13,1080.61,449.90,51.30,146.71,0.2798,-1,-1,-1
48,1,1775.44,386.09,145.09,492.03,0.7899,-1,-1,-1
48,2,618.44,441.27,93.55,272.59,0.7453,-1,-1,-1
48,3,468.21,443.93,123.53,319.41,0.6478,-1,-1,-1
48,5,697.07,453.18,61.24,210.05,0.3822,-1,-1,-1
48,10,1259.07,425.97,41.50,119.21,0.4474,-1,-1,-1
48,12,1494.96,437.02,31.12,116.15,0.2994,-1,-1,-1
48,13,1080.12,453.17,51.97,143.01,0.2935,-1,-1,-1
49,1,1795.74,385.23,125.41,492.86,0.8007,-1,-1,-1
49,2,619.10,441.23,94.11,272.06,0.7551,-1,-1,-1
49,3,470.62,444.22,120.58,318.46,0.6377,-1,-1,-1
49,5,697.59,454.30,63.42,210.69,0.4384,-1,-1,-1
49,10,1259.29,431.78,40.83,114.73,0.4593,-1,-1,-1
49,13,1079.75,458.18,52.06,137.66,0.2697,-1,-1,-1
50,1,1810.34,385.17,111.09,496.60,0.8414,-1,-1,-1
50,2,618.54,441.52,97.64,272.23,0.7557,-1,-1,-1
50,3,465.83,443.77,124.15,317.09,0.6202,-1,-1,-1
50,5,700.76,452.14,64.36,213.41,0.3771,-1,-1,-1
50,10,1259.60,436.28,39.60,110.70,0.4423,-1,-1,-1
50,13,1079.26,453.83,52.97,141.88,0.2753,-1,-1,-1
50,12,1499.40,437.27,37.55,118.44,0.3530,-1,-1,-1
51,1,1818.87,383.91,101.65,498.79,0.8291,-1,-1,-1
51,2,618.72,441.45,99.41,272.33,0.7625,-1,-1,-1
51,3,455.85,443.46,133.74,315.51,0.6074,-1,-1,-1
51,5,701.23,455.95,66.17,209.94,0.3362,-1,-1,-1
51,10,1259.73,435.49,39.51,111.59,0.4812,-1,-1,-1
51,13,1078.40,453.47,54.19,141.93,0.2878,-1,-1,-1
51,14,582.19,439.58,50.09,145.34,0.3439,-1,-1,-1
51,12,1500.87,438.19,41.22,116.87,0.4200,-1,-1,-1
52,1,1826.98,385.10,92.96,495.76,0.8109,-1,-1,-1
52,2,619.73,442.30,99.17,271.63,0.7491,-1,-1,-1
52,3,463.40,444.45,127.29,315.21,0.6583,-1,-1,-1
52,5,701.32,456.44,68.79,209.37,0.3014,-1,-1,-1
52,10,1259.67,433.33,38.71,112.84,0.4705,-1,-1,-1
52,13,1079.44,453.01,53.13,142.14,0.3608,-1,-1,-1
52,14,587.32,444.02,46.72,140.41,0.3522,-1,-1,-1
52,12,1501.67,437.22,45.13,118.21,0.4076,-1,-1,-1
53,1,1829.21,383.94,90.76,499.88,0.7787,-1,-1,-1
53,2,620.78,443.18,97.42,270.47,0.7479,-1,-1,-1
53,3,463.72,445.79,127.60,313.04,0.6521,-1,-1,-1
53,5,696.07,455.19,70.31,209.67,0.4763,-1,-1,-1
53,10,1259.52,431.25,40.11,114.75,0.5284,-1,-1,-1
53,13,1081.18,451.91,51.73,142.61,0.2596,-1,-1,-1
53,14,590.65,448.72,44.49,135.72,0.3016,-1,-1,-1
53,12,1501.31,434.50,50.62,120.67,0.3675,-1,-1,-1
53,15,1523.70,434.39,37.14,117.81,0.3648,-1,-1,-1
54,1,1825.91,388.62,94.43,497.79,0.7337,-1,-1,-1
54,2,622.84,442.76,96.52,271.81,0.7377,-1,-1,-1
54,3,466.58,445.91,125.36,313.96,0.6934,-1,-1,-1
54,5,694.05,453.50,77.35,210.86,0.3682,-1,-1,-1
54,10,1259.49,430.60,40.20,115.03,0.5063,-1,-1,-1
54,13,1081.83,453.82,50.51,140.42,0.2676,-1,-1,-1
54,14,589.83,448.56,45.51,135.88,0.2939,-1,-1,-1
54,12,1501.30,440.58,52.35,114.45,0.2749,-1,-1,-1
54,15,1526.67,441.33,35.48,111.83,0.4731,-1,-1,-1
55,1,1825.73,411.23,94.73,476.45,0.7186,-1,-1,-1
55,2,623.55,442.21,93.62,272.69,0.7448,-1,-1,-1
55,3,469.25,445.30,122.22,315.01,0.7045,-1,-1,-1
55,5,692.97,455.10,76.76,209.38,0.3818,-1,-1,-1
55,10,1259.66,429.80,40.29,116.07,0.5005,-1,-1,-1
55,13,1082.02,454.23,50.04,139.95,0.2879,-1,-1,-1
55,14,587.49,449.18,47.57,134.95,0.3505,-1,-1,-1
55,12,1500.71,438.55,53.10,115.55,0.3274,-1,-1,-1
55,15,1529.57,438.31,36.59,114.43,0.4749,-1,-1,-1
56,1,1827.26,429.17,92.76,458.43,0.5919,-1,-1,-1
56,2,623.82,441.68,92.80,273.32,0.7329,-1,-1,-1
56,3,471.56,445.43,119.84,314.41,0.7116,-1,-1,-1
56,5,694.24,455.65,71.21,208.44,0.4708,-1,-1,-1
56,10,1259.91,427.27,40.51,118.30,0.5103,-1,-1,-1
56,13,1082.26,455.18,50.09,139.33,0.3269,-1,-1,-1
56,14,585.78,447.02,49.30,136.75,0.3661,-1,-1,-1
56,12,1500.23,440.30,48.44,112.88,0.2924,-1,-1,-1
56,15,1531.63,441.43,35.08,111.09,0.4985,-1,-1,-1
57,1,1829.65,407.86,90.18,479.64,0.3788,-1,-1,-1
57,2,623.92,442.33,91.26,272.95,0.7314,-1,-1,-1
57,3,470.92,446.69,120.90,313.11,0.6682,-1,-1,-1
57,5,694.37,455.54,70.12,210.48,0.5811,-1,-1,-1
57,10,1260.20,430.62,40.00,114.62,0.5175,-1,-1,-1
57,13,1083.08,455.93,49.15,138.48,0.2474,-1,-1,-1
57,14,583.99,443.07,48.74,141.65,0.4223,-1,-1,-1
57,12,1500.79,440.13,45.97,111.67,0.1554,-1,-1,-1
57,15,1533.46,438.59,35.21,113.53,0.4886,-1,-1,-1
58,1,1831.36,429.65,88.44,457.38,0.3319,-1,-1,-1
58,2,625.52,443.35,92.58,271.82,0.7337,-1,-1,-1
58,3,473.17,445.78,119.31,312.57,0.6648,-1,-1,-1
58,5,694.98,465.47,69.01,203.31,0.2244,-1,-1,-1
58,10,1260.54,432.24,40.44,113.11,0.5224,-1,-1,-1
58,13,1084.33,460.31,47.71,133.79,0.2559,-1,-1,-1
58,14,583.08,445.98,48.20,139.02,0.3945,-1,-1,-1
58,15,1534.25,436.35,34.09,115.84,0.4184,-1,-1,-1
59,1,1833.81,504.08,85.91,382.11,0.2094,-1,-1,-1
59,2,626.32,443.04,92.63,271.96,0.7172,-1,-1,-1
59,3,474.55,443.97,119.50,315.66,0.7116,-1,-1,-1
59,5,696.28,461.92,69.51,209.71,0.4736,-1,-1,-1
59,10,1260.30,432.64,42.20,112.63,0.5377,-1,-1,-1
59,13,1084.93,466.70,46.56,127.10,0.2037,-1,-1,-1
59,14,583.80,448.52,49.01,135.55,0.3648,-1,-1,-1
59,15,1536.75,434.72,32.92,118.28,0.3591,-1,-1,-1
60,1,1839.68,435.52,80.12,449.23,0.1651,-1,-1,-1
60,2,625.85,443.15,92.92,274.04,0.7132,-1,-1,-1
60,3,473.55,442.16,125.07,318.32,0.7233,-1,-1,-1
60,5,697.32,457.76,69.02,215.02,0.5750,-1,-1,-1
60,10,1260.03,434.45,42.39,111.32,0.5482,-1,-1,-1
60,13,1084.74,464.89,46.61,128.98,0.2499,-1,-1,-1
60,14,584.01,450.25,49.77,133.66,0.3243,-1,-1,-1
60,15,1537.58,429.89,33.11,122.21,0.2521,-1,-1,-1
61,2,624.95,443.63,93.54,276.42,0.7075,-1,-1,-1
61,3,473.76,443.16,131.56,316.80,0.6856,-1,-1,-1
61,5,698.71,456.46,68.31,217.11,0.5448,-1,-1,-1
61,10,1259.66,430.00,42.56,115.78,0.5334,-1,-1,-1
61,13,1084.15,456.79,47.81,137.67,0.3025,-1,-1,-1
61,14,584.52,454.31,46.85,130.33,0.2861,-1,-1,-1
61,15,1543.47,431.08,33.38,118.10,0.2597,-1,-1,-1
62,2,624.18,444.48,91.65,275.77,0.7224,-1,-1,-1
62,3,478.16,442.92,134.79,318.20,0.7249,-1,-1,-1
62,5,698.77,454.73,67.72,219.18,0.6201,-1,-1,-1
62,10,1259.50,430.25,41.44,115.21,0.5512,-1,-1,-1
62,13,1086.58,444.79,46.04,150.40,0.1812,-1,-1,-1
62,14,587.07,457.01,45.26,127.85,0.2783,-1,-1,-1
62,15,1547.35,437.07,32.81,111.93,0.2707,-1,-1,-1
63,2,621.51,444.01,92.99,278.97,0.7393,-1,-1,-1
63,3,479.17,441.15,138.14,319.68,0.7251,-1,-1,-1
63,5,697.33,457.28,69.35,216.21,0.6620,-1,-1,-1
63,10,1259.61,431.09,40.71,113.90,0.5324,-1,-1,-1
63,13,1087.37,439.91,45.49,155.68,0.2182,-1,-1,-1
63,14,584.72,456.42,46.27,128.73,0.2196,-1,-1,-1
64,2,619.78,444.22,93.21,278.78,0.7432,-1,-1,-1
64,3,483.02,441.85,139.04,318.90,0.7205,-1,-1,-1
64,5,696.95,453.53,69.69,220.74,0.6377,-1,-1,-1
64,10,1259.41,433.20,40.25,111.17,0.5248,-1,-1,-1
64,13,1087.71,439.09,44.36,155.65,0.2171,-1,-1,-1
64,14,583.13,451.88,47.71,133.96,0.1953,-1,-1,-1
65,2,619.34,446.48,92.61,277.11,0.7429,-1,-1,-1
65,3,491.98,444.44,134.72,316.95,0.7891,-1,-1,-1
65,5,696.20,450.86,69.38,225.42,0.6806,-1,-1,-1
65,10,1259.16,437.34,40.23,107.17,0.5287,-1,-1,-1
65,13,1086.75,436.30,46.57,158.15,0.3378,-1,-1,-1
66,2,620.12,447.70,91.34,276.19,0.7595,-1,-1,-1
66,3,494.99,446.53,138.34,317.04,0.7284,-1,-1,-1
66,5,697.46,452.36,69.19,224.33,0.6783,-1,-1,-1
66,10,1259.01,438.88,40.37,105.77,0.5299,-1,-1,-1
66,13,1088.68,437.01,44.79,139.53,0.2598,-1,-1,-1
67,2,619.43,447.43,92.22,275.49,0.7469,-1,-1,-1
67,3,490.02,447.16,146.48,320.74,0.6449,-1,-1,-1
67,5,698.01,453.24,70.69,224.42,0.6747,-1,-1,-1
67,10,1259.87,440.92,39.07,103.45,0.5143,-1,-1,-1
67,13,1092.34,437.60,41.01,127.93,0.2016,-1,-1,-1
67,15,1544.08,423.31,40.16,127.58,0.4049,-1,-1,-1
68,2,617.05,446.69,95.11,275.46,0.7347,-1,-1,-1
68,3,488.57,448.53,150.62,318.49,0.6441,-1,-1,-1
68,5,699.28,454.82,71.14,221.93,0.6769,-1,-1,-1
68,10,1259.98,437.55,39.29,106.98,0.4908,-1,-1,-1
68,13,1088.44,436.35,45.55,148.90,0.3227,-1,-1,-1
68,15,1544.32,427.69,40.08,123.78,0.3741,-1,-1,-1
69,2,614.97,446.89,96.94,275.26,0.7571,-1,-1,-1
69,3,488.84,446.92,153.42,320.45,0.6178,-1,-1,-1
69,5,698.16,456.00,72.32,221.52,0.6660,-1,-1,-1
69,10,1259.93,437.16,39.19,107.28,0.5127,-1,-1,-1
69,13,1087.81,436.78,46.26,154.84,0.2474,-1,-1,-1
69,15,1542.86,422.41,42.97,129.41,0.4737,-1,-1,-1
70,2,612.12,446.19,99.57,275.17,0.7602,-1,-1,-1
70,3,491.58,444.32,150.57,322.10,0.7277,-1,-1,-1
70,5,698.23,457.27,72.04,220.81,0.6304,-1,-1,-1
70,10,1259.76,437.75,39.15,106.70,0.5124,-1,-1,-1
70,13,1086.79,436.89,47.31,156.98,0.2492,-1,-1,-1
70,15,1542.74,420.34,45.57,132.16,0.5866,-1,-1,-1
71,2,611.14,445.77,100.02,276.06,0.7686,-1,-1,-1
71,3,495.97,443.37,147.40,323.61,0.7339,-1,-1,-1
71,5,698.52,458.51,69.53,220.32,0.5866,-1,-1,-1
71,10,1259.67,437.38,39.21,107.11,0.5172,-1,-1,-1
71,13,1090.65,439.01,43.43,145.71,0.1613,-1,-1,-1
71,15,1542.56,420.07,47.13,132.80,0.5760,-1,-1,-1
72,2,611.82,444.80,98.37,277.15,0.7655,-1,-1,-1
72,3,498.22,443.79,145.66,323.44,0.7412,-1,-1,-1
72,5,698.92,458.49,70.25,221.30,0.5837,-1,-1,-1
72,10,1259.68,432.16,39.95,112.31,0.5145,-1,-1,-1
72,13,1089.78,437.66,44.06,153.05,0.2423,-1,-1,-1
72,15,1542.75,420.08,46.73,132.64,0.5699,-1,-1,-1
73,2,614.26,443.90,96.32,278.02,0.7676,-1,-1,-1
73,3,501.97,444.43,142.07,323.50,0.7758,-1,-1,-1
73,5,700.07,458.46,70.85,220.77,0.5996,-1,-1,-1
73,10,1259.79,431.25,40.23,112.97,0.5074,-1,-1,-1
73,13,1083.22,439.91,49.06,153.27,0.2789,-1,-1,-1
73,15,1544.92,419.09,44.98,133.21,0.5323,-1,-1,-1
74,2,617.63,442.86,92.88,280.10,0.7757,-1,-1,-1
74,3,506.02,444.18,139.96,326.28,0.7379,-1,-1,-1
74,5,701.51,455.86,74.78,222.35,0.5739,-1,-1,-1
74,10,1260.19,429.06,40.50,115.48,0.5172,-1,-1,-1
74,13,1079.05,441.03,51.90,153.52,0.3236,-1,-1,-1
74,15,1545.85,418.75,42.46,131.19,0.2979,-1,-1,-1
75,2,619.65,441.01,89.43,282.44,0.7706,-1,-1,-1
75,3,507.13,442.67,138.94,326.34,0.7339,-1,-1,-1
75,5,702.28,454.97,75.90,221.98,0.6329,-1,-1,-1
75,10,1259.72,428.35,40.94,116.70,0.5276,-1,-1,-1
75,13,1078.71,439.56,53.12,156.64,0.3294,-1,-1,-1
76,2,621.74,441.36,87.20,282.09,0.7708,-1,-1,-1
76,3,512.38,445.34,132.24,321.82,0.7659,-1,-1,-1
76,5,702.39,452.08,79.29,224.72,0.6644,-1,-1,-1
76,10,1259.79,427.84,41.25,117.03,0.5213,-1,-1,-1
76,13,1076.83,440.50,53.80,154.94,0.3032,-1,-1,-1
77,2,622.52,441.09,85.27,283.85,0.7672,-1,-1,-1
77,3,517.38,446.54,127.07,320.32,0.7638,-1,-1,-1
77,5,701.71,448.33,82.89,228.39,0.6311,-1,-1,-1
77,10,1259.86,427.64,41.27,117.12,0.5267,-1,-1,-1
77,13,1075.96,440.93,54.38,154.36,0.2716,-1,-1,-1
78,2,626.61,441.40,81.59,281.91,0.7763,-1,-1,-1
78,3,517.08,445.69,126.85,321.60,0.7205,-1,-1,-1
78,5,702.37,451.39,86.15,225.93,0.6610,-1,-1,-1
78,10,1260.76,438.59,40.02,105.75,0.4773,-1,-1,-1
78,13,1075.58,448.97,54.73,146.23,0.2534,-1,-1,-1
79,2,629.16,440.62,78.93,282.34,0.7683,-1,-1,-1
79,3,515.96,446.08,127.37,322.47,0.5523,-1,-1,-1
79,5,703.82,455.64,90.95,221.51,0.6625,-1,-1,-1
79,10,1260.91,438.88,40.44,105.46,0.4630,-1,-1,-1
79,13,1075.73,457.83,53.61,138.06,0.2225,-1,-1,-1
80,2,630.26,439.70,79.26,283.79,0.7412,-1,-1,-1
80,3,511.58,445.78,133.45,324.72,0.5070,-1,-1,-1
80,5,706.23,457.55,95.19,220.08,0.7267,-1,-1,-1
80,10,1260.94,437.29,40.92,107.09,0.4883,-1,-1,-1
80,13,1072.70,462.83,55.59,133.47,0.1594,-1,-1,-1
81,2,631.53,437.30,80.46,287.73,0.7146,-1,-1,-1
81,3,508.44,445.57,137.90,327.69,0.4905,-1,-1,-1
81,5,707.62,458.29,98.57,220.27,0.7116,-1,-1,-1
81,10,1260.96,435.43,41.15,108.90,0.4970,-1,-1,-1
81,13,1070.45,459.51,57.78,136.93,0.1742,-1,-1,-1
82,2,632.55,438.59,79.73,288.26,0.6814,-1,-1,-1
82,3,540.85,446.89,105.71,331.04,0.5208,-1,-1,-1
82,5,708.33,458.60,103.47,220.55,0.7306,-1,-1,-1
82,10,1261.13,438.47,40.73,106.14,0.5000,-1,-1,-1
82,13,1074.86,456.95,54.31,139.47,0.2732,-1,-1,-1
82,17,487.99,447.85,51.66,132.07,0.3795,-1,-1,-1
83,2,633.57,440.40,80.34,288.26,0.6484,-1,-1,-1
83,3,558.91,445.21,88.10,335.17,0.4476,-1,-1,-1
83,5,710.42,458.29,104.92,222.17,0.7128,-1,-1,-1
83,10,1261.64,435.34,41.29,109.52,0.4573,-1,-1,-1
83,13,1078.68,448.30,53.95,148.51,0.3024,-1,-1,-1
83,17,489.40,448.19,50.06,128.01,0.3089,-1,-1,-1
83,18,501.78,450.91,100.47,302.58,0.5310,-1,-1,-1
84,2,633.18,441.89,85.25,288.33,0.5866,-1,-1,-1
84,3,565.47,443.07,83.48,338.70,0.5377,-1,-1,-1
84,5,711.67,459.99,107.78,221.17,0.7028,-1,-1,-1
84,10,1262.21,435.63,40.62,109.42,0.4270,-1,-1,-1
84,13,1077.86,451.88,53.71,144.58,0.2702,-1,-1,-1
84,17,487.99,448.59,50.69,131.28,0.3263,-1,-1,-1
84,18,505.98,451.31,95.56,292.99,0.4673,-1,-1,-1
85,2,632.66,443.58,86.72,288.13,0.5711,-1,-1,-1
85,3,559.71,439.71,89.27,344.94,0.4759,-1,-1,-1
85,5,716.59,458.76,104.48,223.63,0.7238,-1,-1,-1
85,10,1262.99,439.07,39.83,105.79,0.3931,-1,-1,-1
85,13,1078.84,455.42,52.53,140.97,0.3130,-1,-1,-1
85,17,487.18,448.17,52.62,133.36,0.3928,-1,-1,-1
85,18,509.86,451.84,93.32,299.03,0.4013,-1,-1,-1
86,2,632.60,444.10,91.47,288.49,0.5456,-1,-1,-1
86,3,555.02,440.49,91.17,343.82,0.3968,-1,-1,-1
86,5,719.30,457.28,102.15,225.32,0.7347,-1,-1,-1
86,10,1263.41,440.09,39.37,104.49,0.4200,-1,-1,-1
86,13,1081.75,457.82,49.11,138.47,0.2342,-1,-1,-1
86,17,488.18,448.95,52.46,134.86,0.4018,-1,-1,-1
86,18,514.84,452.32,91.81,304.04,0.4522,-1,-1,-1
87,2,634.32,443.81,90.26,288.58,0.5310,-1,-1,-1
87,3,552.07,440.92,94.79,343.33,0.4050,-1,-1,-1
87,5,720.37,456.38,101.71,225.45,0.7198,-1,-1,-1
87,10,1262.87,434.45,39.51,109.69,0.4075,-1,-1,-1
87,17,488.19,450.57,51.07,134.11,0.3494,-1,-1,-1
87,18,515.24,452.56,93.43,307.60,0.4478,-1,-1,-1
88,2,635.99,446.11,93.08,286.61,0.5827,-1,-1,-1
88,3,555.09,441.08,93.88,342.72,0.4498,-1,-1,-1
88,5,723.18,454.35,99.37,227.70,0.6862,-1,-1,-1
88,10,1262.75,431.52,40.03,112.60,0.4245,-1,-1,-1
88,17,487.34,450.51,57.41,138.77,0.2512,-1,-1,-1
88,18,514.65,451.51,94.63,308.23,0.4861,-1,-1,-1
88,19,590.11,449.49,72.91,280.67,0.3929,-1,-1,-1
89,2,638.41,448.72,93.68,284.53,0.5881,-1,-1,-1
89,3,562.99,443.18,86.50,340.03,0.4145,-1,-1,-1
89,5,724.59,452.10,99.02,230.17,0.7351,-1,-1,-1
89,10,1262.58,431.22,40.59,113.22,0.4326,-1,-1,-1
89,17,486.14,450.72,54.92,136.84,0.2745,-1,-1,-1
89,18,511.50,450.66,95.75,307.24,0.5514,-1,-1,-1
89,19,588.72,450.15,74.03,280.23,0.4552,-1,-1,-1
90,2,641.67,446.62,90.65,286.19,0.6022,-1,-1,-1
90,3,564.15,440.33,85.27,343.59,0.3946,-1,-1,-1
90,5,728.10,451.74,96.24,230.67,0.7265,-1,-1,-1
90,10,1262.19,434.59,40.89,109.66,0.4309,-1,-1,-1
90,17,486.57,449.68,58.17,166.12,0.2487,-1,-1,-1
90,18,514.44,449.34,95.73,306.34,0.5634,-1,-1,-1
90,19,591.11,449.27,72.76,281.11,0.4331,-1,-1,-1
91,2,643.62,443.27,91.75,290.68,0.6814,-1,-1,-1
91,3,577.35,444.18,82.59,305.70,0.5621,-1,-1,-1
91,5,731.61,453.39,93.23,229.06,0.6912,-1,-1,-1
91,10,1261.69,436.99,39.07,108.43,0.3939,-1,-1,-1
91,17,486.98,450.80,54.39,149.63,0.2198,-1,-1,-1
91,18,513.43,449.19,97.22,301.07,0.6319,-1,-1,-1
91,19,584.65,447.06,79.90,284.33,0.5621,-1,-1,-1
91,13,1074.81,462.76,56.41,132.81,0.3910,-1,-1,-1
92,2,642.76,439.52,94.53,294.93,0.6772,-1,-1,-1
92,3,571.81,437.88,81.51,340.15,0.4848,-1,-1,-1
92,5,732.83,453.98,93.16,228.19,0.6874,-1,-1,-1
92,10,1260.69,436.65,39.64,108.97,0.4563,-1,-1,-1
92,17,487.15,450.76,53.13,141.78,0.2129,-1,-1,-1
92,18,512.07,448.24,98.49,301.98,0.6139,-1,-1,-1
92,19,582.89,445.68,82.02,286.22,0.4986,-1,-1,-1
92,13,1075.87,459.01,55.31,135.53,0.3438,-1,-1,-1
93,2,641.80,438.69,96.54,296.06,0.6733,-1,-1,-1
93,3,572.09,435.87,78.81,353.22,0.4810,-1,-1,-1
93,5,735.27,456.53,91.97,225.26,0.7076,-1,-1,-1
93,10,1260.36,436.12,39.78,109.53,0.4624,-1,-1,-1
93,17,488.04,450.89,50.78,139.26,0.1824,-1,-1,-1
93,18,511.97,447.89,99.01,302.65,0.6227,-1,-1,-1
93,19,583.56,445.54,81.37,286.42,0.4922,-1,-1,-1
93,13,1076.42,458.71,55.14,136.15,0.4071,-1,-1,-1
94,2,643.48,439.44,95.08,297.30,0.7237,-1,-1,-1
94,3,568.07,434.50,81.95,360.98,0.4398,-1,-1,-1
94,5,737.89,454.88,91.31,226.86,0.7048,-1,-1,-1
94,10,1260.26,436.95,39.97,108.82,0.4625,-1,-1,-1
94,18,515.34,448.44,95.40,302.72,0.5699,-1,-1,-1
94,19,588.43,446.06,75.94,287.36,0.4786,-1,-1,-1
94,13,1076.00,462.75,54.67,132.19,0.3343,-1,-1,-1
95,2,643.28,439.92,97.43,297.95,0.7413,-1,-1,-1
95,3,561.90,433.50,87.14,365.37,0.4046,-1,-1,-1
95,5,740.09,452.99,90.16,229.71,0.6683,-1,-1,-1
95,10,1258.71,435.92,41.67,110.16,0.5238,-1,-1,-1
95,18,513.29,448.24,96.83,302.32,0.5600,-1,-1,-1
95,19,587.51,446.30,77.16,283.70,0.4523,-1,-1,-1
95,13,1075.28,467.08,54.42,127.72,0.1937,-1,-1,-1
96,2,642.65,440.90,98.31,297.42,0.7595,-1,-1,-1
96,3,551.85,438.28,102.32,362.21,0.3816,-1,-1,-1
96,5,744.08,454.46,87.69,228.68,0.6825,-1,-1,-1
96,10,1258.15,435.22,41.71,111.18,0.4772,-1,-1,-1
96,18,510.50,447.09,97.90,303.69,0.5007,-1,-1,-1
96,19,587.04,446.37,78.19,280.77,0.4054,-1,-1,-1
97,2,644.28,441.34,98.08,296.87,0.7520,-1,-1,-1
97,3,536.82,443.94,119.60,350.37,0.3685,-1,-1,-1
97,5,747.15,455.76,87.62,229.17,0.6975,-1,-1,-1
97,10,1257.99,433.51,41.37,112.62,0.4491,-1,-1,-1
97,18,509.26,446.59,98.96,303.63,0.5032,-1,-1,-1
97,19,586.09,446.30,78.73,281.00,0.3891,-1,-1,-1
98,2,645.99,442.29,98.76,296.15,0.7792,-1,-1,-1
98,3,545.61,441.87,117.13,356.19,0.5219,-1,-1,-1
98,5,751.01,457.41,87.43,228.59,0.7152,-1,-1,-1
98,10,1257.54,436.69,41.99,109.76,0.5486,-1,-1,-1
98,18,506.54,446.50,100.47,304.61,0.5049,-1,-1,-1
98,19,585.73,446.26,79.70,293.86,0.1561,-1,-1,-1
99,2,647.23,442.59,99.41,295.89,0.7606,-1,-1,-1
99,3,556.52,442.91,108.78,356.59,0.5669,-1,-1,-1
99,5,751.55,456.67,89.06,229.66,0.7761,-1,-1,-1
99,10,1257.78,439.37,41.09,107.14,0.5311,-1,-1,-1
99,18,502.27,444.72,104.96,305.07,0.5339,-1,-1,-1
99,19,570.74,444.31,95.23,335.15,0.5669,-1,-1,-1
100,2,648.29,442.11,100.99,296.91,0.6840,-1,-1,-1
100,3,566.32,443.96,101.04,354.80,0.5904,-1,-1,-1
100,5,753.67,454.52,87.00,231.74,0.7635,-1,-1,-1
100,10,1257.89,441.12,40.50,105.64,0.5535,-1,-1,-1
100,18,498.53,441.26,105.29,304.30,0.5654,-1,-1,-1
100,19,570.38,444.20,96.84,348.80,0.5904,-1,-1,-1
101,2,648.39,442.50,104.23,296.87,0.7108,-1,-1,-1
101,3,562.66,442.70,106.56,358.17,0.6094,-1,-1,-1
101,5,755.11,455.59,85.39,232.15,0.7579,-1,-1,-1
101,10,1257.80,441.73,39.74,105.00,0.5546,-1,-1,-1
101,18,496.56,442.27,108.53,305.26,0.5476,-1,-1,-1
101,19,563.38,442.59,105.44,358.10,0.6094,-1,-1,-1
102,2,650.09,441.89,103.36,294.44,0.7176,-1,-1,-1
102,3,564.81,443.79,104.84,358.26,0.6214,-1,-1,-1
102,5,754.82,456.58,87.60,231.09,0.7433,-1,-1,-1
102,10,1256.91,441.00,37.78,105.93,0.5570,-1,-1,-1
102,18,497.20,441.17,104.28,305.46,0.5780,-1,-1,-1
102,19,564.01,443.50,105.17,360.41,0.6214,-1,-1,-1
103,2,650.95,440.89,105.63,294.54,0.7067,-1,-1,-1
103,3,566.12,444.23,105.52,358.32,0.5751,-1,-1,-1
103,5,754.51,457.07,87.57,228.73,0.7246,-1,-1,-1
103,10,1257.88,442.73,37.27,104.02,0.4840,-1,-1,-1
103,18,498.21,443.30,101.28,302.54,0.5501,-1,-1,-1
103,19,564.87,443.90,106.29,361.10,0.5751,-1,-1,-1
104,2,653.57,440.54,105.54,295.64,0.7207,-1,-1,-1
104,3,552.81,440.73,120.14,361.94,0.6641,-1,-1,-1
104,5,755.41,457.78,87.36,229.45,0.7326,-1,-1,-1
104,10,1256.80,442.54,36.65,104.80,0.4853,-1,-1,-1
104,18,498.81,444.71,106.08,305.46,0.3812,-1,-1,-1
104,19,551.76,440.48,120.74,364.70,0.6641,-1,-1,-1
105,2,655.40,439.97,105.74,297.30,0.7537,-1,-1,-1
105,3,541.57,437.87,132.59,363.67,0.7286,-1,-1,-1
105,5,758.62,459.32,85.61,231.73,0.7589,-1,-1,-1
105,10,1256.71,442.86,36.62,104.59,0.4586,-1,-1,-1
105,18,500.67,445.96,106.00,306.30,0.2072,-1,-1,-1
105,19,540.54,437.66,133.19,366.29,0.7286,-1,-1,-1
106,2,656.89,441.24,105.94,295.40,0.7511,-1,-1,-1
106,3,535.88,438.17,139.65,363.65,0.6724,-1,-1,-1
106,5,760.08,459.05,85.40,233.70,0.7376,-1,-1,-1
106,10,1255.58,442.40,38.16,105.76,0.4402,-1,-1,-1
106,18,500.92,444.22,106.25,308.41,0.2751,-1,-1,-1
106,19,534.87,437.96,140.25,366.05,0.6724,-1,-1,-1
107,2,658.19,441.22,108.77,295.28,0.7627,-1,-1,-1
107,3,533.91,438.51,143.99,362.87,0.6664,-1,-1,-1
107,5,761.84,459.57,85.10,235.26,0.7348,-1,-1,-1
107,10,1255.84,444.75,34.19,101.87,0.3549,-1,-1,-1
107,18,501.70,446.48,107.01,306.59,0.2596,-1,-1,-1
107,19,532.96,438.31,144.57,365.04,0.6664,-1,-1,-1
108,2,659.95,439.29,107.10,296.30,0.7569,-1,-1,-1
108,3,536.83,437.33,143.36,366.06,0.6895,-1,-1,-1
108,5,761.23,455.88,87.32,242.03,0.7147,-1,-1,-1
108,10,1257.30,445.14,35.85,102.97,0.2843,-1,-1,-1
108,18,502.19,447.61,107.69,306.79,0.2161,-1,-1,-1
108,19,535.91,437.16,143.93,367.96,0.6895,-1,-1,-1
109,2,660.83,438.54,108.35,298.21,0.7368,-1,-1,-1
109,3,539.10,437.11,144.50,367.49,0.6967,-1,-1,-1
109,5,762.06,455.29,87.66,243.52,0.6722,-1,-1,-1
109,10,1256.02,447.57,32.45,99.29,0.2317,-1,-1,-1
109,18,503.85,460.37,93.65,289.77,0.2203,-1,-1,-1
109,19,538.26,436.96,145.02,369.19,0.6967,-1,-1,-1
110,2,662.17,437.91,105.46,301.04,0.7534,-1,-1,-1
110,3,540.10,437.82,145.57,367.55,0.6860,-1,-1,-1
110,5,761.22,456.76,88.96,242.56,0.7076,-1,-1,-1
110,10,1255.85,447.07,39.41,100.63,0.2469,-1,-1,-1
110,18,504.48,459.92,88.92,288.90,0.2866,-1,-1,-1
110,19,539.34,437.68,146.05,369.07,0.6860,-1,-1,-1
111,2,662.87,437.86,106.63,305.17,0.7663,-1,-1,-1
111,3,540.23,440.11,148.47,367.00,0.6626,-1,-1,-1
111,5,761.02,455.83,88.90,243.18,0.7134,-1,-1,-1
111,10,1250.07,442.05,36.48,104.23,0.4356,-1,-1,-1
111,18,503.81,451.70,90.42,295.91,0.3627,-1,-1,-1
111,19,539.55,439.98,148.90,368.34,0.6626,-1,-1,-1
112,2,665.54,437.88,105.34,306.70,0.7777,-1,-1,-1
112,3,540.47,437.66,147.98,368.50,0.6822,-1,-1,-1
112,5,761.48,452.87,88.32,246.81,0.7238,-1,-1,-1
112,10,1245.81,440.32,37.19,105.92,0.4787,-1,-1,-1
112,18,505.52,450.27,86.44,297.05,0.2020,-1,-1,-1
112,19,539.84,437.55,148.37,369.69,0.6822,-1,-1,-1
113,2,666.89,437.85,105.93,311.95,0.7861,-1,-1,-1
113,3,546.61,436.17,141.48,370.21,0.6970,-1,-1,-1
113,5,763.37,451.71,87.10,247.81,0.7145,-1,-1,-1
113,10,1244.81,440.53,36.30,105.64,0.4759,-1,-1,-1
113,19,546.04,436.08,141.85,371.25,0.6970,-1,-1,-1
113,13,1075.90,441.77,56.93,155.38,0.3533,-1,-1,-1
114,2,668.69,438.89,103.56,314.71,0.7899,-1,-1,-1
114,3,540.33,434.66,148.73,371.60,0.6817,-1,-1,-1
114,5,764.64,453.22,87.54,245.72,0.7038,-1,-1,-1
114,10,1243.48,440.83,36.48,104.65,0.5743,-1,-1,-1
114,19,539.86,434.58,149.03,372.52,0.6817,-1,-1,-1
114,13,1077.44,440.70,56.14,155.82,0.3853,-1,-1,-1
115,2,670.00,438.90,101.56,314.38,0.7876,-1,-1,-1
115,3,557.20,435.61,132.36,370.86,0.6533,-1,-1,-1
115,5,766.54,454.40,88.62,244.52,0.6930,-1,-1,-1
115,10,1242.18,440.86,36.80,103.24,0.5540,-1,-1,-1
115,19,556.73,435.54,132.67,371.68,0.6533,-1,-1,-1
115,13,1080.51,439.64,54.86,155.84,0.3433,-1,-1,-1
116,2,672.37,438.89,98.23,312.43,0.7857,-1,-1,-1
116,3,559.41,435.35,130.16,372.29,0.6312,-1,-1,-1
116,5,767.52,451.97,88.79,247.36,0.6743,-1,-1,-1
116,10,1240.75,441.20,37.37,102.39,0.5973,-1,-1,-1
116,19,559.04,435.28,130.41,373.01,0.6312,-1,-1,-1
116,13,1082.52,441.19,53.21,154.24,0.4029,-1,-1,-1
117,2,672.80,439.90,98.45,311.98,0.7957,-1,-1,-1
117,3,550.03,434.53,139.14,373.07,0.6800,-1,-1,-1
117,5,770.23,452.19,86.84,246.68,0.6473,-1,-1,-1
117,10,1241.15,441.40,35.99,101.05,0.5698,-1,-1,-1
117,19,549.73,434.47,139.34,373.71,0.6800,-1,-1,-1
117,13,1082.70,442.36,52.72,152.15,0.4226,-1,-1,-1
118,2,674.67,440.14,94.94,313.75,0.7995,-1,-1,-1
118,3,543.15,435.19,145.71,376.96,0.6853,-1,-1,-1
118,5,770.02,454.36,83.44,244.88,0.6584,-1,-1,-1
118,10,1240.90,442.21,35.86,99.83,0.5427,-1,-1,-1
118,19,542.86,435.14,145.90,377.52,0.6853,-1,-1,-1
118,13,1082.52,440.67,53.55,154.58,0.4554,-1,-1,-1
119,2,675.27,440.62,94.51,317.94,0.8141,-1,-1,-1
119,3,528.66,439.40,161.80,379.13,0.7319,-1,-1,-1
119,5,769.20,452.50,88.78,245.56,0.7127,-1,-1,-1
119,10,1239.57,442.85,36.69,97.93,0.5295,-1,-1,-1
119,19,528.41,439.35,161.96,379.63,0.7319,-1,-1,-1
119,13,1083.04,442.98,53.16,151.77,0.4186,-1,-1,-1
120,2,677.25,441.33,94.31,319.51,0.8120,-1,-1,-1
120,3,524.06,442.55,167.63,378.73,0.7667,-1,-1,-1
120,5,770.19,451.96,92.05,246.92,0.7124,-1,-1,-1
120,10,1237.98,442.94,37.31,100.05,0.5371,-1,-1,-1
120,19,523.82,442.50,167.79,379.18,0.7667,-1,-1,-1
120,13,1082.71,444.16,52.85,150.67,0.3525,-1,-1,-1
121,2,678.59,441.28,93.81,320.72,0.8157,-1,-1,-1
121,3,521.10,444.61,173.18,378.75,0.7730,-1,-1,-1
121,5,769.01,453.45,98.15,245.84,0.6841,-1,-1,-1
121,10,1238.48,443.17,35.02,100.98,0.4970,-1,-1,-1
121,19,520.87,444.57,173.32,379.15,0.7730,-1,-1,-1
121,13,1082.93,445.32,52.65,149.86,0.3513,-1,-1,-1
122,2,680.54,440.42,95.28,320.80,0.8005,-1,-1,-1
122,3,521.96,445.92,175.00,380.37,0.8126,-1,-1,-1
122,5,773.72,452.72,102.71,248.12,0.5888,-1,-1,-1
122,10,1236.90,445.44,34.30,99.88,0.4612,-1,-1,-1
122,19,521.76,445.89,175.12,380.72,0.8126,-1,-1,-1
122,13,1083.90,448.96,51.58,146.03,0.3730,-1,-1,-1
123,2,683.05,439.52,93.87,322.81,0.8127,-1,-1,-1
123,3,524.57,443.76,175.00,386.01,0.8010,-1,-1,-1
123,5,773.99,456.67,107.92,244.98,0.7214,-1,-1,-1
123,10,1236.06,450.52,34.95,96.19,0.5373,-1,-1,-1
123,19,524.39,443.73,175.11,386.31,0.8010,-1,-1,-1
123,13,1084.54,448.53,50.71,146.33,0.3629,-1,-1,-1
124,2,684.76,438.56,92.94,325.18,0.8053,-1,-1,-1
124,3,526.53,442.69,174.96,391.39,0.6876,-1,-1,-1
124,5,774.78,456.99,109.93,245.42,0.7236,-1,-1,-1
124,10,1235.40,453.78,35.43,93.40,0.5575,-1,-1,-1
124,19,526.37,442.67,175.06,391.66,0.6876,-1,-1,-1
124,13,1085.80,449.06,49.44,145.01,0.3515,-1,-1,-1
125,2,685.28,437.77,92.36,327.07,0.8170,-1,-1,-1
125,3,526.51,442.26,176.98,391.85,0.7677,-1,-1,-1
125,5,778.60,459.54,108.77,244.07,0.7425,-1,-1,-1
125,10,1233.53,454.62,36.20,93.91,0.5475,-1,-1,-1
125,19,526.37,442.24,177.07,392.09,0.7677,-1,-1,-1
125,13,1083.52,453.75,49.96,140.20,0.3691,-1,-1,-1
126,2,685.55,437.73,94.23,327.39,0.8111,-1,-1,-1
126,3,544.58,442.19,156.49,391.46,0.6423,-1,-1,-1
126,5,780.26,457.78,105.73,246.33,0.7282,-1,-1,-1
126,10,1230.43,453.39,38.24,95.95,0.5450,-1,-1,-1
126,19,544.45,442.17,156.58,391.68,0.6423,-1,-1,-1
126,13,1082.44,456.61,48.99,137.53,0.3073,-1,-1,-1
127,2,684.81,437.99,96.65,328.21,0.8122,-1,-1,-1
127,3,548.76,440.87,152.55,392.53,0.6704,-1,-1,-1
127,5,782.16,456.96,102.86,248.16,0.7183,-1,-1,-1
127,10,1227.44,452.46,40.77,97.81,0.5223,-1,-1,-1
127,19,548.65,440.85,152.62,392.72,0.6704,-1,-1,-1
127,13,1081.17,458.27,49.82,136.15,0.3095,-1,-1,-1
128,2,684.80,437.71,101.07,329.03,0.8132,-1,-1,-1
128,3,556.57,440.70,147.82,392.25,0.6721,-1,-1,-1
128,5,783.30,461.51,100.91,243.26,0.6857,-1,-1,-1
128,10,1225.32,454.28,42.41,98.17,0.5056,-1,-1,-1
128,19,556.48,440.68,147.88,392.41,0.6721,-1,-1,-1
128,13,1079.72,459.19,52.42,135.54,0.3465,-1,-1,-1
129,2,683.51,437.72,103.43,328.84,0.8329,-1,-1,-1
129,3,557.86,441.46,149.62,391.22,0.6805,-1,-1,-1
129,5,785.39,460.00,101.69,244.19,0.6778,-1,-1,-1
129,10,1223.19,461.76,44.08,92.45,0.4230,-1,-1,-1
129,19,557.78,441.45,149.67,391.37,0.6805,-1,-1,-1
129,13,1082.70,458.50,51.45,136.93,0.3197,-1,-1,-1
130,2,682.38,437.51,105.14,328.98,0.8316,-1,-1,-1
130,3,551.76,441.99,157.98,390.29,0.6633,-1,-1,-1
130,5,787.00,459.42,101.10,244.95,0.7440,-1,-1,-1
130,10,1222.77,456.54,43.29,97.92,0.4340,-1,-1,-1
130,19,551.69,441.97,158.02,390.42,0.6633,-1,-1,-1
130,13,1081.22,460.64,52.39,134.59,0.3687,-1,-1,-1
131,2,682.15,437.05,104.88,330.40,0.8231,-1,-1,-1
131,3,566.37,440.70,144.93,391.17,0.5515,-1,-1,-1
131,5,789.87,459.03,100.58,246.73,0.7644,-1,-1,-1
131,10,1222.51,462.40,44.54,92.76,0.3967,-1,-1,-1
131,19,566.31,440.69,144.97,391.28,0.5515,-1,-1,-1
131,13,1084.24,458.71,51.29,136.67,0.3088,-1,-1,-1
132,2,683.63,436.16,102.99,331.47,0.8129,-1,-1,-1
132,3,570.77,440.35,144.72,390.36,0.5694,-1,-1,-1
132,5,792.16,457.22,100.61,248.90,0.7880,-1,-1,-1
132,10,1222.92,465.25,44.08,89.51,0.2669,-1,-1,-1
132,19,570.71,440.34,144.76,390.47,0.5694,-1,-1,-1
132,13,1084.88,457.66,52.81,137.82,0.2262,-1,-1,-1
133,2,684.18,435.71,102.34,331.84,0.8010,-1,-1,-1
133,3,584.14,438.85,132.91,391.44,0.6248,-1,-1,-1
133,5,793.41,457.94,99.81,248.62,0.7891,-1,-1,-1
133,10,1222.05,465.33,44.72,89.94,0.2900,-1,-1,-1
133,19,584.09,438.84,132.94,391.53,0.6248,-1,-1,-1
133,13,1083.26,459.16,51.17,136.31,0.2497,-1,-1,-1
133,17,491.08,461.06,41.29,109.40,0.3529,-1,-1,-1
134,2,685.19,434.52,102.99,333.01,0.7910,-1,-1,-1
134,3,584.14,439.56,135.26,390.69,0.6258,-1,-1,-1
134,5,794.98,454.87,101.02,251.11,0.7736,-1,-1,-1
134,10,1220.13,462.36,45.79,93.07,0.3002,-1,-1,-1
134,19,584.10,439.55,135.28,390.77,0.6258,-1,-1,-1
134,13,1081.84,455.88,53.42,139.72,0.2157,-1,-1,-1
134,17,491.06,457.55,41.71,112.68,0.3044,-1,-1,-1
135,2,685.38,433.08,104.26,333.25,0.7845,-1,-1,-1
135,3,580.77,439.93,140.35,391.40,0.6394,-1,-1,-1
135,5,793.45,451.89,103.32,254.66,0.7166,-1,-1,-1
135,19,580.74,439.93,140.37,391.47,0.6394,-1,-1,-1
135,13,1080.73,453.43,54.58,142.55,0.2055,-1,-1,-1
135,17,489.28,460.32,42.07,109.69,0.3709,-1,-1,-1
136,2,685.70,433.06,104.98,332.48,0.7736,-1,-1,-1
136,3,575.99,439.47,146.10,395.62,0.6531,-1,-1,-1
136,5,794.49,450.98,101.22,256.19,0.7076,-1,-1,-1
136,19,575.96,439.47,146.12,395.68,0.6531,-1,-1,-1
136,13,1088.05,448.93,53.63,146.32,0.2685,-1,-1,-1
136,17,489.84,457.74,41.01,112.49,0.3798,-1,-1,-1
137,2,691.83,433.62,103.05,329.97,0.7812,-1,-1,-1
137,3,586.20,437.41,135.62,408.49,0.6708,-1,-1,-1
137,5,796.80,452.43,98.39,255.62,0.7601,-1,-1,-1
137,19,586.18,437.40,135.64,408.55,0.6708,-1,-1,-1
137,13,1083.21,451.55,53.77,143.76,0.2128,-1,-1,-1
137,17,490.29,459.81,40.19,109.97,0.3790,-1,-1,-1
138,2,691.30,433.92,106.17,330.62,0.7634,-1,-1,-1
138,3,588.41,437.03,134.35,417.75,0.6509,-1,-1,-1
138,5,801.30,451.24,95.04,258.69,0.7548,-1,-1,-1
138,19,588.39,437.02,134.36,417.80,0.6509,-1,-1,-1
138,13,1079.23,455.92,53.40,139.81,0.1933,-1,-1,-1
138,17,490.24,459.95,40.27,109.74,0.3530,-1,-1,-1
139,2,693.45,433.50,106.87,331.98,0.7558,-1,-1,-1
139,3,575.60,438.52,148.03,417.77,0.6134,-1,-1,-1
139,5,806.21,450.03,92.42,261.30,0.7271,-1,-1,-1
139,19,575.58,438.52,148.04,417.81,0.6134,-1,-1,-1
139,13,1080.74,456.70,50.01,138.28,0.2186,-1,-1,-1
139,17,491.90,459.75,39.30,110.67,0.4722,-1,-1,-1
140,2,692.99,433.95,111.22,331.81,0.7594,-1,-1,-1
140,3,569.62,438.37,154.85,417.74,0.5618,-1,-1,-1
140,5,811.58,451.61,82.81,262.86,0.6994,-1,-1,-1
140,19,569.61,438.36,154.86,417.78,0.5618,-1,-1,-1
140,13,1082.29,456.74,47.72,138.31,0.2338,-1,-1,-1
140,17,492.13,460.22,38.72,111.22,0.4331,-1,-1,-1
140,10,1216.75,450.76,35.16,102.56,0.3417,-1,-1,-1
141,2,692.58,433.13,114.68,334.05,0.7575,-1,-1,-1
141,3,563.32,438.40,160.73,419.05,0.5603,-1,-1,-1
141,5,815.37,451.63,82.41,262.40,0.6511,-1,-1,-1
141,19,563.31,438.40,160.74,419.09,0.5603,-1,-1,-1
141,13,1083.15,454.68,48.57,140.12,0.2522,-1,-1,-1
141,17,491.75,459.56,39.55,112.00,0.3644,-1,-1,-1
141,10,1214.01,448.80,36.63,104.72,0.4119,-1,-1,-1
142,2,693.08,433.37,122.51,332.49,0.7614,-1,-1,-1
142,3,557.47,438.69,166.42,415.43,0.5183,-1,-1,-1
142,5,816.53,448.30,86.10,267.79,0.6417,-1,-1,-1
142,19,557.45,438.69,166.43,415.46,0.5183,-1,-1,-1
142,13,1082.12,456.14,48.50,138.86,0.2694,-1,-1,-1
142,17,491.10,460.61,39.27,111.01,0.3089,-1,-1,-1
142,10,1211.55,447.99,36.93,104.92,0.4058,-1,-1,-1
143,2,694.48,435.37,127.46,330.74,0.7707,-1,-1,-1
143,3,571.75,435.57,150.81,427.24,0.5327,-1,-1,-1
143,5,818.12,447.62,85.68,268.03,0.6267,-1,-1,-1
143,19,571.73,435.57,150.82,427.26,0.5327,-1,-1,-1
143,13,1080.86,454.61,49.94,140.44,0.3188,-1,-1,-1
143,17,495.12,461.03,36.62,108.78,0.1715,-1,-1,-1
143,10,1210.19,445.67,36.31,106.97,0.3844,-1,-1,-1
144,2,693.99,436.27,135.30,331.49,0.7510,-1,-1,-1
144,3,550.05,436.99,173.54,433.38,0.5175,-1,-1,-1
144,5,820.60,448.38,84.82,265.60,0.5448,-1,-1,-1
144,19,550.03,436.99,173.55,433.40,0.5175,-1,-1,-1
144,13,1080.45,460.32,49.78,134.84,0.3109,-1,-1,-1
144,17,497.16,458.29,36.78,113.40,0.1805,-1,-1,-1
144,10,1208.02,444.06,35.21,109.32,0.3247,-1,-1,-1
145,2,694.00,437.89,141.24,330.69,0.7511,-1,-1,-1
145,3,543.37,437.09,180.04,439.52,0.6339,-1,-1,-1
145,5,823.44,453.28,82.80,258.81,0.5678,-1,-1,-1
145,19,543.36,437.09,180.05,439.54,0.6339,-1,-1,-1
145,13,1080.57,460.93,48.99,134.20,0.2607,-1,-1,-1
145,17,483.58,466.53,44.61,106.91,0.3476,-1,-1,-1
145,10,1206.76,443.14,34.27,110.24,0.3647,-1,-1,-1
146,2,696.26,438.30,142.28,331.12,0.7430,-1,-1,-1
146,3,540.63,438.40,182.29,444.18,0.7284,-1,-1,-1
146,5,826.05,454.32,81.77,256.48,0.6558,-1,-1,-1
146,19,540.62,438.40,182.29,444.20,0.7284,-1,-1,-1
146,13,1079.91,463.06,49.28,132.44,0.3145,-1,-1,-1
146,17,478.71,471.20,46.54,102.57,0.3686,-1,-1,-1
146,10,1206.55,443.32,33.43,108.16,0.4385,-1,-1,-1
146,21,877.73,434.05,79.64,247.41,0.3552,-1,-1,-1
147,2,699.77,437.93,139.77,333.59,0.7977,-1,-1,-1
147,3,540.13,439.89,181.69,448.05,0.7202,-1,-1,-1
147,5,827.68,456.89,81.48,253.44,0.6119,-1,-1,-1
147,19,540.12,439.89,181.69,448.07,0.7202,-1,-1,-1
147,13,1080.85,461.28,49.40,133.76,0.3542,-1,-1,-1
147,17,475.93,469.74,47.45,103.55,0.3377,-1,-1,-1
147,10,1203.93,446.30,34.91,103.31,0.4762,-1,-1,-1
147,21,879.08,432.76,80.78,248.40,0.4328,-1,-1,-1
148,2,701.93,437.68,137.94,333.54,0.7744,-1,-1,-1
148,3,539.18,440.52,182.47,451.70,0.7250,-1,-1,-1
148,5,828.45,456.93,83.26,254.07,0.6526,-1,-1,-1
148,19,539.17,440.52,182.48,451.71,0.7250,-1,-1,-1
148,13,1081.76,459.01,49.49,135.70,0.3643,-1,-1,-1
148,17,474.88,470.79,47.19,102.78,0.3711,-1,-1,-1
148,10,1203.06,446.36,35.04,104.43,0.4493,-1,-1,-1
148,21,881.94,432.04,80.89,247.55,0.3675,-1,-1,-1
149,2,705.70,437.54,134.47,336.10,0.8076,-1,-1,-1
149,3,541.73,439.30,176.43,455.25,0.7301,-1,-1,-1
149,5,830.35,456.45,83.49,253.41,0.6589,-1,-1,-1
149,19,541.72,439.30,176.43,455.26,0.7301,-1,-1,-1
149,13,1080.04,459.62,49.21,135.41,0.3016,-1,-1,-1
149,17,474.13,469.91,46.82,103.08,0.2920,-1,-1,-1
149,10,1200.39,447.59,37.57,102.05,0.4544,-1,-1,-1
149,21,884.91,438.00,84.63,241.48,0.5616,-1,-1,-1
150,2,709.25,436.53,130.57,338.17,0.8110,-1,-1,-1
150,3,543.97,437.54,174.45,458.39,0.7688,-1,-1,-1
150,5,831.64,452.84,84.90,257.11,0.6492,-1,-1,-1
150,19,543.96,437.54,174.46,458.40,0.7688,-1,-1,-1
150,13,1079.81,459.04,49.63,135.38,0.3430,-1,-1,-1
150,17,472.16,470.82,44.50,102.06,0.3354,-1,-1,-1
150,10,1197.51,449.56,40.15,99.37,0.4432,-1,-1,-1
150,21,888.49,440.05,80.55,239.04,0.6119,-1,-1,-1
151,2,713.08,436.57,128.29,339.71,0.8001,-1,-1,-1
151,3,543.56,438.18,172.02,458.02,0.7591,-1,-1,-1
151,5,831.15,449.90,88.06,261.60,0.6711,-1,-1,-1
151,19,543.56,438.18,172.02,458.03,0.7591,-1,-1,-1
151,13,1079.69,457.02,50.74,136.98,0.3181,-1,-1,-1
151,17,470.84,472.08,43.84,101.02,0.3664,-1,-1,-1
151,10,1196.76,450.74,40.25,98.48,0.4640,-1,-1,-1
151,21,890.47,439.05,83.18,238.91,0.6622,-1,-1,-1
152,2,714.86,436.15,121.40,339.76,0.8059,-1,-1,-1
152,3,543.69,438.28,174.58,458.93,0.7525,-1,-1,-1
152,5,830.90,446.25,89.09,270.10,0.7111,-1,-1,-1
152,19,543.69,438.27,174.58,458.94,0.7525,-1,-1,-1
152,13,1079.88,456.54,51.11,137.16,0.2943,-1,-1,-1
152,17,470.45,473.09,44.13,99.05,0.1859,-1,-1,-1
152,10,1195.45,451.02,40.80,98.25,0.4819,-1,-1,-1
152,21,891.20,438.49,81.99,240.19,0.4460,-1,-1,-1
153,2,715.50,435.41,122.84,341.32,0.8437,-1,-1,-1
153,3,539.79,437.72,167.88,458.27,0.7399,-1,-1,-1
153,5,831.36,445.46,89.19,271.37,0.7249,-1,-1,-1
153,19,539.79,437.72,167.88,458.27,0.7399,-1,-1,-1
153,13,1079.08,453.25,51.62,140.56,0.3176,-1,-1,-1
153,17,469.07,473.23,44.85,98.03,0.1947,-1,-1,-1
153,10,1194.12,451.35,39.93,96.83,0.4862,-1,-1,-1
153,21,891.93,437.80,81.39,240.12,0.1917,-1,-1,-1
154,2,717.30,435.48,122.53,341.09,0.8570,-1,-1,-1
154,3,537.62,433.70,164.87,461.91,0.7486,-1,-1,-1
154,5,832.48,448.63,87.44,274.31,0.6949,-1,-1,-1
154,19,537.61,433.70,164.87,461.91,0.7486,-1,-1,-1
154,13,1077.23,453.64,52.37,139.74,0.2058,-1,-1,-1
154,17,467.28,475.77,45.08,94.81,0.1716,-1,-1,-1
154,10,1193.47,451.52,38.60,96.17,0.5308,-1,-1,-1
154,21,894.17,436.89,76.57,240.38,0.5447,-1,-1,-1
155,2,719.27,436.22,123.16,340.66,0.8591,-1,-1,-1
155,3,533.06,433.56,167.84,462.87,0.7408,-1,-1,-1
155,5,833.48,448.25,87.11,278.09,0.6800,-1,-1,-1
155,19,533.06,433.56,167.84,462.88,0.7408,-1,-1,-1
155,13,1076.66,455.96,52.09,137.38,0.2677,-1,-1,-1
155,17,466.09,476.97,44.59,94.30,0.2755,-1,-1,-1
155,10,1192.42,452.00,38.13,96.15,0.5442,-1,-1,-1
155,21,896.81,436.64,74.79,243.18,0.6243,-1,-1,-1
156,2,721.86,434.40,121.70,341.93,0.8377,-1,-1,-1
156,3,531.48,434.12,165.81,462.47,0.7565,-1,-1,-1
156,5,834.33,445.72,88.45,282.43,0.6884,-1,-1,-1
156,19,531.48,434.12,165.81,462.47,0.7565,-1,-1,-1
156,13,1077.13,457.08,51.32,136.17,0.2942,-1,-1,-1
156,17,465.22,476.57,43.59,93.93,0.2780,-1,-1,-1
156,10,1191.45,450.24,37.09,97.00,0.5351,-1,-1,-1
156,21,899.27,436.99,71.50,246.92,0.5882,-1,-1,-1
157,2,723.07,433.69,125.37,342.19,0.8118,-1,-1,-1
157,3,529.52,434.47,166.07,462.83,0.7262,-1,-1,-1
157,5,837.33,444.80,87.95,282.75,0.6966,-1,-1,-1
157,19,529.52,434.47,166.07,462.83,0.7262,-1,-1,-1
157,13,1076.86,458.16,51.88,135.28,0.2781,-1,-1,-1
157,17,465.45,474.99,42.40,95.70,0.2346,-1,-1,-1
157,10,1190.82,452.44,34.76,95.00,0.4867,-1,-1,-1
157,21,902.54,437.35,71.08,249.55,0.4400,-1,-1,-1
157,23,660.63,439.39,85.48,340.80,0.4326,-1,-1,-1
158,2,725.88,433.25,128.42,341.57,0.7642,-1,-1,-1
158,3,529.85,432.54,168.01,464.85,0.7492,-1,-1,-1
158,5,841.13,444.66,90.14,284.19,0.7171,-1,-1,-1
158,19,529.85,432.54,168.01,464.86,0.7492,-1,-1,-1
158,13,1077.01,458.59,52.63,135.35,0.2945,-1,-1,-1
158,17,465.27,474.70,41.47,94.29,0.2609,-1,-1,-1
158,10,1191.12,456.79,31.53,90.51,0.3838,-1,-1,-1
158,21,905.77,438.68,70.08,178.56,0.4436,-1,-1,-1
158,23,664.17,438.43,82.33,343.20,0.5344,-1,-1,-1
159,2,730.82,434.68,128.89,339.59,0.7617,-1,-1,-1
159,3,524.51,431.67,174.41,464.96,0.7795,-1,-1,-1
159,5,843.83,444.83,87.63,285.49,0.7386,-1,-1,-1
159,19,524.51,431.67,174.41,464.96,0.7795,-1,-1,-1
159,13,1078.34,458.47,50.61,135.27,0.3050,-1,-1,-1
159,17,465.09,472.13,40.76,95.41,0.2073,-1,-1,-1
159,10,1190.83,456.74,30.52,89.78,0.2551,-1,-1,-1
159,21,902.37,441.40,83.65,226.28,0.4174,-1,-1,-1
159,23,667.16,437.47,82.45,345.09,0.5173,-1,-1,-1
160,2,736.77,431.85,122.08,343.04,0.7588,-1,-1,-1
160,3,525.85,432.19,171.71,462.93,0.7844,-1,-1,-1
160,5,845.61,446.64,86.10,282.88,0.7413,-1,-1,-1
160,19,525.85,432.19,171.71,462.93,0.7844,-1,-1,-1
160,13,1077.93,458.56,50.24,135.23,0.2990,-1,-1,-1
160,17,464.87,471.69,40.36,96.84,0.2205,-1,-1,-1
160,10,1190.47,456.20,30.56,89.58,0.1514,-1,-1,-1
160,21,909.95,440.18,74.91,173.69,0.3848,-1,-1,-1
160,23,668.87,437.57,81.73,345.84,0.5323,-1,-1,-1
161,2,740.71,430.39,118.88,344.89,0.7790,-1,-1,-1
161,3,526.80,433.87,170.72,459.48,0.7808,-1,-1,-1
161,5,847.43,447.49,86.65,281.87,0.7504,-1,-1,-1
161,19,526.80,433.87,170.72,459.48,0.7808,-1,-1,-1
161,13,1077.89,459.10,49.90,134.19,0.3061,-1,-1,-1
161,17,464.86,470.89,38.32,96.51,0.1985,-1,-1,-1
161,10,1189.59,456.52,30.98,88.38,0.1524,-1,-1,-1
161,21,916.09,440.19,71.09,150.10,0.4000,-1,-1,-1
161,23,669.00,439.44,82.74,347.22,0.6252,-1,-1,-1
162,2,743.96,429.73,116.85,347.72,0.7779,-1,-1,-1
162,3,525.70,433.18,176.43,460.06,0.7730,-1,-1,-1
162,5,848.91,448.67,88.39,282.10,0.7437,-1,-1,-1
162,19,525.69,433.17,176.43,460.06,0.7730,-1,-1,-1
162,13,1077.97,459.60,49.31,133.70,0.2252,-1,-1,-1
162,17,464.22,472.78,37.09,92.91,0.1572,-1,-1,-1
162,10,1189.33,455.24,30.07,88.60,0.2638,-1,-1,-1
162,21,917.88,441.32,77.00,141.73,0.3191,-1,-1,-1
162,23,669.95,440.44,82.32,349.96,0.6213,-1,-1,-1
163,2,746.23,431.01,115.96,347.71,0.7899,-1,-1,-1
163,3,526.99,432.75,178.79,461.78,0.8000,-1,-1,-1
163,5,851.31,449.47,91.26,282.17,0.7396,-1,-1,-1
163,19,526.99,432.75,178.79,461.78,0.8000,-1,-1,-1
163,13,1078.79,460.18,48.31,132.91,0.2134,-1,-1,-1
163,10,1188.99,447.69,30.13,97.34,0.4379,-1,-1,-1
163,21,921.15,440.15,79.67,223.29,0.5735,-1,-1,-1
163,23,671.00,440.62,81.32,358.06,0.5952,-1,-1,-1
164,2,748.88,431.47,115.87,350.32,0.7863,-1,-1,-1
164,3,527.09,431.73,183.21,465.54,0.7893,-1,-1,-1
164,5,852.69,449.84,98.15,283.17,0.7081,-1,-1,-1
164,19,527.09,431.73,183.21,465.54,0.7893,-1,-1,-1
164,13,1079.83,461.18,47.69,131.64,0.2829,-1,-1,-1
164,10,1187.49,444.59,31.03,100.32,0.5076,-1,-1,-1
164,21,922.73,440.05,82.14,245.28,0.5582,-1,-1,-1
164,23,671.73,439.46,83.31,362.11,0.5993,-1,-1,-1
164,25,1137.96,438.01,45.96,108.16,0.3954,-1,-1,-1
165,2,749.87,430.79,116.08,352.30,0.7890,-1,-1,-1
165,3,528.07,431.29,187.23,468.27,0.8058,-1,-1,-1
165,5,854.95,450.60,107.68,282.69,0.6614,-1,-1,-1
165,19,528.07,431.29,187.23,468.27,0.8058,-1,-1,-1
165,13,1079.74,461.12,48.56,131.91,0.2434,-1,-1,-1
165,10,1186.82,451.91,30.69,93.25,0.3335,-1,-1,-1
165,21,922.31,439.19,85.44,258.17,0.5198,-1,-1,-1
165,23,672.58,440.83,87.83,352.57,0.6939,-1,-1,-1
165,25,1143.41,442.64,39.84,102.36,0.2557,-1,-1,-1
166,2,751.25,430.68,116.05,355.57,0.7908,-1,-1,-1
166,3,528.39,431.42,190.26,470.53,0.7935,-1,-1,-1
166,5,856.60,452.92,108.76,283.92,0.6399,-1,-1,-1
166,19,528.39,431.42,190.26,470.54,0.7935,-1,-1,-1
166,13,1079.66,458.53,49.36,134.82,0.2463,-1,-1,-1
166,10,1186.47,455.47,31.08,90.00,0.2960,-1,-1,-1
166,21,926.16,436.72,82.52,260.37,0.5078,-1,-1,-1
166,23,673.37,441.69,90.76,351.54,0.7229,-1,-1,-1
166,25,1145.08,443.45,40.12,101.50,0.2402,-1,-1,-1
167,2,751.55,431.05,116.21,356.43,0.7970,-1,-1,-1
167,3,529.70,432.22,194.49,471.36,0.8015,-1,-1,-1
167,5,859.40,451.11,120.68,283.62,0.7054,-1,-1,-1
167,19,529.70,432.22,194.49,471.36,0.8015,-1,-1,-1
167,13,1079.33,457.33,50.06,136.52,0.2493,-1,-1,-1
167,10,1186.30,457.73,31.62,88.93,0.2283,-1,-1,-1
167,21,930.89,436.32,78.35,256.75,0.5910,-1,-1,-1
167,23,674.23,441.92,91.24,351.77,0.7096,-1,-1,-1
167,25,1146.03,443.53,39.89,102.30,0.2483,-1,-1,-1
168,2,752.78,432.11,116.18,356.93,0.7932,-1,-1,-1
168,3,530.93,433.66,205.73,469.23,0.8078,-1,-1,-1
168,5,861.81,448.19,126.57,285.94,0.7508,-1,-1,-1
168,19,530.93,433.66,205.73,469.23,0.8078,-1,-1,-1
168,13,1078.98,457.62,50.11,135.96,0.2529,-1,-1,-1
168,10,1186.70,456.17,29.47,89.75,0.1908,-1,-1,-1
168,21,936.41,435.01,74.56,251.74,0.5948,-1,-1,-1
168,23,674.61,442.38,91.14,353.54,0.7276,-1,-1,-1
168,25,1146.05,442.00,44.11,103.17,0.3479,-1,-1,-1
169,2,753.59,433.85,115.26,356.18,0.8001,-1,-1,-1
169,3,531.66,430.32,218.32,471.22,0.8084,-1,-1,-1
169,5,864.13,447.02,124.01,288.26,0.7801,-1,-1,-1
169,19,531.66,430.32,218.32,471.22,0.8084,-1,-1,-1
169,13,1078.84,456.50,49.95,137.48,0.2566,-1,-1,-1
169,10,1186.89,457.62,28.44,88.27,0.1689,-1,-1,-1
169,21,941.43,434.40,70.47,245.83,0.5910,-1,-1,-1
169,23,675.74,442.60,90.65,354.80,0.7356,-1,-1,-1
169,25,1147.13,441.27,44.34,103.72,0.3555,-1,-1,-1
170,2,755.82,434.81,114.47,356.06,0.7810,-1,-1,-1
170,3,531.96,429.67,229.72,471.36,0.8299,-1,-1,-1
170,5,868.06,446.44,120.81,289.94,0.7985,-1,-1,-1
170,19,531.96,429.67,229.72,471.36,0.8299,-1,-1,-1
170,13,1078.50,456.22,50.36,137.58,0.2526,-1,-1,-1
170,10,1186.70,455.36,29.83,90.27,0.1744,-1,-1,-1
170,21,943.98,434.13,69.91,240.68,0.6173,-1,-1,-1
170,23,677.48,442.46,88.89,356.08,0.7284,-1,-1,-1
170,25,1147.61,442.22,44.60,102.91,0.4363,-1,-1,-1
171,2,757.61,435.39,113.05,350.85,0.7896,-1,-1,-1
171,3,533.77,430.00,237.80,471.14,0.8574,-1,-1,-1
171,5,870.57,446.54,118.63,291.25,0.7918,-1,-1,-1
171,19,533.77,430.00,237.80,471.14,0.8574,-1,-1,-1
171,13,1079.26,454.76,49.76,138.63,0.2227,-1,-1,-1
171,10,1187.22,455.19,29.69,90.14,0.1928,-1,-1,-1
171,21,946.41,435.30,71.05,246.92,0.6678,-1,-1,-1
171,23,678.13,442.38,89.67,359.61,0.7301,-1,-1,-1
171,25,1146.91,444.16,46.10,101.09,0.4404,-1,-1,-1
172,2,759.97,436.21,115.61,347.62,0.8126,-1,-1,-1
172,3,535.75,432.35,240.54,470.56,0.8476,-1,-1,-1
172,5,871.19,447.05,118.45,291.40,0.7947,-1,-1,-1
172,19,535.75,432.35,240.54,470.56,0.8476,-1,-1,-1
172,13,1079.75,454.37,49.54,139.55,0.2847,-1,-1,-1
172,10,1188.09,458.95,29.50,86.61,0.1650,-1,-1,-1
172,21,950.24,435.33,73.30,251.72,0.6841,-1,-1,-1
172,23,679.85,444.28,86.46,358.12,0.7007,-1,-1,-1
172,25,1147.23,445.40,44.24,100.46,0.4060,-1,-1,-1
173,2,761.80,437.16,117.07,345.48,0.8189,-1,-1,-1
173,3,537.63,432.41,236.49,470.23,0.8566,-1,-1,-1
173,5,872.90,445.56,117.78,293.35,0.7873,-1,-1,-1
173,19,537.63,432.41,236.49,470.23,0.8566,-1,-1,-1
173,13,1083.91,454.65,46.29,140.18,0.3410,-1,-1,-1
173,21,952.14,434.71,75.35,257.96,0.6615,-1,-1,-1
173,23,681.21,446.10,88.33,352.62,0.6240,-1,-1,-1
173,25,1147.54,446.32,41.98,100.09,0.3464,-1,-1,-1
174,2,762.59,438.77,119.74,347.70,0.8228,-1,-1,-1
174,3,541.56,432.63,233.17,471.68,0.8522,-1,-1,-1
174,5,874.76,444.99,118.43,293.98,0.7876,-1,-1,-1
174,19,541.56,432.63,233.17,471.68,0.8522,-1,-1,-1
174,13,1084.56,455.14,46.39,140.33,0.4153,-1,-1,-1
174,21,954.28,435.31,74.91,260.32,0.6312,-1,-1,-1
174,23,685.56,449.60,85.45,349.66,0.4749,-1,-1,-1
174,25,1148.53,448.33,40.67,98.58,0.2839,-1,-1,-1
175,2,766.36,439.67,117.97,349.66,0.8434,-1,-1,-1
175,3,548.40,433.49,227.83,471.62,0.8355,-1,-1,-1
175,5,876.41,444.30,117.46,294.57,0.7924,-1,-1,-1
175,19,548.40,433.49,227.83,471.63,0.8355,-1,-1,-1
175,13,1084.87,455.86,45.82,139.91,0.3226,-1,-1,-1
175,21,957.24,435.23,75.76,262.13,0.6014,-1,-1,-1
175,23,693.69,464.04,80.42,338.21,0.2060,-1,-1,-1
175,25,1150.51,451.95,50.39,95.56,0.4228,-1,-1,-1
176,2,768.03,441.19,116.15,354.23,0.8305,-1,-1,-1
176,3,556.58,433.14,219.39,474.17,0.7968,-1,-1,-1
176,5,877.95,443.88,115.73,294.70,0.7983,-1,-1,-1
176,19,556.58,433.14,219.39,474.17,0.7968,-1,-1,-1
176,13,1082.69,455.55,47.80,139.98,0.3475,-1,-1,-1
176,21,960.23,434.76,79.67,261.41,0.5874,-1,-1,-1
176,25,1152.96,455.19,52.13,91.42,0.4384,-1,-1,-1
177,2,768.44,441.31,117.56,355.26,0.8228,-1,-1,-1
177,3,558.69,435.68,216.32,473.12,0.7982,-1,-1,-1
177,5,880.28,445.47,115.17,293.08,0.7898,-1,-1,-1
177,19,558.69,435.68,216.32,473.12,0.7982,-1,-1,-1
177,13,1083.56,454.88,46.81,140.34,0.2484,-1,-1,-1
177,21,962.48,434.45,83.22,262.61,0.5190,-1,-1,-1
177,25,1155.18,451.94,51.33,96.04,0.3973,-1,-1,-1
178,2,772.44,440.89,113.47,356.09,0.8096,-1,-1,-1
178,3,561.45,434.22,214.35,474.56,0.8392,-1,-1,-1
178,5,885.75,446.89,110.85,290.89,0.7653,-1,-1,-1
178,19,561.45,434.22,214.35,474.56,0.8392,-1,-1,-1
178,13,1080.81,452.57,49.40,142.56,0.2769,-1,-1,-1
178,21,963.52,433.33,90.04,265.89,0.4584,-1,-1,-1
178,25,1155.27,448.60,47.80,98.48,0.4758,-1,-1,-1
179,2,774.53,439.84,113.47,355.67,0.7901,-1,-1,-1
179,3,568.92,433.12,207.55,477.00,0.8621,-1,-1,-1
179,5,890.35,446.01,106.92,291.94,0.7734,-1,-1,-1
179,19,568.92,433.12,207.55,477.00,0.8621,-1,-1,-1
179,13,1078.38,453.79,50.32,140.87,0.2659,-1,-1,-1
179,21,964.82,434.31,93.55,265.62,0.5232,-1,-1,-1
179,25,1157.10,450.77,45.80,96.79,0.4627,-1,-1,-1
180,2,777.10,438.63,116.93,357.30,0.7649,-1,-1,-1
180,3,575.85,431.08,200.95,479.01,0.8399,-1,-1,-1
180,5,895.46,445.34,101.50,292.84,0.7770,-1,-1,-1
180,19,575.85,431.08,200.95,479.01,0.8399,-1,-1,-1
180,13,1078.57,453.10,50.34,141.43,0.3249,-1,-1,-1
180,21,968.66,434.22,101.65,263.87,0.4865,-1,-1,-1
180,25,1157.89,450.32,42.00,97.63,0.4494,-1,-1,-1
180,26,465.27,464.14,38.80,111.67,0.4746,-1,-1,-1
181,2,778.92,437.05,116.21,358.30,0.7561,-1,-1,-1
181,3,581.56,426.24,197.06,484.64,0.8645,-1,-1,-1
181,5,901.48,444.01,97.34,295.09,0.7278,-1,-1,-1
181,19,581.56,426.24,197.06,484.64,0.8645,-1,-1,-1
181,13,1078.52,447.63,51.45,148.51,0.3509,-1,-1,-1
181,21,971.39,436.07,94.86,264.45,0.6196,-1,-1,-1
181,25,1157.02,446.68,41.10,100.23,0.4800,-1,-1,-1
181,26,466.57,467.04,37.32,107.67,0.3696,-1,-1,-1
181,27,571.39,449.13,58.85,110.70,0.4076,-1,-1,-1
182,2,781.02,435.83,116.36,362.59,0.7532,-1,-1,-1
182,3,583.97,424.51,197.62,486.28,0.8653,-1,-1,-1
182,5,910.19,445.22,91.32,296.37,0.7130,-1,-1,-1
182,19,583.97,424.51,197.62,486.28,0.8653,-1,-1,-1
182,13,1080.52,445.44,50.43,151.63,0.3727,-1,-1,-1
182,21,976.23,435.29,91.01,268.20,0.6124,-1,-1,-1
182,25,1157.56,446.60,38.78,100.18,0.5447,-1,-1,-1
182,26,467.11,470.94,37.28,103.52,0.4221,-1,-1,-1
182,27,571.10,445.22,59.07,119.57,0.4496,-1,-1,-1
183,2,783.19,434.81,117.55,366.18,0.7695,-1,-1,-1
183,3,587.29,424.39,195.42,486.53,0.8583,-1,-1,-1
183,5,916.09,443.64,89.94,297.84,0.7463,-1,-1,-1
183,19,587.29,424.39,195.42,486.53,0.8583,-1,-1,-1
183,13,1081.99,444.79,49.30,152.40,0.3258,-1,-1,-1
183,21,980.01,436.45,88.22,263.90,0.6249,-1,-1,-1
183,25,1158.30,448.39,36.53,98.37,0.5412,-1,-1,-1
183,26,466.78,472.48,38.50,102.65,0.3812,-1,-1,-1
183,27,570.58,446.98,60.09,129.60,0.4806,-1,-1,-1
184,2,784.41,434.04,118.35,367.80,0.7829,-1,-1,-1
184,3,591.17,425.18,192.50,485.38,0.8523,-1,-1,-1
184,5,922.91,441.94,87.11,299.31,0.7691,-1,-1,-1
184,19,591.17,425.18,192.50,485.38,0.8523,-1,-1,-1
184,13,1082.46,442.64,50.02,154.36,0.3371,-1,-1,-1
184,21,983.02,439.26,86.52,251.59,0.6323,-1,-1,-1
184,25,1156.21,450.22,39.10,98.04,0.6062,-1,-1,-1
184,26,466.37,472.85,38.74,102.20,0.4025,-1,-1,-1
184,27,571.24,444.44,59.77,145.39,0.4361,-1,-1,-1
185,2,786.12,434.28,118.35,369.07,0.7814,-1,-1,-1
185,3,597.86,426.87,187.30,483.52,0.8411,-1,-1,-1
185,5,926.29,441.53,86.02,302.15,0.7595,-1,-1,-1
185,19,597.86,426.87,187.30,483.52,0.8411,-1,-1,-1
185,13,1082.21,439.14,50.64,158.03,0.3222,-1,-1,-1
185,21,986.13,440.59,85.39,252.76,0.6331,-1,-1,-1
185,25,1156.04,451.41,39.46,95.90,0.5556,-1,-1,-1
185,26,466.45,474.78,40.07,100.86,0.4629,-1,-1,-1
185,27,571.03,444.40,61.29,156.73,0.4478,-1,-1,-1
186,2,787.12,434.72,116.28,368.41,0.8028,-1,-1,-1
186,3,602.93,426.26,184.49,484.03,0.8440,-1,-1,-1
186,5,929.16,443.89,85.19,304.84,0.7452,-1,-1,-1
186,19,602.93,426.26,184.49,484.03,0.8440,-1,-1,-1
186,13,1079.32,442.21,51.30,153.91,0.2450,-1,-1,-1
186,21,988.94,442.11,84.58,246.25,0.5728,-1,-1,-1
186,25,1154.50,449.05,43.45,97.75,0.5952,-1,-1,-1
186,26,467.05,477.37,40.98,98.38,0.4710,-1,-1,-1
186,27,571.38,439.34,58.37,172.72,0.4861,-1,-1,-1
187,2,789.85,435.04,114.63,368.34,0.8032,-1,-1,-1
187,3,608.52,427.58,179.41,484.02,0.8413,-1,-1,-1
187,5,930.18,444.74,88.46,307.13,0.7313,-1,-1,-1
187,19,608.52,427.58,179.41,484.02,0.8413,-1,-1,-1
187,13,1077.36,442.18,52.60,153.92,0.2557,-1,-1,-1
187,21,994.27,442.54,82.86,249.92,0.6250,-1,-1,-1
187,25,1155.02,450.06,44.35,96.26,0.5453,-1,-1,-1
187,26,467.13,477.77,41.32,97.94,0.4649,-1,-1,-1
187,27,572.10,435.25,57.05,177.93,0.4801,-1,-1,-1
188,2,792.28,434.68,114.27,365.98,0.8122,-1,-1,-1
188,3,610.56,426.82,179.53,491.92,0.8356,-1,-1,-1
188,5,932.59,442.76,91.35,309.75,0.6870,-1,-1,-1
188,19,610.56,426.82,179.53,491.92,0.8356,-1,-1,-1
188,13,1074.84,448.52,52.23,147.36,0.1895,-1,-1,-1
188,21,997.82,443.88,80.25,250.06,0.5058,-1,-1,-1
188,25,1155.94,451.51,43.35,95.94,0.5013,-1,-1,-1
188,26,467.45,478.33,38.99,96.92,0.3660,-1,-1,-1
188,27,571.29,434.11,59.59,182.76,0.4445,-1,-1,-1
189,2,794.66,433.59,112.71,367.47,0.8100,-1,-1,-1
189,3,612.63,426.23,178.48,501.24,0.7960,-1,-1,-1
189,5,934.10,442.07,101.44,311.59,0.7793,-1,-1,-1
189,19,612.63,426.23,178.48,501.24,0.7960,-1,-1,-1
189,13,1076.18,448.18,50.61,148.04,0.1828,-1,-1,-1
189,21,1004.07,440.00,81.61,261.49,0.5323,-1,-1,-1
189,25,1156.43,448.18,42.93,99.42,0.4804,-1,-1,-1
189,26,466.75,477.54,39.76,98.40,0.4110,-1,-1,-1
189,27,570.23,433.17,59.37,183.43,0.5280,-1,-1,-1
190,2,796.93,432.75,116.45,371.19,0.8022,-1,-1,-1
190,3,616.38,426.23,180.64,509.06,0.7025,-1,-1,-1
190,5,936.94,442.56,107.18,310.78,0.7576,-1,-1,-1
190,19,616.38,426.23,180.64,509.06,0.7025,-1,-1,-1
190,13,1079.36,445.00,49.38,151.92,0.2759,-1,-1,-1
190,21,1009.17,440.41,80.01,266.09,0.4651,-1,-1,-1
190,25,1153.91,448.87,45.10,99.30,0.4187,-1,-1,-1
190,26,467.63,477.36,38.26,98.38,0.3897,-1,-1,-1
190,27,569.89,436.87,61.47,178.05,0.5402,-1,-1,-1
191,2,799.07,432.54,115.99,371.60,0.7813,-1,-1,-1
191,3,620.32,425.97,179.09,515.23,0.7482,-1,-1,-1
191,5,940.83,443.17,112.99,311.02,0.7603,-1,-1,-1
191,19,620.32,425.97,179.09,515.23,0.7482,-1,-1,-1
191,13,1082.16,442.65,47.79,155.05,0.2233,-1,-1,-1
191,21,1012.11,437.30,78.24,272.01,0.3265,-1,-1,-1
191,25,1152.94,446.76,47.79,101.44,0.4997,-1,-1,-1
191,26,466.25,477.49,36.80,97.97,0.3553,-1,-1,-1
191,27,569.07,443.58,60.90,173.38,0.5801,-1,-1,-1
192,2,800.87,430.18,115.54,377.75,0.7872,-1,-1,-1
192,3,624.69,426.21,177.03,523.67,0.7261,-1,-1,-1
192,5,943.57,447.23,114.29,306.67,0.7593,-1,-1,-1
192,19,624.69,426.21,177.03,523.67,0.7261,-1,-1,-1
192,13,1086.04,442.16,44.33,156.15,0.2346,-1,-1,-1
192,21,1012.19,436.18,82.66,276.82,0.2938,-1,-1,-1
192,25,1151.14,447.09,49.58,101.67,0.4782,-1,-1,-1
192,26,465.16,477.31,36.47,97.30,0.3430,-1,-1,-1
192,27,568.41,443.08,63.39,174.06,0.5892,-1,-1,-1
193,2,803.04,427.27,113.40,380.29,0.7858,-1,-1,-1
193,3,630.40,426.73,170.39,527.42,0.7649,-1,-1,-1
193,5,945.38,444.21,115.37,310.05,0.7560,-1,-1,-1
193,19,630.40,426.73,170.39,527.42,0.7649,-1,-1,-1
193,21,1015.13,437.14,89.09,268.52,0.5388,-1,-1,-1
193,25,1149.77,443.78,50.08,105.08,0.4476,-1,-1,-1
193,26,464.00,477.79,38.30,97.50,0.3081,-1,-1,-1
193,27,569.56,442.77,62.91,174.39,0.6286,-1,-1,-1
194,2,804.73,425.42,117.13,383.17,0.7888,-1,-1,-1
194,3,633.00,425.85,177.00,536.47,0.7598,-1,-1,-1
194,5,947.23,443.78,111.26,310.68,0.7482,-1,-1,-1
194,19,633.00,425.85,177.00,536.47,0.7598,-1,-1,-1
194,21,1016.72,434.92,94.03,274.91,0.6466,-1,-1,-1
194,25,1148.33,446.86,47.25,101.76,0.3701,-1,-1,-1
194,26,461.73,476.47,37.40,99.38,0.3317,-1,-1,-1
194,27,570.14,442.54,62.84,175.59,0.6697,-1,-1,-1
195,2,805.74,424.29,123.49,383.36,0.7892,-1,-1,-1
195,3,636.58,423.50,177.68,540.74,0.7844,-1,-1,-1
195,5,946.98,446.80,115.03,309.53,0.7594,-1,-1,-1
195,19,636.58,423.50,177.68,540.74,0.7844,-1,-1,-1
195,21,1020.51,433.67,95.53,277.86,0.6926,-1,-1,-1
195,25,1147.52,445.08,43.32,103.30,0.4054,-1,-1,-1
195,26,459.27,474.58,43.61,100.54,0.2971,-1,-1,-1
195,27,569.82,441.81,63.82,176.37,0.6821,-1,-1,-1
196,2,807.40,425.43,132.03,381.48,0.8252,-1,-1,-1
196,3,642.64,423.97,173.57,539.18,0.8010,-1,-1,-1
196,5,947.71,448.45,115.61,308.74,0.7276,-1,-1,-1
196,19,642.64,423.97,173.57,539.18,0.8010,-1,-1,-1
196,21,1025.05,432.54,96.45,280.10,0.6812,-1,-1,-1
196,25,1146.52,441.89,43.00,106.13,0.4139,-1,-1,-1
196,26,457.03,473.61,45.24,101.65,0.3466,-1,-1,-1
196,27,569.83,442.43,64.93,175.76,0.6701,-1,-1,-1
196,28,512.63,439.79,38.70,121.70,0.4384,-1,-1,-1
197,2,809.75,426.91,143.39,380.06,0.8145,-1,-1,-1
197,3,646.35,422.46,166.94,548.53,0.8226,-1,-1,-1
197,5,951.07,447.61,112.79,309.86,0.7515,-1,-1,-1
197,19,646.35,422.46,166.94,548.53,0.8226,-1,-1,-1
197,21,1029.74,431.73,96.16,281.58,0.4672,-1,-1,-1
197,25,1146.04,443.28,42.83,104.58,0.3621,-1,-1,-1
197,26,455.82,471.72,44.73,103.54,0.3352,-1,-1,-1
197,27,569.62,441.40,66.36,175.99,0.6701,-1,-1,-1
197,28,512.89,439.86,38.63,121.28,0.4483,-1,-1,-1
198,2,813.18,430.94,149.62,376.45,0.8300,-1,-1,-1
198,3,649.63,422.74,164.67,544.57,0.8328,-1,-1,-1
198,5,957.09,447.51,107.54,311.06,0.7685,-1,-1,-1
198,19,649.63,422.74,164.67,544.57,0.8328,-1,-1,-1
198,21,1035.67,432.83,93.45,281.16,0.6462,-1,-1,-1
198,25,1146.27,441.52,42.71,106.31,0.3869,-1,-1,-1
198,26,457.63,471.56,39.91,103.33,0.3185,-1,-1,-1
198,27,570.24,441.71,66.67,175.65,0.6822,-1,-1,-1
198,28,515.28,443.65,36.93,118.58,0.3382,-1,-1,-1
199,2,816.08,432.73,156.31,375.64,0.8462,-1,-1,-1
199,3,649.56,423.24,169.81,541.64,0.8391,-1,-1,-1
199,5,964.01,447.89,104.90,312.59,0.7579,-1,-1,-1
199,19,649.56,423.24,169.81,541.64,0.8391,-1,-1,-1
199,21,1040.13,435.89,92.99,280.23,0.6358,-1,-1,-1
199,25,1145.10,443.14,40.93,105.33,0.3757,-1,-1,-1
199,26,457.07,472.05,38.78,103.24,0.2785,-1,-1,-1
199,27,571.47,443.29,65.04,173.48,0.6885,-1,-1,-1
199,28,514.87,447.30,37.09,115.46,0.3016,-1,-1,-1
200,2,817.49,434.96,159.08,374.71,0.8426,-1,-1,-1
200,3,651.78,422.61,171.56,541.32,0.8591,-1,-1,-1
200,5,969.54,448.53,103.43,312.09,0.7219,-1,-1,-1
200,19,651.78,422.61,171.56,541.32,0.8591,-1,-1,-1
200,21,1042.67,434.44,93.57,284.03,0.6057,-1,-1,-1
200,25,1145.20,442.38,37.32,106.48,0.3230,-1,-1,-1
200,26,456.34,469.52,37.03,100.83,0.2894,-1,-1,-1
200,27,571.81,445.57,64.80,171.70,0.6769,-1,-1,-1
200,28,512.70,445.30,38.02,116.73,0.3385,-1,-1,-1
201,2,820.10,436.89,159.21,373.86,0.8389,-1,-1,-1
201,3,656.81,422.89,173.00,539.64,0.8445,-1,-1,-1
201,5,977.47,450.80,94.95,310.24,0.7077,-1,-1,-1
201,19,656.81,422.89,173.00,539.64,0.8445,-1,-1,-1
201,21,1047.17,435.46,92.74,287.32,0.6135,-1,-1,-1
201,25,1143.17,440.81,36.62,108.38,0.3228,-1,-1,-1
201,26,454.63,468.10,37.65,105.36,0.2766,-1,-1,-1
201,27,573.21,444.81,63.93,170.77,0.6632,-1,-1,-1
201,28,510.83,441.70,39.43,120.11,0.2783,-1,-1,-1
202,2,822.15,437.64,156.78,374.71,0.8450,-1,-1,-1
202,3,658.51,421.79,177.25,542.09,0.8548,-1,-1,-1
202,5,985.11,449.96,90.46,312.41,0.7740,-1,-1,-1
202,19,658.51,421.79,177.25,542.09,0.8548,-1,-1,-1
202,21,1050.21,436.06,94.67,284.11,0.6830,-1,-1,-1
202,25,1142.07,438.97,35.33,109.48,0.3481,-1,-1,-1
202,26,453.89,471.30,36.23,100.80,0.2488,-1,-1,-1
202,27,573.20,446.47,65.68,168.80,0.6782,-1,-1,-1
202,28,511.86,439.53,38.57,121.75,0.2162,-1,-1,-1
203,2,823.91,437.91,153.65,375.62,0.8434,-1,-1,-1
203,3,665.72,424.74,175.61,547.37,0.8228,-1,-1,-1
203,5,988.66,449.74,91.87,313.83,0.7718,-1,-1,-1
203,19,665.72,424.74,175.61,547.37,0.8228,-1,-1,-1
203,21,1053.80,434.94,95.09,283.76,0.6935,-1,-1,-1
203,25,1142.99,437.44,33.03,110.25,0.2445,-1,-1,-1
203,26,451.80,473.61,40.53,99.96,0.2245,-1,-1,-1
203,27,573.55,444.59,67.46,170.78,0.7086,-1,-1,-1
203,28,509.58,439.54,40.39,122.53,0.3393,-1,-1,-1
204,2,824.88,437.59,152.19,376.02,0.8423,-1,-1,-1
204,3,664.95,424.17,179.54,555.59,0.8435,-1,-1,-1
204,5,992.08,449.49,91.95,315.83,0.7722,-1,-1,-1
204,19,664.95,424.17,179.54,555.59,0.8435,-1,-1,-1
204,21,1059.54,434.77,90.74,283.61,0.6989,-1,-1,-1
204,25,1145.10,438.87,30.89,107.63,0.1526,-1,-1,-1
204,26,451.43,473.17,41.97,101.57,0.2984,-1,-1,-1
204,27,575.76,448.20,66.05,167.48,0.7258,-1,-1,-1
204,28,510.15,446.11,38.83,116.00,0.1521,-1,-1,-1
205,2,825.83,435.09,151.64,378.33,0.8316,-1,-1,-1
205,3,668.86,424.06,176.93,564.98,0.8479,-1,-1,-1
205,5,995.12,448.17,93.02,317.01,0.7864,-1,-1,-1
205,19,668.86,424.06,176.93,564.98,0.8479,-1,-1,-1
205,21,1063.57,438.04,88.43,279.05,0.7152,-1,-1,-1
205,26,450.80,474.09,42.65,101.13,0.3193,-1,-1,-1
205,27,575.65,447.03,66.20,169.47,0.7469,-1,-1,-1
205,28,509.81,444.63,39.02,117.62,0.2065,-1,-1,-1
206,2,829.52,435.45,149.79,377.63,0.8325,-1,-1,-1
206,3,673.58,423.23,173.95,569.70,0.8388,-1,-1,-1
206,5,999.79,447.82,92.58,317.51,0.7752,-1,-1,-1
206,19,673.58,423.23,173.95,569.70,0.8388,-1,-1,-1
206,21,1066.29,436.90,87.07,281.33,0.6802,-1,-1,-1
206,26,450.71,475.04,42.48,98.38,0.2302,-1,-1,-1
206,27,575.92,447.05,66.76,170.41,0.7255,-1,-1,-1
206,28,510.26,442.53,39.22,119.96,0.2851,-1,-1,-1
207,2,831.28,435.51,149.53,377.14,0.8277,-1,-1,-1
207,3,676.38,420.64,173.32,573.74,0.8416,-1,-1,-1
207,5,1005.49,448.54,94.14,315.18,0.7192,-1,-1,-1
207,19,676.38,420.64,173.32,573.74,0.8416,-1,-1,-1
207,21,1073.00,435.62,81.20,284.23,0.6520,-1,-1,-1
207,26,450.54,473.24,40.46,97.32,0.2644,-1,-1,-1
207,27,579.09,452.94,64.67,164.45,0.7391,-1,-1,-1
207,28,510.33,447.71,39.36,113.89,0.2334,-1,-1,-1
208,2,833.24,434.88,148.57,379.05,0.8236,-1,-1,-1
208,3,679.33,420.26,172.40,574.04,0.8346,-1,-1,-1
208,5,1009.23,450.14,92.83,311.89,0.6928,-1,-1,-1
208,19,679.33,420.26,172.40,574.04,0.8346,-1,-1,-1
208,21,1076.82,434.08,77.24,297.87,0.5922,-1,-1,-1
208,26,448.62,470.75,40.66,101.54,0.2034,-1,-1,-1
208,27,580.94,454.33,63.62,163.34,0.7305,-1,-1,-1
208,28,510.37,445.82,40.02,115.66,0.3968,-1,-1,-1
208,29,1187.40,447.76,40.34,102.74,0.4098,-1,-1,-1
209,2,835.82,434.59,146.72,380.24,0.8075,-1,-1,-1
209,3,683.29,416.97,171.26,577.71,0.8193,-1,-1,-1
209,5,1011.88,446.69,123.23,316.02,0.5993,-1,-1,-1
209,19,683.29,416.97,171.26,577.71,0.8193,-1,-1,-1
209,21,1082.63,433.70,77.05,288.15,0.6136,-1,-1,-1
209,26,447.72,471.15,40.98,101.90,0.1572,-1,-1,-1
209,27,582.24,456.76,65.43,160.98,0.7433,-1,-1,-1
209,28,510.70,444.64,40.52,117.05,0.4144,-1,-1,-1
209,29,1188.71,448.45,40.25,102.99,0.4842,-1,-1,-1
210,2,839.61,429.93,147.73,384.48,0.8139,-1,-1,-1
210,3,686.05,415.84,171.53,578.69,0.7953,-1,-1,-1
210,5,1016.30,444.63,141.07,318.55,0.8152,-1,-1,-1
210,19,686.05,415.84,171.53,578.69,0.7953,-1,-1,-1
210,21,1087.12,433.66,78.93,270.01,0.2469,-1,-1,-1
210,26,445.42,473.84,41.35,99.34,0.1795,-1,-1,-1
210,27,584.07,457.31,66.60,160.04,0.7272,-1,-1,-1
210,28,510.77,443.09,40.47,118.01,0.4126,-1,-1,-1
210,29,1189.98,446.01,39.99,106.11,0.4825,-1,-1,-1
211,2,845.57,430.19,148.80,385.83,0.7886,-1,-1,-1
211,3,686.31,418.57,174.06,576.42,0.8112,-1,-1,-1
211,5,1019.47,443.71,152.74,319.74,0.8007,-1,-1,-1
211,19,686.31,418.57,174.06,576.42,0.8112,-1,-1,-1
211,21,1090.13,433.36,82.46,260.88,0.3126,-1,-1,-1
211,27,584.87,453.59,69.67,163.50,0.7423,-1,-1,-1
211,28,510.72,441.77,40.25,119.31,0.4344,-1,-1,-1
211,29,1191.87,445.15,38.87,107.49,0.4640,-1,-1,-1
212,2,851.56,430.50,147.51,386.04,0.7878,-1,-1,-1
212,3,688.18,416.43,173.59,578.40,0.8253,-1,-1,-1
212,5,1021.17,444.71,160.78,319.66,0.7905,-1,-1,-1
212,19,688.18,416.43,173.59,578.40,0.8253,-1,-1,-1
212,21,1095.84,430.74,81.22,253.41,0.3555,-1,-1,-1
212,27,587.16,451.95,68.57,164.45,0.7129,-1,-1,-1
212,28,510.90,440.64,40.69,120.02,0.4645,-1,-1,-1
212,29,1193.25,446.48,38.60,105.92,0.5083,-1,-1,-1
213,2,860.47,430.58,141.45,386.68,0.8084,-1,-1,-1
213,3,688.72,414.55,176.32,579.73,0.8220,-1,-1,-1
213,5,1021.59,446.96,164.46,319.06,0.8067,-1,-1,-1
213,19,688.72,414.55,176.32,579.73,0.8220,-1,-1,-1
213,21,1099.88,432.85,79.93,265.64,0.5038,-1,-1,-1
213,27,588.14,452.27,68.26,164.56,0.7383,-1,-1,-1
213,28,510.80,439.46,41.35,121.08,0.4532,-1,-1,-1
213,29,1194.51,446.84,38.01,104.04,0.3673,-1,-1,-1
214,2,869.13,429.69,137.82,385.93,0.8162,-1,-1,-1
214,3,690.13,413.71,175.96,580.04,0.8243,-1,-1,-1
214,5,1021.35,448.00,166.13,319.31,0.7728,-1,-1,-1
214,19,690.13,413.71,175.96,580.04,0.8243,-1,-1,-1
214,21,1104.96,431.55,78.76,274.27,0.5416,-1,-1,-1
214,27,589.25,451.41,67.62,166.40,0.7260,-1,-1,-1
214,28,510.51,439.15,42.33,121.01,0.4716,-1,-1,-1
214,29,1195.30,445.60,39.96,104.05,0.3776,-1,-1,-1
215,2,877.38,429.19,130.51,387.11,0.8101,-1,-1,-1
215,3,692.92,412.12,176.11,582.12,0.8178,-1,-1,-1
215,5,1021.52,447.14,164.06,321.08,0.8160,-1,-1,-1
215,19,692.92,412.12,176.11,582.12,0.8178,-1,-1,-1
215,21,1111.67,427.75,77.31,286.24,0.5558,-1,-1,-1
215,27,591.01,453.96,66.96,163.62,0.6824,-1,-1,-1
215,28,510.36,438.49,42.81,121.42,0.4793,-1,-1,-1
215,29,1197.19,441.99,40.88,108.58,0.3530,-1,-1,-1
216,2,882.21,427.80,126.59,388.61,0.8191,-1,-1,-1
216,3,695.25,414.04,176.38,580.04,0.7933,-1,-1,-1
216,5,1022.05,446.38,167.07,323.42,0.8255,-1,-1,-1
216,19,695.25,414.04,176.38,580.04,0.7933,-1,-1,-1
216,21,1120.18,429.48,71.08,288.43,0.4628,-1,-1,-1
216,27,593.87,455.55,65.58,165.55,0.6857,-1,-1,-1
216,28,510.15,438.10,43.18,121.26,0.4926,-1,-1,-1
216,29,1198.85,440.27,41.16,111.32,0.4075,-1,-1,-1
217,2,884.59,428.40,125.19,390.86,0.8152,-1,-1,-1
217,3,694.99,413.45,180.64,580.11,0.7479,-1,-1,-1
217,5,1023.95,446.47,166.52,323.27,0.7896,-1,-1,-1
217,19,694.99,413.45,180.64,580.11,0.7479,-1,-1,-1
217,21,1127.02,427.88,73.05,292.89,0.2907,-1,-1,-1
217,27,595.22,457.09,65.64,165.58,0.7145,-1,-1,-1
217,28,509.85,438.07,43.35,120.97,0.4861,-1,-1,-1
217,29,1199.66,437.88,42.03,113.72,0.4761,-1,-1,-1
218,2,887.71,427.47,124.74,395.27,0.8202,-1,-1,-1
218,3,697.94,411.33,184.24,582.72,0.7671,-1,-1,-1
218,5,1027.60,442.69,163.76,327.45,0.7870,-1,-1,-1
218,19,697.94,411.33,184.24,582.72,0.7671,-1,-1,-1
218,21,1132.98,429.20,71.85,297.55,0.2300,-1,-1,-1
218,27,597.59,457.75,64.79,165.29,0.6982,-1,-1,-1
218,28,509.34,438.93,42.79,120.27,0.5038,-1,-1,-1
218,29,1201.31,440.03,42.96,111.82,0.4354,-1,-1,-1
219,2,890.25,426.04,126.57,400.16,0.8411,-1,-1,-1
219,3,701.30,411.12,186.55,582.79,0.7602,-1,-1,-1
219,5,1035.48,438.80,155.62,331.07,0.7945,-1,-1,-1
219,19,701.30,411.12,186.55,582.79,0.7602,-1,-1,-1
219,21,1137.93,427.55,71.38,305.41,0.2696,-1,-1,-1
219,27,596.45,460.27,65.49,165.38,0.6769,-1,-1,-1
219,28,509.09,439.05,42.86,119.95,0.5114,-1,-1,-1
219,29,1202.08,439.41,43.48,112.26,0.4275,-1,-1,-1
220,2,892.59,425.91,126.98,405.20,0.8422,-1,-1,-1
220,3,708.86,410.02,191.10,583.28,0.8118,-1,-1,-1
220,5,1044.34,438.74,147.50,330.87,0.8068,-1,-1,-1
220,19,708.86,410.02,191.10,583.28,0.8118,-1,-1,-1
220,27,596.92,461.35,65.41,165.04,0.7001,-1,-1,-1
220,28,508.73,438.66,43.12,120.20,0.5422,-1,-1,-1
220,29,1206.10,444.22,41.03,106.89,0.3048,-1,-1,-1
221,2,895.71,424.97,128.14,407.97,0.8386,-1,-1,-1
221,3,714.54,410.30,205.61,583.81,0.8604,-1,-1,-1
221,5,1052.74,438.45,140.01,331.09,0.8092,-1,-1,-1
221,19,714.54,410.30,205.61,583.81,0.8604,-1,-1,-1
221,27,598.22,460.93,63.04,163.93,0.7230,-1,-1,-1
221,28,508.87,439.19,42.79,120.32,0.5023,-1,-1,-1
221,29,1207.38,451.41,42.09,99.22,0.1571,-1,-1,-1
221,21,1149.44,435.53,68.84,297.24,0.5497,-1,-1,-1
222,2,897.14,424.82,130.03,409.32,0.8379,-1,-1,-1
222,3,716.91,410.45,219.35,584.03,0.8614,-1,-1,-1
222,5,1064.70,439.30,128.40,330.30,0.8168,-1,-1,-1
222,19,716.91,410.45,219.35,584.03,0.8614,-1,-1,-1
222,27,600.30,461.21,60.14,163.41,0.7403,-1,-1,-1
222,28,508.87,439.10,42.52,120.85,0.4928,-1,-1,-1
222,21,1154.92,434.46,76.15,295.56,0.5986,-1,-1,-1
223,2,899.99,426.40,129.96,411.02,0.8240,-1,-1,-1
223,3,717.71,407.54,239.39,587.39,0.8502,-1,-1,-1
223,5,1077.79,439.29,115.47,331.04,0.7982,-1,-1,-1
223,19,717.71,407.54,239.39,587.39,0.8502,-1,-1,-1
223,27,601.45,459.15,58.75,166.92,0.6914,-1,-1,-1
223,28,507.69,439.46,44.62,121.00,0.4910,-1,-1,-1
223,21,1166.67,431.61,69.63,298.67,0.2279,-1,-1,-1
224,2,901.68,427.32,128.52,412.81,0.8212,-1,-1,-1
224,3,721.29,406.77,256.08,587.11,0.8502,-1,-1,-1
224,5,1093.23,440.63,108.25,333.04,0.7632,-1,-1,-1
224,19,721.29,406.77,256.08,587.11,0.8502,-1,-1,-1
224,27,603.37,459.47,57.03,165.60,0.6905,-1,-1,-1
224,28,507.18,439.94,45.93,120.77,0.5185,-1,-1,-1
224,21,1175.02,437.82,63.16,291.66,0.1628,-1,-1,-1
225,2,903.40,428.01,128.80,414.37,0.8180,-1,-1,-1
225,3,724.65,408.66,267.37,586.80,0.8309,-1,-1,-1
225,5,1102.70,440.06,98.46,335.73,0.7244,-1,-1,-1
225,19,724.65,408.66,267.37,586.80,0.8309,-1,-1,-1
225,27,603.73,460.62,58.21,166.48,0.6750,-1,-1,-1
225,28,507.84,440.11,45.43,120.67,0.4953,-1,-1,-1
225,21,1172.40,430.74,63.13,303.14,0.3152,-1,-1,-1
226,2,904.91,428.54,132.30,415.48,0.8178,-1,-1,-1
226,3,727.57,405.31,279.81,590.85,0.8566,-1,-1,-1
226,5,1109.14,437.95,94.81,340.38,0.6919,-1,-1,-1
226,19,727.57,405.31,279.81,590.85,0.8566,-1,-1,-1
226,27,604.50,461.94,57.57,167.17,0.6738,-1,-1,-1
226,28,507.40,439.85,45.78,120.95,0.5070,-1,-1,-1
226,21,1175.26,431.76,63.25,303.42,0.5215,-1,-1,-1
227,2,906.36,428.44,135.63,416.67,0.8113,-1,-1,-1
227,3,729.94,404.93,289.92,590.51,0.8732,-1,-1,-1
227,5,1114.77,438.11,96.72,342.37,0.7436,-1,-1,-1
227,19,729.94,404.93,289.92,590.51,0.8732,-1,-1,-1
227,27,606.48,460.05,55.71,168.07,0.6644,-1,-1,-1
227,28,506.79,438.88,46.02,121.91,0.4668,-1,-1,-1
227,21,1178.94,429.42,66.96,308.05,0.5511,-1,-1,-1
228,2,907.36,426.26,138.31,418.59,0.7917,-1,-1,-1
228,3,734.18,406.83,293.30,588.47,0.8740,-1,-1,-1
228,5,1118.11,438.50,99.25,348.31,0.7538,-1,-1,-1
228,19,734.18,406.83,293.30,588.47,0.8740,-1,-1,-1
228,27,607.55,460.61,54.34,167.09,0.6634,-1,-1,-1
228,28,506.06,439.00,46.22,122.20,0.4947,-1,-1,-1
228,21,1184.54,429.36,68.53,306.91,0.4416,-1,-1,-1
229,2,907.45,426.48,139.75,418.52,0.7790,-1,-1,-1
229,3,738.58,407.84,297.69,587.75,0.8633,-1,-1,-1
229,5,1119.33,440.50,100.99,348.46,0.7591,-1,-1,-1
229,19,738.58,407.84,297.69,587.75,0.8633,-1,-1,-1
229,27,608.47,457.46,55.31,173.09,0.6667,-1,-1,-1
229,28,506.36,438.73,46.31,122.75,0.4472,-1,-1,-1
229,21,1189.56,422.69,73.23,229.92,0.5812,-1,-1,-1
229,26,425.69,477.36,44.12,101.05,0.3821,-1,-1,-1
230,2,908.26,425.96,143.42,417.90,0.7787,-1,-1,-1
230,3,744.35,410.65,295.18,584.49,0.8321,-1,-1,-1
230,5,1120.77,441.96,107.28,349.10,0.7168,-1,-1,-1
230,19,744.35,410.65,295.18,584.49,0.8321,-1,-1,-1
230,27,610.72,457.61,56.12,174.64,0.6642,-1,-1,-1
230,28,506.51,439.98,45.57,121.26,0.4376,-1,-1,-1
230,21,1194.21,418.90,73.85,199.27,0.5678,-1,-1,-1
230,26,425.55,478.15,45.68,99.85,0.4626,-1,-1,-1
231,2,910.84,425.53,138.69,417.61,0.7764,-1,-1,-1
231,3,750.55,411.15,289.96,585.21,0.8498,-1,-1,-1
231,5,1126.06,440.66,120.35,350.64,0.7973,-1,-1,-1
231,19,750.55,411.15,289.96,585.21,0.8498,-1,-1,-1
231,27,610.93,461.41,58.90,170.58,0.6846,-1,-1,-1
231,28,507.56,439.91,44.58,121.32,0.4875,-1,-1,-1
231,21,1199.16,418.40,73.17,188.21,0.5553,-1,-1,-1
231,26,425.35,477.56,45.45,100.57,0.4684,-1,-1,-1
232,2,913.34,425.11,134.02,419.05,0.7990,-1,-1,-1
232,3,759.24,410.18,282.63,586.21,0.8219,-1,-1,-1
232,5,1132.28,440.37,127.69,351.52,0.7951,-1,-1,-1
232,19,759.24,410.18,282.63,586.21,0.8219,-1,-1,-1
232,27,611.41,457.05,60.08,174.52,0.6764,-1,-1,-1
232,28,507.92,440.55,43.84,120.91,0.5419,-1,-1,-1
232,21,1204.09,418.32,70.91,182.52,0.4756,-1,-1,-1
232,26,425.38,477.76,45.91,100.21,0.4858,-1,-1,-1
233,2,918.91,424.85,128.96,421.97,0.7580,-1,-1,-1
233,3,766.44,411.58,276.62,585.09,0.8234,-1,-1,-1
233,5,1134.35,442.02,132.23,351.59,0.8316,-1,-1,-1
233,19,766.44,411.58,276.62,585.09,0.8234,-1,-1,-1
233,27,611.60,454.75,62.54,176.57,0.6711,-1,-1,-1
233,28,508.56,440.53,42.07,120.65,0.5223,-1,-1,-1
233,21,1208.67,424.62,69.21,176.35,0.3829,-1,-1,-1
233,26,425.50,477.81,43.72,99.49,0.4406,-1,-1,-1
234,2,922.96,424.57,126.11,424.97,0.7377,-1,-1,-1
234,3,775.06,415.60,269.96,581.91,0.7897,-1,-1,-1
234,5,1135.27,444.10,133.89,352.99,0.8436,-1,-1,-1
234,19,775.06,415.60,269.96,581.91,0.7897,-1,-1,-1
234,27,612.64,456.08,63.90,173.57,0.6641,-1,-1,-1
234,28,508.56,440.31,41.98,120.80,0.5272,-1,-1,-1
234,21,1212.59,423.92,68.95,178.68,0.3032,-1,-1,-1
234,26,424.99,477.02,42.06,99.86,0.4593,-1,-1,-1
235,2,924.82,423.88,125.34,430.66,0.6978,-1,-1,-1
235,3,786.25,417.88,259.00,579.44,0.8166,-1,-1,-1
235,5,1135.26,444.75,137.04,355.69,0.8149,-1,-1,-1
235,19,786.25,417.88,259.00,579.44,0.8166,-1,-1,-1
235,27,615.56,454.78,61.25,175.44,0.6713,-1,-1,-1
235,28,508.67,440.53,40.89,120.49,0.5102,-1,-1,-1
235,21,1216.32,428.06,68.44,175.18,0.4326,-1,-1,-1
235,26,424.74,476.70,40.70,99.23,0.4737,-1,-1,-1
235,31,734.94,427.27,156.29,435.49,0.5507,-1,-1,-1
236,2,932.47,423.36,117.86,430.14,0.6907,-1,-1,-1
236,3,790.22,413.17,254.84,584.27,0.8125,-1,-1,-1
236,5,1135.68,444.43,138.61,358.03,0.8209,-1,-1,-1
236,19,790.22,413.17,254.84,584.27,0.8125,-1,-1,-1
236,27,619.53,456.47,57.56,173.96,0.6884,-1,-1,-1
236,28,508.49,440.31,40.28,120.35,0.4780,-1,-1,-1
236,21,1221.26,430.11,66.99,175.47,0.4839,-1,-1,-1
236,26,424.72,475.14,39.21,100.09,0.4677,-1,-1,-1
236,31,743.03,430.62,142.99,434.00,0.5302,-1,-1,-1
237,2,938.75,423.09,116.22,422.47,0.5452,-1,-1,-1
237,3,792.69,415.63,251.12,582.04,0.8147,-1,-1,-1
237,5,1137.53,442.72,139.39,360.76,0.8085,-1,-1,-1
237,19,792.69,415.63,251.12,582.04,0.8147,-1,-1,-1
237,27,621.51,455.20,55.76,175.13,0.6499,-1,-1,-1
237,28,509.09,440.08,39.94,119.62,0.4445,-1,-1,-1
237,21,1229.42,430.02,65.07,178.49,0.4660,-1,-1,-1
237,26,424.18,472.68,39.29,100.57,0.2571,-1,-1,-1
237,31,754.21,432.97,130.63,431.07,0.5870,-1,-1,-1
238,2,943.11,422.04,116.22,411.57,0.5794,-1,-1,-1
238,3,791.52,411.86,251.92,585.69,0.8136,-1,-1,-1
238,5,1140.74,438.96,138.11,365.02,0.7699,-1,-1,-1
238,19,791.52,411.86,251.92,585.69,0.8136,-1,-1,-1
238,27,623.99,458.07,52.06,175.19,0.6747,-1,-1,-1
238,28,509.59,441.34,39.46,117.09,0.3341,-1,-1,-1
238,21,1233.46,429.71,71.07,180.26,0.4721,-1,-1,-1
238,26,424.04,473.11,39.28,100.22,0.2825,-1,-1,-1
238,31,759.00,436.43,124.75,428.81,0.4338,-1,-1,-1
239,2,948.72,423.03,113.73,375.21,0.4359,-1,-1,-1
239,3,793.15,409.02,249.06,589.05,0.8386,-1,-1,-1
239,5,1147.09,437.91,132.38,366.81,0.7496,-1,-1,-1
239,19,793.15,409.02,249.06,589.05,0.8386,-1,-1,-1
239,27,625.89,460.16,52.51,174.21,0.6684,-1,-1,-1
239,28,509.54,441.58,39.50,116.66,0.3981,-1,-1,-1
239,21,1238.57,432.66,75.09,272.21,0.4480,-1,-1,-1
239,26,423.79,474.53,38.42,98.69,0.2397,-1,-1,-1
239,31,726.34,438.64,150.41,427.58,0.5458,-1,-1,-1
240,2,954.27,424.39,114.52,402.55,0.6240,-1,-1,-1
240,3,796.40,410.89,245.56,587.67,0.8480,-1,-1,-1
240,5,1158.42,437.47,122.11,370.48,0.7143,-1,-1,-1
240,19,796.40,410.89,245.56,587.67,0.8480,-1,-1,-1
240,27,627.62,460.59,51.64,172.97,0.5954,-1,-1,-1
240,28,509.28,441.35,39.67,117.28,0.4040,-1,-1,-1
240,21,1244.12,432.58,72.53,305.15,0.5407,-1,-1,-1
240,26,422.12,474.94,37.79,98.14,0.1996,-1,-1,-1
240,31,718.58,438.73,159.80,429.39,0.6310,-1,-1,-1
241,2,959.80,425.15,110.48,411.95,0.6740,-1,-1,-1
241,3,807.39,414.47,235.73,585.13,0.8196,-1,-1,-1
241,5,1169.79,437.78,113.09,371.24,0.7354,-1,-1,-1
241,19,807.39,414.47,235.73,585.13,0.8196,-1,-1,-1
241,27,628.97,458.20,55.04,174.37,0.5834,-1,-1,-1
241,28,509.06,441.82,39.67,116.92,0.4083,-1,-1,-1
241,21,1250.93,431.30,67.38,321.60,0.5438,-1,-1,-1
241,31,719.28,438.11,161.96,429.13,0.6225,-1,-1,-1
242,2,959.66,425.66,113.06,411.99,0.5606,-1,-1,-1
242,3,820.19,420.71,221.96,581.56,0.8240,-1,-1,-1
242,5,1179.46,437.46,110.65,368.72,0.6818,-1,-1,-1
242,19,820.19,420.71,221.96,581.56,0.8240,-1,-1,-1
242,27,629.18,459.10,56.99,171.79,0.5867,-1,-1,-1
242,28,508.69,443.83,39.63,115.19,0.3896,-1,-1,-1
242,21,1255.27,429.96,64.72,336.47,0.2629,-1,-1,-1
242,31,743.17,437.94,140.29,432.88,0.6463,-1,-1,-1
243,2,972.50,427.10,101.37,409.50,0.4631,-1,-1,-1
243,3,828.35,409.06,214.52,595.31,0.8007,-1,-1,-1
243,5,1187.91,435.94,108.05,368.87,0.6389,-1,-1,-1
243,19,828.35,409.06,214.52,595.31,0.8007,-1,-1,-1
243,27,630.36,460.82,59.60,169.06,0.5670,-1,-1,-1
243,28,508.25,448.32,39.96,110.68,0.3382,-1,-1,-1
243,21,1257.05,427.40,64.33,351.22,0.1966,-1,-1,-1
243,31,737.46,437.63,149.22,432.67,0.6695,-1,-1,-1
244,2,979.87,424.10,96.91,415.00,0.4868,-1,-1,-1
244,3,838.85,399.72,205.70,607.80,0.7915,-1,-1,-1
244,5,1197.62,434.07,111.74,370.06,0.7684,-1,-1,-1
244,19,838.85,399.72,205.70,607.80,0.7915,-1,-1,-1
244,27,631.35,461.92,63.83,168.90,0.5952,-1,-1,-1
244,28,507.76,447.94,40.52,111.28,0.3742,-1,-1,-1
244,21,1264.71,424.03,61.60,267.62,0.1555,-1,-1,-1
244,31,734.90,436.82,152.79,432.82,0.6903,-1,-1,-1
245,2,984.20,421.42,94.92,418.74,0.2528,-1,-1,-1
245,3,847.31,400.13,201.76,613.43,0.7382,-1,-1,-1
245,5,1204.56,432.34,115.15,372.01,0.7983,-1,-1,-1
245,19,847.31,400.13,201.76,613.43,0.7382,-1,-1,-1
245,27,631.72,462.81,65.35,168.67,0.5915,-1,-1,-1
245,28,507.18,447.08,41.21,111.82,0.3848,-1,-1,-1
245,21,1270.34,419.24,62.74,237.22,0.2650,-1,-1,-1
245,31,734.74,437.62,156.76,434.11,0.6435,-1,-1,-1
246,2,986.09,422.67,101.06,420.73,0.2652,-1,-1,-1
246,3,855.69,407.91,197.57,615.61,0.7832,-1,-1,-1
246,5,1209.21,431.51,113.32,371.60,0.7652,-1,-1,-1
246,19,855.69,407.91,197.57,615.61,0.7832,-1,-1,-1
246,27,632.60,461.73,64.87,169.23,0.5923,-1,-1,-1
246,28,507.41,443.25,41.35,115.76,0.3772,-1,-1,-1
246,21,1277.34,420.47,60.93,223.15,0.4107,-1,-1,-1
246,31,734.80,439.01,162.58,433.88,0.5698,-1,-1,-1
247,2,990.32,426.97,107.26,419.61,0.2769,-1,-1,-1
247,3,865.65,416.60,190.00,615.37,0.7729,-1,-1,-1
247,5,1212.56,430.66,117.99,370.61,0.7320,-1,-1,-1
247,19,865.65,416.60,190.00,615.37,0.7729,-1,-1,-1
247,27,632.51,459.25,68.00,172.22,0.5075,-1,-1,-1
247,28,505.31,441.91,43.45,117.24,0.4357,-1,-1,-1
247,21,1283.82,426.49,55.54,206.55,0.2143,-1,-1,-1
247,31,758.49,437.38,145.71,438.43,0.5569,-1,-1,-1
248,2,993.30,437.90,117.07,411.52,0.2499,-1,-1,-1
248,3,876.27,419.09,185.91,618.90,0.7379,-1,-1,-1
248,5,1216.37,430.96,130.04,371.32,0.8024,-1,-1,-1
248,19,876.27,419.09,185.91,618.90,0.7379,-1,-1,-1
248,27,636.49,460.58,62.54,171.42,0.5894,-1,-1,-1
248,28,504.25,440.77,44.60,118.43,0.3943,-1,-1,-1
248,21,1289.91,427.22,53.41,213.31,0.1559,-1,-1,-1
248,31,768.02,435.34,139.61,441.88,0.5747,-1,-1,-1
249,2,995.47,434.36,115.65,415.11,0.2453,-1,-1,-1
249,3,884.66,421.90,182.15,620.90,0.7133,-1,-1,-1
249,5,1219.27,431.00,145.84,371.80,0.6993,-1,-1,-1
249,19,884.66,421.90,182.15,620.90,0.7133,-1,-1,-1
249,27,637.35,455.11,61.98,177.66,0.5774,-1,-1,-1
249,28,504.79,442.50,44.51,116.96,0.4016,-1,-1,-1
249,21,1295.85,423.80,52.49,222.26,0.2646,-1,-1,-1
249,31,776.95,432.46,141.06,445.33,0.7505,-1,-1,-1
250,2,994.02,431.50,119.10,418.32,0.2053,-1,-1,-1
250,3,891.29,423.06,208.39,617.93,0.7204,-1,-1,-1
250,5,1221.09,431.79,165.10,372.45,0.7418,-1,-1,-1
250,19,891.29,423.06,208.39,617.93,0.7204,-1,-1,-1
250,27,641.86,451.53,64.60,181.98,0.6447,-1,-1,-1
250,28,506.93,443.78,42.78,115.73,0.3396,-1,-1,-1
250,21,1302.71,432.61,50.94,214.03,0.1670,-1,-1,-1
250,31,780.05,429.14,145.34,449.04,0.7529,-1,-1,-1
251,3,901.05,414.34,213.80,629.61,0.7894,-1,-1,-1
251,5,1220.41,430.43,183.34,374.37,0.8487,-1,-1,-1
251,19,901.05,414.34,213.80,629.61,0.7894,-1,-1,-1
251,27,646.57,450.11,66.68,182.26,0.6700,-1,-1,-1
251,28,507.47,445.27,42.79,114.65,0.3449,-1,-1,-1
251,31,784.08,428.75,142.45,449.78,0.7635,-1,-1,-1
252,3,909.17,407.05,216.47,634.97,0.8474,-1,-1,-1
252,5,1220.15,428.00,196.75,377.76,0.8414,-1,-1,-1
252,19,909.17,407.05,216.47,634.97,0.8474,-1,-1,-1
252,27,649.42,448.30,67.39,183.72,0.7185,-1,-1,-1
252,28,507.41,443.78,43.58,116.52,0.3642,-1,-1,-1
252,31,785.45,429.21,143.05,450.42,0.7428,-1,-1,-1
252,34,1848.14,519.28,71.39,261.52,0.4945,-1,-1,-1
252,26,410.72,472.28,44.03,99.94,0.3845,-1,-1,-1
253,3,917.35,405.05,212.98,636.91,0.8429,-1,-1,-1
253,5,1220.39,427.33,203.61,379.79,0.8539,-1,-1,-1
253,19,917.35,405.05,212.98,636.91,0.8429,-1,-1,-1
253,27,651.80,447.04,66.47,185.27,0.6938,-1,-1,-1
253,28,508.04,444.07,43.44,116.69,0.3318,-1,-1,-1
253,31,788.91,431.20,138.51,446.93,0.7412,-1,-1,-1
253,34,1848.11,486.67,71.46,292.27,0.5930,-1,-1,-1
253,26,410.25,471.30,44.66,100.61,0.3768,-1,-1,-1
254,3,922.66,407.59,206.85,634.09,0.8355,-1,-1,-1
254,5,1219.96,424.93,204.58,383.96,0.8595,-1,-1,-1
254,19,922.66,407.59,206.85,634.09,0.8355,-1,-1,-1
254,27,654.85,447.61,63.96,184.51,0.7196,-1,-1,-1
254,28,508.49,445.81,42.94,115.25,0.3833,-1,-1,-1
254,31,788.38,432.49,138.80,445.39,0.7462,-1,-1,-1
254,34,1841.51,410.87,77.96,368.93,0.5196,-1,-1,-1
254,26,410.66,468.80,42.43,103.24,0.3536,-1,-1,-1
254,35,730.99,484.76,45.64,112.42,0.3836,-1,-1,-1
255,3,926.76,405.73,196.34,637.29,0.8328,-1,-1,-1
255,5,1219.94,426.39,209.50,384.66,0.8621,-1,-1,-1
255,19,926.76,405.73,196.34,637.29,0.8328,-1,-1,-1
255,27,656.87,448.55,64.06,183.97,0.6826,-1,-1,-1
255,28,510.81,446.09,40.91,114.79,0.3656,-1,-1,-1
255,31,796.79,431.28,135.34,446.08,0.7032,-1,-1,-1
255,34,1820.72,382.45,98.65,397.19,0.7462,-1,-1,-1
255,26,410.17,470.19,41.20,102.93,0.3801,-1,-1,-1
255,35,731.03,483.81,46.02,113.61,0.3561,-1,-1,-1
256,3,930.06,407.23,195.43,633.87,0.8421,-1,-1,-1
256,5,1223.18,427.39,210.22,385.77,0.8679,-1,-1,-1
256,19,930.06,407.23,195.43,633.87,0.8421,-1,-1,-1
256,27,658.14,449.59,67.32,183.88,0.7103,-1,-1,-1
256,28,510.57,442.37,41.93,118.88,0.4503,-1,-1,-1
256,31,804.55,431.98,130.81,448.52,0.7444,-1,-1,-1
256,34,1808.25,377.79,110.99,401.98,0.7645,-1,-1,-1
256,26,408.63,473.35,41.53,100.69,0.3763,-1,-1,-1
256,35,730.51,483.48,45.20,114.94,0.3395,-1,-1,-1
257,3,932.17,407.40,190.65,634.24,0.8272,-1,-1,-1
257,5,1227.56,428.23,209.53,385.98,0.8663,-1,-1,-1
257,19,932.17,407.40,190.65,634.24,0.8272,-1,-1,-1
257,27,658.54,451.39,70.21,183.05,0.7086,-1,-1,-1
257,28,510.21,440.87,42.32,120.21,0.4334,-1,-1,-1
257,31,809.48,433.12,128.65,456.90,0.7060,-1,-1,-1
257,34,1807.09,378.50,112.18,401.91,0.7880,-1,-1,-1
257,26,407.58,474.18,42.14,100.84,0.3681,-1,-1,-1
257,35,730.57,483.96,44.51,114.03,0.3060,-1,-1,-1
257,25,1101.46,435.41,49.80,121.24,0.3593,-1,-1,-1
258,3,936.08,400.94,186.34,640.45,0.8026,-1,-1,-1
258,5,1237.23,427.65,201.74,386.04,0.8651,-1,-1,-1
258,19,936.08,400.94,186.34,640.45,0.8026,-1,-1,-1
258,27,659.58,449.05,71.78,189.06,0.7454,-1,-1,-1
258,28,510.24,445.19,42.63,115.19,0.2753,-1,-1,-1
258,31,799.85,433.15,139.56,468.28,0.6284,-1,-1,-1
258,34,1803.76,382.18,115.01,397.47,0.7381,-1,-1,-1
258,26,406.66,473.39,43.00,99.55,0.2303,-1,-1,-1
258,35,732.84,485.55,43.12,114.94,0.2514,-1,-1,-1
258,25,1100.76,434.46,51.61,122.09,0.3991,-1,-1,-1
259,3,936.78,396.53,183.15,645.69,0.7606,-1,-1,-1
259,5,1247.67,427.33,191.65,385.95,0.8004,-1,-1,-1
259,19,936.78,396.53,183.15,645.69,0.7606,-1,-1,-1
259,27,660.13,449.77,73.11,188.54,0.7307,-1,-1,-1
259,28,509.38,443.35,43.16,116.86,0.2403,-1,-1,-1
259,31,807.32,432.44,131.75,472.80,0.6528,-1,-1,-1
259,34,1786.88,387.16,131.59,390.20,0.7976,-1,-1,-1
259,26,405.83,474.09,43.68,98.99,0.2677,-1,-1,-1
259,35,733.64,487.25,43.97,111.97,0.2252,-1,-1,-1
259,25,1100.88,433.04,52.65,123.29,0.4000,-1,-1,-1
260,3,938.67,395.75,178.26,645.33,0.7713,-1,-1,-1
260,5,1258.79,426.37,181.53,386.86,0.7872,-1,-1,-1
260,19,938.67,395.75,178.26,645.33,0.7713,-1,-1,-1
260,27,662.33,451.32,71.60,186.37,0.7028,-1,-1,-1
260,28,507.78,446.18,44.12,113.99,0.2537,-1,-1,-1
260,31,811.91,432.52,128.95,476.97,0.5791,-1,-1,-1
260,34,1759.85,391.23,158.78,385.66,0.7756,-1,-1,-1
260,26,404.64,473.07,44.49,101.56,0.3154,-1,-1,-1
260,35,735.11,489.36,43.18,109.37,0.2701,-1,-1,-1
260,25,1100.89,433.63,54.75,121.28,0.2856,-1,-1,-1
261,3,940.58,398.25,176.25,643.09,0.7815,-1,-1,-1
261,5,1273.52,426.27,166.70,387.17,0.7394,-1,-1,-1
261,19,940.58,398.25,176.25,643.09,0.7815,-1,-1,-1
261,27,663.55,451.00,70.96,188.26,0.7249,-1,-1,-1
261,28,506.24,444.48,45.36,115.99,0.3154,-1,-1,-1
261,31,790.46,439.32,146.96,475.22,0.5593,-1,-1,-1
261,34,1725.54,391.04,193.30,386.98,0.7868,-1,-1,-1
261,26,403.21,471.04,45.79,102.53,0.2713,-1,-1,-1
261,35,735.12,491.95,44.05,107.62,0.2654,-1,-1,-1
261,25,1102.96,435.95,55.20,118.29,0.2110,-1,-1,-1
262,3,941.09,396.56,175.04,645.16,0.7996,-1,-1,-1
262,5,1298.00,424.86,144.67,390.34,0.7774,-1,-1,-1
262,19,941.09,396.56,175.04,645.16,0.7996,-1,-1,-1
262,27,664.27,450.67,70.60,189.35,0.6880,-1,-1,-1
262,28,505.38,440.79,46.08,119.65,0.4139,-1,-1,-1
262,31,809.14,435.80,134.56,479.73,0.6393,-1,-1,-1
262,34,1694.59,401.66,223.20,377.25,0.8118,-1,-1,-1
262,26,401.33,470.72,47.82,99.38,0.3281,-1,-1,-1
262,35,732.99,489.69,46.66,111.52,0.2441,-1,-1,-1
262,25,1103.19,435.64,56.28,119.99,0.3307,-1,-1,-1
263,3,943.41,396.02,174.93,645.67,0.8203,-1,-1,-1
263,5,1312.72,424.49,137.87,391.49,0.7907,-1,-1,-1
263,19,943.41,396.02,174.93,645.67,0.8203,-1,-1,-1
263,27,664.62,452.11,71.96,187.32,0.6493,-1,-1,-1
263,28,503.72,439.35,47.37,121.24,0.4045,-1,-1,-1
263,31,817.84,434.56,128.29,481.90,0.6634,-1,-1,-1
263,34,1673.90,413.46,243.86,365.02,0.8338,-1,-1,-1
263,26,400.81,470.61,48.66,97.39,0.3306,-1,-1,-1
263,35,729.98,487.59,49.33,114.64,0.2525,-1,-1,-1
263,25,1105.15,437.14,54.76,118.52,0.3363,-1,-1,-1
264,3,945.55,398.03,178.58,643.15,0.8215,-1,-1,-1
264,5,1328.52,421.69,129.10,395.88,0.8137,-1,-1,-1
264,19,945.55,398.03,178.58,643.15,0.8215,-1,-1,-1
264,27,666.06,452.40,73.13,186.99,0.6317,-1,-1,-1
264,28,504.20,439.38,47.45,121.09,0.4164,-1,-1,-1
264,31,822.69,433.82,122.08,482.35,0.6325,-1,-1,-1
264,34,1661.94,419.45,254.34,359.04,0.8500,-1,-1,-1
264,26,401.71,468.96,46.22,98.89,0.3457,-1,-1,-1
264,35,728.90,490.19,50.43,112.90,0.2550,-1,-1,-1
264,25,1106.97,438.68,53.13,114.34,0.2284,-1,-1,-1
264,36,1297.03,431.99,42.76,118.49,0.3474,-1,-1,-1
265,3,947.07,400.52,181.34,641.25,0.8286,-1,-1,-1
265,5,1340.10,421.64,121.61,398.03,0.8056,-1,-1,-1
265,19,947.07,400.52,181.34,641.25,0.8286,-1,-1,-1
265,27,668.74,452.18,73.26,187.12,0.6308,-1,-1,-1
265,28,504.53,438.83,47.57,121.59,0.4094,-1,-1,-1
265,31,825.07,433.28,120.51,483.72,0.5963,-1,-1,-1
265,34,1655.76,422.92,253.85,354.75,0.8360,-1,-1,-1
265,26,401.00,468.08,47.99,101.44,0.3569,-1,-1,-1
265,35,731.81,495.51,47.37,106.24,0.1981,-1,-1,-1
265,25,1109.19,438.20,51.69,117.65,0.3257,-1,-1,-1
265,36,1298.23,434.21,45.64,114.49,0.3183,-1,-1,-1
266,3,949.10,402.08,177.98,639.79,0.8176,-1,-1,-1
266,5,1347.56,421.86,121.23,403.07,0.8193,-1,-1,-1
266,19,949.10,402.08,177.98,639.79,0.8176,-1,-1,-1
266,27,673.13,453.46,71.48,185.49,0.5930,-1,-1,-1
266,28,504.91,438.57,47.57,121.87,0.4104,-1,-1,-1
266,31,826.03,432.23,119.96,485.44,0.6313,-1,-1,-1
266,34,1652.44,415.19,245.78,360.36,0.8503,-1,-1,-1
266,26,401.35,467.36,47.89,104.97,0.3041,-1,-1,-1
266,35,734.90,501.09,43.52,99.44,0.1506,-1,-1,-1
266,25,1110.09,438.03,51.97,119.73,0.4104,-1,-1,-1
267,3,950.73,402.33,175.96,639.46,0.8105,-1,-1,-1
267,5,1353.36,419.66,120.81,411.35,0.8201,-1,-1,-1
267,19,950.73,402.33,175.96,639.46,0.8105,-1,-1,-1
267,27,674.99,453.90,71.13,183.99,0.6218,-1,-1,-1
267,28,504.95,438.72,47.62,121.61,0.4299,-1,-1,-1
267,31,826.01,429.48,119.64,489.84,0.7041,-1,-1,-1
267,34,1650.76,415.86,232.05,353.36,0.8300,-1,-1,-1
267,26,400.39,465.10,49.43,108.24,0.3753,-1,-1,-1
267,25,1113.53,438.52,49.07,119.14,0.3499,-1,-1,-1
268,3,951.49,403.33,172.76,638.80,0.8181,-1,-1,-1
268,5,1356.50,422.26,133.56,410.15,0.8309,-1,-1,-1
268,19,951.49,403.33,172.76,638.80,0.8181,-1,-1,-1
268,27,677.00,454.08,69.41,183.21,0.6810,-1,-1,-1
268,28,505.61,437.89,46.95,123.11,0.4164,-1,-1,-1
268,31,825.37,429.63,123.57,489.40,0.5945,-1,-1,-1
268,34,1651.69,414.50,206.43,345.64,0.8203,-1,-1,-1
268,26,397.72,463.68,51.73,110.48,0.3047,-1,-1,-1
268,25,1121.53,445.71,39.85,111.71,0.2918,-1,-1,-1
269,3,951.86,403.50,175.89,639.06,0.8197,-1,-1,-1
269,5,1360.68,423.41,152.42,412.87,0.8576,-1,-1,-1
269,19,951.86,403.50,175.89,639.06,0.8197,-1,-1,-1
269,27,678.83,453.60,67.84,183.04,0.6683,-1,-1,-1
269,28,505.26,436.50,47.20,124.56,0.4431,-1,-1,-1
269,31,823.84,428.87,125.38,491.67,0.5654,-1,-1,-1
269,34,1651.86,415.35,182.31,341.38,0.8101,-1,-1,-1
269,26,394.63,462.41,53.45,110.47,0.3000,-1,-1,-1
269,25,1122.03,444.72,39.81,111.79,0.3672,-1,-1,-1
270,3,953.10,404.23,173.51,638.78,0.8080,-1,-1,-1
270,5,1363.89,423.86,169.34,414.74,0.8497,-1,-1,-1
270,19,953.10,404.23,173.51,638.78,0.8080,-1,-1,-1
270,27,681.38,452.65,66.41,185.46,0.6998,-1,-1,-1
270,28,505.57,436.06,47.00,125.04,0.4103,-1,-1,-1
270,31,825.80,427.27,131.75,493.96,0.5995,-1,-1,-1
270,34,1652.83,410.93,151.87,343.15,0.8015,-1,-1,-1
270,26,391.48,461.11,56.49,111.11,0.1937,-1,-1,-1
270,25,1121.23,441.90,40.86,113.15,0.2592,-1,-1,-1
271,3,955.51,404.93,168.14,638.57,0.7717,-1,-1,-1
271,5,1364.45,423.61,187.43,415.25,0.8316,-1,-1,-1
271,19,955.51,404.93,168.14,638.57,0.7717,-1,-1,-1
271,27,684.84,449.38,65.37,190.75,0.6160,-1,-1,-1
271,28,506.77,437.05,46.95,123.96,0.3776,-1,-1,-1
271,31,826.63,426.42,135.50,495.39,0.6076,-1,-1,-1
271,34,1653.48,412.98,121.13,340.22,0.7669,-1,-1,-1
271,26,391.29,459.50,56.62,113.48,0.2412,-1,-1,-1
271,25,1122.63,439.97,38.59,114.76,0.1957,-1,-1,-1
272,3,959.35,404.30,161.30,638.99,0.8078,-1,-1,-1
272,5,1364.58,425.09,196.77,415.81,0.8649,-1,-1,-1
272,19,959.35,404.30,161.30,638.99,0.8078,-1,-1,-1
272,27,687.44,446.76,66.42,195.82,0.6513,-1,-1,-1
272,28,507.15,439.65,47.64,121.36,0.3849,-1,-1,-1
272,31,829.00,426.46,134.37,495.02,0.6614,-1,-1,-1
272,34,1643.70,414.34,101.18,337.29,0.7026,-1,-1,-1
272,26,392.78,460.85,56.46,113.38,0.3113,-1,-1,-1
273,3,962.84,403.51,158.78,639.76,0.8123,-1,-1,-1
273,5,1365.21,426.78,201.23,418.94,0.8805,-1,-1,-1
273,19,962.84,403.51,158.78,639.76,0.8123,-1,-1,-1
273,27,688.57,444.35,67.22,200.05,0.6531,-1,-1,-1
273,28,508.02,447.29,46.69,113.42,0.2800,-1,-1,-1
273,31,830.66,424.73,133.58,496.08,0.6601,-1,-1,-1
273,34,1637.23,424.47,87.03,327.67,0.7103,-1,-1,-1
273,26,392.78,462.84,54.70,110.87,0.3625,-1,-1,-1
274,3,964.76,403.32,155.82,640.16,0.8158,-1,-1,-1
274,5,1366.82,425.97,204.99,425.68,0.8754,-1,-1,-1
274,19,964.76,403.32,155.82,640.16,0.8158,-1,-1,-1
274,27,689.08,447.93,67.45,194.27,0.5838,-1,-1,-1
274,28,508.42,447.80,46.32,112.57,0.2925,-1,-1,-1
274,31,832.08,424.53,133.89,495.64,0.6800,-1,-1,-1
274,34,1624.44,433.94,92.59,316.58,0.7957,-1,-1,-1
274,26,393.39,466.01,53.07,107.25,0.3265,-1,-1,-1
275,3,966.33,404.26,153.62,639.56,0.7983,-1,-1,-1
275,5,1370.42,424.76,204.98,429.53,0.8780,-1,-1,-1
275,19,966.33,404.26,153.62,639.56,0.7983,-1,-1,-1
275,27,691.79,448.71,71.64,194.09,0.5685,-1,-1,-1
275,28,509.37,448.94,45.95,111.75,0.2948,-1,-1,-1
275,31,832.66,422.99,134.34,496.36,0.7002,-1,-1,-1
275,34,1596.29,437.35,118.61,313.60,0.7846,-1,-1,-1
275,26,392.72,465.24,54.98,108.09,0.3167,-1,-1,-1
276,3,967.81,402.25,154.21,641.46,0.8142,-1,-1,-1
276,5,1375.51,425.14,199.98,430.15,0.8333,-1,-1,-1
276,19,967.81,402.25,154.21,641.46,0.8142,-1,-1,-1
276,27,696.79,449.05,68.49,192.99,0.5449,-1,-1,-1
276,28,508.79,452.68,45.91,107.29,0.2126,-1,-1,-1
276,31,831.38,423.28,132.47,495.88,0.7021,-1,-1,-1
276,34,1573.46,437.92,138.59,314.84,0.8035,-1,-1,-1
276,26,391.59,464.88,57.66,108.53,0.2716,-1,-1,-1
276,37,1070.74,423.29,102.21,228.66,0.4046,-1,-1,-1
276,36,1304.67,427.88,56.98,123.06,0.4031,-1,-1,-1
277,3,970.74,403.19,155.19,640.95,0.8281,-1,-1,-1
277,5,1379.63,425.40,196.25,430.40,0.8147,-1,-1,-1
277,19,970.74,403.19,155.19,640.95,0.8281,-1,-1,-1
277,27,696.11,451.81,66.29,192.25,0.4532,-1,-1,-1
277,28,508.36,453.55,45.80,106.09,0.1938,-1,-1,-1
277,31,828.90,423.37,131.67,496.02,0.6845,-1,-1,-1
277,34,1554.46,424.68,156.54,328.46,0.8513,-1,-1,-1
277,26,390.05,467.90,59.74,105.41,0.1764,-1,-1,-1
277,37,1076.02,426.04,97.85,226.42,0.3676,-1,-1,-1
277,36,1304.83,429.41,58.98,121.02,0.2548,-1,-1,-1
278,3,971.11,402.02,158.17,642.68,0.8239,-1,-1,-1
278,5,1387.15,425.68,205.10,428.07,0.8073,-1,-1,-1
278,19,971.11,402.02,158.17,642.68,0.8239,-1,-1,-1
278,27,703.14,451.72,68.20,193.25,0.4961,-1,-1,-1
278,28,507.00,456.20,45.33,102.77,0.2726,-1,-1,-1
278,31,830.17,423.10,130.56,496.08,0.7099,-1,-1,-1
278,34,1537.96,447.43,172.77,303.51,0.8507,-1,-1,-1
278,26,389.54,467.96,60.47,105.54,0.1963,-1,-1,-1
278,37,1090.07,439.48,85.17,216.00,0.2768,-1,-1,-1
279,3,973.81,401.28,158.41,644.22,0.8244,-1,-1,-1
279,5,1427.04,429.46,164.26,421.98,0.5474,-1,-1,-1
279,19,973.81,401.28,158.41,644.22,0.8244,-1,-1,-1
279,27,707.54,452.19,73.76,192.87,0.4307,-1,-1,-1
279,28,504.76,457.42,44.44,101.55,0.3372,-1,-1,-1
279,31,829.15,421.32,132.04,498.12,0.7356,-1,-1,-1
279,34,1530.73,429.66,178.50,319.78,0.8376,-1,-1,-1
279,26,388.36,463.12,60.22,110.56,0.3212,-1,-1,-1
279,37,1091.68,445.60,84.84,213.33,0.2678,-1,-1,-1
280,3,975.55,401.14,162.35,643.75,0.8128,-1,-1,-1
280,5,1447.46,428.92,144.79,422.38,0.7809,-1,-1,-1
280,19,975.55,401.14,162.35,643.75,0.8128,-1,-1,-1
280,27,711.97,452.18,75.29,193.29,0.5381,-1,-1,-1
280,28,503.54,457.88,45.03,100.98,0.3202,-1,-1,-1
280,31,826.76,419.87,135.25,499.55,0.7231,-1,-1,-1
280,34,1542.25,443.60,162.03,302.20,0.7798,-1,-1,-1
280,26,387.39,461.82,58.24,112.97,0.3620,-1,-1,-1
280,37,1099.08,460.72,77.16,198.60,0.2537,-1,-1,-1
281,3,977.61,399.15,165.29,645.14,0.8157,-1,-1,-1
281,5,1458.13,428.63,128.36,421.84,0.7883,-1,-1,-1
281,19,977.61,399.15,165.29,645.14,0.8157,-1,-1,-1
281,27,714.83,454.97,76.49,191.55,0.6095,-1,-1,-1
281,28,503.27,456.75,45.31,101.66,0.3043,-1,-1,-1
281,31,826.89,419.85,141.58,499.51,0.7255,-1,-1,-1
281,34,1546.00,424.11,148.69,323.83,0.6383,-1,-1,-1
281,26,386.95,461.04,59.77,112.99,0.3627,-1,-1,-1
281,37,1101.84,460.56,73.26,199.61,0.2408,-1,-1,-1
282,3,979.12,399.88,168.31,644.17,0.7954,-1,-1,-1
282,5,1467.00,432.98,122.36,418.37,0.7364,-1,-1,-1
282,19,979.12,399.88,168.31,644.17,0.7954,-1,-1,-1
282,27,714.81,458.29,80.21,187.11,0.5087,-1,-1,-1
282,28,503.99,455.62,44.30,103.23,0.3270,-1,-1,-1
282,31,826.45,419.41,149.87,498.36,0.7456,-1,-1,-1
282,34,1542.94,420.45,135.67,322.77,0.5455,-1,-1,-1
282,26,385.80,462.79,54.83,111.82,0.3588,-1,-1,-1
282,37,1100.38,459.34,75.23,202.25,0.1943,-1,-1,-1
283,3,982.64,399.51,168.69,644.50,0.7813,-1,-1,-1
283,5,1472.33,432.18,136.04,420.98,0.7704,-1,-1,-1
283,19,982.64,399.51,168.69,644.50,0.7813,-1,-1,-1
283,27,716.58,458.76,80.35,185.85,0.6083,-1,-1,-1
283,28,503.98,455.81,43.66,103.34,0.3480,-1,-1,-1
283,31,825.78,420.29,162.82,497.69,0.7567,-1,-1,-1
283,26,385.42,463.18,52.88,112.06,0.4533,-1,-1,-1
284,3,989.40,400.70,160.81,642.49,0.7639,-1,-1,-1
284,5,1479.42,429.55,143.11,422.76,0.7981,-1,-1,-1
284,19,989.40,400.70,160.81,642.49,0.7639,-1,-1,-1
284,27,717.86,457.98,80.58,186.87,0.6897,-1,-1,-1
284,28,504.83,456.56,42.23,103.22,0.3518,-1,-1,-1
284,31,825.34,420.64,174.74,498.52,0.7645,-1,-1,-1
284,26,384.07,465.46,55.80,109.87,0.4321,-1,-1,-1
285,3,992.65,403.29,156.75,639.86,0.7923,-1,-1,-1
285,5,1487.57,433.91,142.23,418.62,0.7758,-1,-1,-1
285,19,992.65,403.29,156.75,639.86,0.7923,-1,-1,-1
285,27,717.13,456.37,82.88,188.41,0.7342,-1,-1,-1
285,28,504.56,456.66,42.25,103.42,0.3971,-1,-1,-1
285,31,825.77,425.66,182.93,496.86,0.7774,-1,-1,-1
285,26,382.10,466.78,56.32,108.40,0.4211,-1,-1,-1
285,38,1346.09,444.29,36.17,102.15,0.4819,-1,-1,-1
286,3,995.27,405.59,154.67,637.82,0.7906,-1,-1,-1
286,5,1495.52,434.47,152.48,417.83,0.8168,-1,-1,-1
286,19,995.27,405.59,154.67,637.82,0.7906,-1,-1,-1
286,27,716.98,454.77,86.13,189.99,0.7743,-1,-1,-1
286,28,504.48,457.21,42.14,102.91,0.3725,-1,-1,-1
286,31,825.87,425.39,189.26,498.49,0.7843,-1,-1,-1
286,26,380.72,468.17,55.12,106.80,0.3749,-1,-1,-1
286,38,1348.78,443.04,35.93,103.02,0.4343,-1,-1,-1
286,21,1472.87,442.68,57.12,194.43,0.4093,-1,-1,-1
287,3,995.66,406.41,155.62,637.19,0.7841,-1,-1,-1
287,5,1499.29,431.46,175.01,421.12,0.8299,-1,-1,-1
287,19,995.66,406.41,155.62,637.19,0.7841,-1,-1,-1
287,27,718.55,454.93,85.62,189.26,0.7627,-1,-1,-1
287,28,504.46,457.36,41.89,103.11,0.3371,-1,-1,-1
287,31,828.33,422.43,192.17,500.07,0.8053,-1,-1,-1
287,26,380.27,469.51,51.81,104.82,0.3052,-1,-1,-1
287,38,1350.79,443.72,35.07,104.31,0.4865,-1,-1,-1
287,21,1477.93,442.21,58.89,193.73,0.5657,-1,-1,-1
288,3,997.30,406.62,154.41,637.54,0.7845,-1,-1,-1
288,5,1503.22,429.99,200.00,426.06,0.8567,-1,-1,-1
288,19,997.30,406.62,154.41,637.54,0.7845,-1,-1,-1
288,27,721.41,449.45,83.24,193.73,0.7396,-1,-1,-1
288,28,504.69,456.66,41.48,104.14,0.3750,-1,-1,-1
288,31,830.10,421.47,193.28,500.61,0.8140,-1,-1,-1
288,26,380.77,470.56,48.78,104.02,0.3560,-1,-1,-1
288,38,1351.28,443.78,38.84,103.32,0.2486,-1,-1,-1
288,21,1484.49,437.54,60.29,207.11,0.2328,-1,-1,-1
289,3,999.32,407.83,152.99,635.97,0.7846,-1,-1,-1
289,5,1505.70,435.35,219.46,423.31,0.8817,-1,-1,-1
289,19,999.32,407.83,152.99,635.97,0.7846,-1,-1,-1
289,27,725.49,447.27,81.32,196.44,0.6597,-1,-1,-1
289,28,505.95,456.35,40.35,104.41,0.3565,-1,-1,-1
289,31,834.38,422.94,190.14,497.97,0.8089,-1,-1,-1
289,26,380.82,471.82,47.81,102.48,0.2899,-1,-1,-1
289,38,1353.36,442.54,41.37,105.07,0.3069,-1,-1,-1
289,21,1484.85,434.95,66.59,224.04,0.1549,-1,-1,-1
289,34,1476.48,414.70,107.27,309.39,0.3407,-1,-1,-1
290,3,1002.33,405.91,151.45,637.95,0.8122,-1,-1,-1
290,5,1505.70,436.16,235.79,427.89,0.8746,-1,-1,-1
290,19,1002.33,405.91,151.45,637.95,0.8122,-1,-1,-1
290,27,729.84,448.16,80.21,195.62,0.6345,-1,-1,-1
290,28,506.35,456.47,39.12,102.78,0.3480,-1,-1,-1
290,31,839.13,419.13,185.27,501.87,0.8087,-1,-1,-1
290,26,379.29,473.83,46.65,98.72,0.2483,-1,-1,-1
290,38,1356.14,440.45,42.93,106.91,0.2755,-1,-1,-1
290,34,1440.84,414.86,132.26,309.07,0.4380,-1,-1,-1
291,3,1003.77,404.03,153.28,639.16,0.7856,-1,-1,-1
291,5,1504.03,434.76,249.96,433.30,0.8359,-1,-1,-1
291,19,1003.77,404.03,153.28,639.16,0.7856,-1,-1,-1
291,27,733.38,452.61,78.77,192.55,0.6253,-1,-1,-1
291,28,506.01,456.98,39.25,101.99,0.2589,-1,-1,-1
291,31,835.18,420.50,189.73,501.14,0.8189,-1,-1,-1
291,26,380.28,473.97,46.85,98.86,0.1507,-1,-1,-1
291,38,1357.76,441.53,45.22,106.04,0.3009,-1,-1,-1
291,34,1419.54,421.46,146.31,297.66,0.6329,-1,-1,-1
291,39,677.70,483.12,52.64,121.24,0.3435,-1,-1,-1
292,3,1003.47,403.76,155.03,638.86,0.7559,-1,-1,-1
292,5,1502.46,435.43,256.13,436.92,0.8560,-1,-1,-1
292,19,1003.47,403.76,155.03,638.86,0.7559,-1,-1,-1
292,27,741.32,452.43,70.90,193.23,0.6021,-1,-1,-1
292,28,505.67,456.54,39.80,103.08,0.2615,-1,-1,-1
292,31,835.10,422.02,190.33,498.51,0.8121,-1,-1,-1
292,26,380.49,473.45,48.64,99.47,0.1511,-1,-1,-1
292,38,1358.77,442.34,45.21,104.17,0.1929,-1,-1,-1
292,34,1403.17,426.82,154.82,308.54,0.3366,-1,-1,-1
292,39,680.01,482.57,51.27,122.53,0.2976,-1,-1,-1
293,3,1006.33,404.33,155.13,638.06,0.8020,-1,-1,-1
293,5,1502.14,436.53,261.71,441.13,0.8686,-1,-1,-1
293,19,1006.33,404.33,155.13,638.06,0.8020,-1,-1,-1
293,27,744.80,450.26,68.91,196.40,0.6662,-1,-1,-1
293,28,505.11,455.10,40.14,104.38,0.3594,-1,-1,-1
293,31,839.14,418.67,185.76,502.36,0.8220,-1,-1,-1
293,26,379.28,472.30,48.80,100.53,0.1783,-1,-1,-1
293,34,1397.17,429.03,140.25,288.61,0.7028,-1,-1,-1
293,39,681.31,487.04,48.72,118.58,0.2648,-1,-1,-1
294,3,1008.10,403.08,154.86,640.37,0.8147,-1,-1,-1
294,5,1502.66,435.84,266.56,444.91,0.8660,-1,-1,-1
294,19,1008.10,403.08,154.86,640.37,0.8147,-1,-1,-1
294,27,747.52,451.52,64.77,195.08,0.6552,-1,-1,-1
294,28,504.92,457.07,40.26,101.79,0.3396,-1,-1,-1
294,31,842.22,415.58,183.07,505.66,0.8318,-1,-1,-1
294,26,378.49,471.07,48.80,102.17,0.1836,-1,-1,-1
294,34,1394.42,429.67,139.16,282.33,0.7576,-1,-1,-1
294,39,681.68,485.19,49.76,120.86,0.3562,-1,-1,-1
294,25,1156.70,436.09,42.64,114.94,0.3384,-1,-1,-1
294,21,1528.42,437.59,69.83,219.70,0.4481,-1,-1,-1
295,3,1009.68,402.95,152.30,640.59,0.8107,-1,-1,-1
295,5,1502.52,432.14,268.60,447.94,0.8549,-1,-1,-1
295,19,1009.68,402.95,152.30,640.59,0.8107,-1,-1,-1
295,27,748.00,451.69,69.04,196.23,0.6376,-1,-1,-1
295,28,504.49,458.28,40.01,100.01,0.2810,-1,-1,-1
295,31,845.17,413.43,180.53,507.37,0.8263,-1,-1,-1
295,26,378.40,470.56,49.12,103.32,0.1870,-1,-1,-1
295,34,1390.17,429.39,148.18,280.80,0.7587,-1,-1,-1
295,39,683.33,486.91,47.56,118.79,0.2559,-1,-1,-1
295,25,1157.47,436.87,44.53,114.22,0.3221,-1,-1,-1
295,21,1537.38,433.56,69.70,219.65,0.4276,-1,-1,-1
296,3,1009.48,403.59,154.69,639.41,0.8181,-1,-1,-1
296,5,1511.36,430.09,258.67,450.23,0.8341,-1,-1,-1
296,19,1009.48,403.59,154.69,639.41,0.8181,-1,-1,-1
296,27,750.70,449.99,73.92,196.78,0.6583,-1,-1,-1
296,28,504.77,459.73,39.58,98.31,0.2660,-1,-1,-1
296,31,848.66,412.75,177.41,508.45,0.8370,-1,-1,-1
296,26,377.82,469.12,49.18,105.17,0.2046,-1,-1,-1
296,34,1391.31,428.19,144.81,281.31,0.7694,-1,-1,-1
296,39,681.60,490.64,50.54,115.98,0.2991,-1,-1,-1
296,25,1157.45,436.63,46.05,114.54,0.3720,-1,-1,-1
296,21,1544.52,431.91,75.65,220.28,0.3584,-1,-1,-1
297,3,1011.14,404.60,154.92,637.75,0.8149,-1,-1,-1
297,5,1527.19,429.94,240.45,449.97,0.7895,-1,-1,-1
297,19,1011.14,404.60,154.92,637.75,0.8149,-1,-1,-1
297,27,757.19,448.47,71.47,199.22,0.7291,-1,-1,-1
297,28,505.71,458.46,38.94,100.11,0.2769,-1,-1,-1
297,31,852.78,409.89,173.23,511.49,0.8351,-1,-1,-1
297,26,378.04,469.39,47.78,105.36,0.2289,-1,-1,-1
297,34,1394.98,432.38,137.77,277.34,0.7833,-1,-1,-1
297,39,680.41,492.03,50.97,114.56,0.3195,-1,-1,-1
297,25,1158.01,436.77,46.75,115.50,0.3653,-1,-1,-1
297,21,1553.25,438.42,77.43,215.09,0.4018,-1,-1,-1
298,3,1010.78,405.58,157.30,636.28,0.8085,-1,-1,-1
298,5,1540.75,430.75,227.23,447.41,0.7482,-1,-1,-1
298,19,1010.78,405.58,157.30,636.28,0.8085,-1,-1,-1
298,27,757.71,447.58,71.88,199.98,0.7156,-1,-1,-1
298,28,506.29,456.30,39.25,103.06,0.3013,-1,-1,-1
298,31,855.25,410.07,170.82,512.58,0.8060,-1,-1,-1
298,26,378.30,467.96,47.29,106.98,0.2850,-1,-1,-1
298,34,1395.03,438.51,126.98,269.51,0.7831,-1,-1,-1
298,39,679.82,493.35,51.79,112.61,0.2634,-1,-1,-1
298,25,1158.07,436.52,48.04,116.62,0.4044,-1,-1,-1
298,21,1562.97,432.76,77.47,215.87,0.3779,-1,-1,-1
299,3,1010.76,405.18,160.44,635.45,0.8110,-1,-1,-1
299,5,1554.80,425.77,219.96,454.17,0.7704,-1,-1,-1
299,19,1010.76,405.18,160.44,635.45,0.8110,-1,-1,-1
299,27,762.10,450.47,71.01,199.10,0.7053,-1,-1,-1
299,28,506.84,456.89,38.14,102.85,0.2108,-1,-1,-1
299,31,865.58,413.51,160.64,512.73,0.7731,-1,-1,-1
299,26,378.67,469.47,45.40,104.83,0.2907,-1,-1,-1
299,34,1394.02,447.29,112.82,259.83,0.7392,-1,-1,-1
299,39,681.66,489.72,47.84,115.18,0.3248,-1,-1,-1
299,25,1157.84,437.12,49.39,116.02,0.2430,-1,-1,-1
299,21,1571.72,424.86,86.20,223.66,0.3315,-1,-1,-1
300,3,1012.03,405.32,162.02,632.27,0.8217,-1,-1,-1
300,5,1574.56,423.31,196.21,457.05,0.6959,-1,-1,-1
300,19,1012.03,405.32,162.02,632.27,0.8217,-1,-1,-1
300,27,765.17,450.86,70.65,198.98,0.7139,-1,-1,-1
300,28,506.08,456.82,38.84,102.82,0.3015,-1,-1,-1
300,31,875.55,417.51,148.97,513.50,0.7726,-1,-1,-1
300,26,378.91,469.71,44.60,104.20,0.3174,-1,-1,-1
300,34,1385.73,430.40,102.76,276.21,0.7877,-1,-1,-1
300,39,682.98,494.33,46.51,110.84,0.3332,-1,-1,-1
300,25,1160.54,439.17,47.84,114.02,0.2246,-1,-1,-1
300,21,1579.90,425.38,83.64,223.21,0.4268,-1,-1,-1
301,3,1011.00,404.98,161.39,629.72,0.8169,-1,-1,-1
301,5,1604.82,422.06,181.35,457.39,0.7294,-1,-1,-1
301,19,1011.00,404.98,161.39,629.72,0.8169,-1,-1,-1
301,27,769.39,449.97,68.27,199.80,0.7476,-1,-1,-1
301,28,506.20,457.89,37.69,101.65,0.3099,-1,-1,-1
301,31,884.19,418.75,139.04,520.47,0.7650,-1,-1,-1
301,26,378.88,468.51,44.46,105.38,0.3902,-1,-1,-1
301,34,1381.02,442.70,88.78,263.44,0.8124,-1,-1,-1
301,39,681.81,491.95,49.78,114.74,0.2726,-1,-1,-1
301,25,1160.50,440.20,49.82,112.32,0.2098,-1,-1,-1
301,21,1584.48,425.75,87.09,222.29,0.3789,-1,-1,-1
302,3,1008.59,405.89,164.37,625.44,0.8146,-1,-1,-1
302,5,1628.16,417.08,164.22,463.33,0.7632,-1,-1,-1
302,19,1008.59,405.89,164.37,625.44,0.8146,-1,-1,-1
302,27,770.93,454.14,71.21,196.72,0.7885,-1,-1,-1
302,28,506.65,459.50,36.39,99.57,0.3998,-1,-1,-1
302,31,889.17,419.16,134.22,527.19,0.7534,-1,-1,-1
302,26,379.39,468.68,43.92,104.70,0.4012,-1,-1,-1
302,34,1371.97,451.02,85.62,255.83,0.8322,-1,-1,-1
302,39,681.68,492.53,50.11,114.30,0.2408,-1,-1,-1
302,25,1161.09,438.33,54.00,116.25,0.2748,-1,-1,-1
302,21,1589.46,422.71,93.51,226.83,0.3662,-1,-1,-1
303,3,1011.08,405.15,163.22,622.37,0.8100,-1,-1,-1
303,5,1646.64,411.18,152.12,475.68,0.7716,-1,-1,-1
303,19,1011.08,405.15,163.22,622.37,0.8100,-1,-1,-1
303,27,771.96,454.18,71.90,197.71,0.7770,-1,-1,-1
303,28,506.32,459.50,36.41,100.11,0.4127,-1,-1,-1
303,31,879.32,420.55,144.61,528.58,0.7567,-1,-1,-1
303,26,378.93,466.68,44.30,106.79,0.4224,-1,-1,-1
303,34,1359.85,430.71,88.17,275.23,0.7919,-1,-1,-1
303,39,681.75,492.44,50.40,114.41,0.2345,-1,-1,-1
303,25,1163.19,438.40,53.92,114.45,0.2622,-1,-1,-1
303,21,1595.20,419.79,93.85,229.04,0.3900,-1,-1,-1
303,41,0.13,655.55,116.64,202.90,0.6844,-1,-1,-1
304,3,1012.41,404.31,168.59,622.54,0.8100,-1,-1,-1
304,5,1660.53,410.14,153.23,486.19,0.7762,-1,-1,-1
304,19,1012.41,404.31,168.59,622.54,0.8100,-1,-1,-1
304,27,773.91,454.02,74.58,198.69,0.7692,-1,-1,-1
304,28,505.62,459.17,37.59,101.29,0.4884,-1,-1,-1
304,31,871.50,420.27,153.51,530.89,0.7953,-1,-1,-1
304,26,378.56,466.54,44.49,106.91,0.3868,-1,-1,-1
304,34,1345.99,423.90,95.23,281.81,0.7747,-1,-1,-1
304,39,681.80,490.02,51.19,117.16,0.2549,-1,-1,-1
304,25,1173.40,438.87,45.52,112.31,0.3284,-1,-1,-1
304,21,1603.18,419.47,92.99,229.92,0.3350,-1,-1,-1
304,41,0.06,579.43,118.61,278.86,0.7201,-1,-1,-1
305,3,1012.59,404.25,179.54,620.58,0.7974,-1,-1,-1
305,5,1670.15,412.69,150.62,491.68,0.7422,-1,-1,-1
305,19,1012.59,404.25,179.54,620.58,0.7974,-1,-1,-1
305,27,774.95,451.44,76.02,203.06,0.7745,-1,-1,-1
305,28,505.56,457.99,37.39,102.59,0.4554,-1,-1,-1
305,31,873.32,420.76,151.79,531.11,0.7790,-1,-1,-1
305,26,377.80,466.33,45.26,107.27,0.3849,-1,-1,-1
305,34,1336.50,424.45,100.43,281.01,0.7662,-1,-1,-1
305,39,685.76,477.81,48.38,127.10,0.2186,-1,-1,-1
305,25,1181.25,439.37,40.01,110.38,0.3835,-1,-1,-1
305,21,1611.55,411.94,93.48,238.51,0.3236,-1,-1,-1
305,41,0.32,512.03,117.88,346.40,0.6235,-1,-1,-1
306,3,1014.32,404.79,191.73,616.92,0.8195,-1,-1,-1
306,5,1674.18,415.68,167.11,495.16,0.8635,-1,-1,-1
306,19,1014.32,404.79,191.73,616.92,0.8195,-1,-1,-1
306,27,776.63,448.50,76.22,206.69,0.7658,-1,-1,-1
306,28,504.51,457.61,39.13,103.28,0.4757,-1,-1,-1
306,31,874.81,420.36,151.14,532.03,0.7988,-1,-1,-1
306,26,377.41,466.03,46.04,107.89,0.3833,-1,-1,-1
306,34,1321.95,434.49,113.73,268.93,0.8031,-1,-1,-1
306,39,684.28,480.31,49.05,123.98,0.2343,-1,-1,-1
306,25,1183.55,441.13,40.66,108.20,0.5475,-1,-1,-1
306,21,1615.72,411.85,102.74,322.00,0.3464,-1,-1,-1
306,41,0.18,470.37,121.82,389.42,0.7374,-1,-1,-1
307,3,1016.18,402.86,200.89,617.08,0.8297,-1,-1,-1
307,5,1679.03,414.05,199.30,501.36,0.8523,-1,-1,-1
307,19,1016.18,402.86,200.89,617.08,0.8297,-1,-1,-1
307,27,779.44,450.79,74.15,203.72,0.7219,-1,-1,-1
307,28,504.09,460.22,38.71,100.77,0.4179,-1,-1,-1
307,31,873.46,419.92,153.07,532.40,0.8147,-1,-1,-1
307,26,378.33,466.46,45.27,107.40,0.3605,-1,-1,-1
307,34,1311.14,445.49,124.30,255.71,0.8039,-1,-1,-1
307,39,684.34,486.42,48.91,119.25,0.2355,-1,-1,-1
307,25,1185.27,442.30,40.74,106.33,0.5622,-1,-1,-1
307,21,1616.46,409.56,113.99,372.18,0.5688,-1,-1,-1
307,41,0.38,419.41,122.85,441.52,0.7493,-1,-1,-1
308,3,1016.62,401.80,211.00,616.04,0.8433,-1,-1,-1
308,5,1680.47,416.81,224.39,500.43,0.8351,-1,-1,-1
308,19,1016.62,401.80,211.00,616.04,0.8433,-1,-1,-1
308,27,782.15,449.82,72.37,203.94,0.7512,-1,-1,-1
308,28,502.83,461.80,40.09,99.35,0.4128,-1,-1,-1
308,31,874.31,420.30,152.73,532.10,0.8196,-1,-1,-1
308,26,377.96,466.74,46.48,107.16,0.3478,-1,-1,-1
308,34,1301.30,436.81,132.64,263.42,0.8114,-1,-1,-1
308,39,685.86,490.09,47.38,115.70,0.2544,-1,-1,-1
308,25,1186.83,442.52,42.68,105.80,0.4958,-1,-1,-1
308,21,1611.85,404.55,126.79,396.34,0.6368,-1,-1,-1
308,41,0.50,394.30,123.59,466.69,0.7872,-1,-1,-1
309,3,1016.95,400.02,220.46,616.14,0.8482,-1,-1,-1
309,5,1680.14,417.54,235.83,503.18,0.8586,-1,-1,-1
309,19,1016.95,400.02,220.46,616.14,0.8482,-1,-1,-1
309,27,788.72,447.68,68.59,206.92,0.7213,-1,-1,-1
309,28,501.40,461.49,41.51,99.56,0.4336,-1,-1,-1
309,31,873.37,421.09,153.42,530.70,0.8313,-1,-1,-1
309,26,378.12,465.65,46.11,107.98,0.3292,-1,-1,-1
309,34,1293.86,433.33,137.77,267.28,0.8018,-1,-1,-1
309,39,684.07,491.83,48.51,112.82,0.2231,-1,-1,-1
309,25,1189.40,443.45,40.75,104.30,0.4223,-1,-1,-1
309,21,1612.59,405.04,134.48,404.78,0.5926,-1,-1,-1
309,41,0.49,381.63,123.92,479.53,0.8111,-1,-1,-1
309,42,731.99,477.81,49.29,118.85,0.3718,-1,-1,-1
310,3,1017.43,399.85,228.01,615.10,0.8572,-1,-1,-1
310,5,1677.51,417.76,245.54,509.49,0.8810,-1,-1,-1
310,19,1017.43,399.85,228.01,615.10,0.8572,-1,-1,-1
310,27,793.87,445.52,65.30,209.49,0.7222,-1,-1,-1
310,28,499.67,460.55,42.82,100.59,0.4624,-1,-1,-1
310,31,874.26,421.63,151.99,530.07,0.8078,-1,-1,-1
310,26,376.99,464.59,45.56,108.37,0.2798,-1,-1,-1
310,34,1288.12,430.34,139.17,269.46,0.7629,-1,-1,-1
310,39,689.14,479.43,45.49,123.73,0.1684,-1,-1,-1
310,25,1190.73,444.91,41.25,103.05,0.4922,-1,-1,-1
310,21,1617.19,407.08,139.14,406.72,0.5079,-1,-1,-1
310,41,0.41,377.32,124.11,483.77,0.8050,-1,-1,-1
310,42,732.54,479.89,49.58,117.89,0.3745,-1,-1,-1
311,3,1016.77,401.58,232.14,613.09,0.8585,-1,-1,-1
311,5,1674.97,418.90,250.97,514.32,0.8750,-1,-1,-1
311,19,1016.77,401.58,232.14,613.09,0.8585,-1,-1,-1
311,27,798.10,444.72,64.11,211.00,0.7320,-1,-1,-1
311,28,499.02,457.39,44.55,103.49,0.4798,-1,-1,-1
311,31,873.69,421.05,152.72,530.61,0.8185,-1,-1,-1
311,26,376.00,465.72,45.93,107.34,0.2415,-1,-1,-1
311,34,1285.58,431.45,131.83,264.95,0.7591,-1,-1,-1
311,39,691.80,476.11,43.27,126.19,0.1900,-1,-1,-1
311,25,1190.97,446.28,41.41,101.27,0.5117,-1,-1,-1
311,21,1638.20,407.87,125.58,411.34,0.4775,-1,-1,-1
311,41,0.17,375.04,121.71,483.76,0.8183,-1,-1,-1
311,42,732.65,479.76,50.98,118.88,0.4493,-1,-1,-1
312,3,1019.16,403.12,230.67,611.49,0.8613,-1,-1,-1
312,5,1675.28,419.77,251.45,515.97,0.8619,-1,-1,-1
312,19,1019.16,403.12,230.67,611.49,0.8613,-1,-1,-1
312,27,800.02,446.86,66.04,209.45,0.7321,-1,-1,-1
312,28,498.59,455.86,45.27,105.31,0.4224,-1,-1,-1
312,31,872.03,420.57,154.96,531.51,0.8328,-1,-1,-1
312,26,375.52,463.01,47.04,109.63,0.2190,-1,-1,-1
312,34,1278.80,430.44,122.76,261.38,0.7647,-1,-1,-1
312,39,691.99,473.33,43.02,128.36,0.1675,-1,-1,-1
312,25,1191.91,443.90,40.92,104.96,0.4683,-1,-1,-1
312,21,1627.84,409.88,143.99,411.64,0.5090,-1,-1,-1
312,41,0.14,374.09,125.59,485.51,0.8304,-1,-1,-1
312,42,732.45,480.05,52.34,118.72,0.4648,-1,-1,-1
313,3,1020.12,402.78,230.58,611.79,0.8614,-1,-1,-1
313,5,1679.50,421.27,246.77,516.30,0.8693,-1,-1,-1
313,19,1020.12,402.78,230.58,611.79,0.8614,-1,-1,-1
313,27,800.96,445.69,72.98,211.22,0.7278,-1,-1,-1
313,28,498.36,457.31,45.22,104.24,0.3888,-1,-1,-1
313,31,870.83,419.88,156.66,532.43,0.8133,-1,-1,-1
313,26,375.59,460.66,46.86,112.66,0.2313,-1,-1,-1
313,34,1273.24,431.71,113.24,257.68,0.7861,-1,-1,-1
313,39,693.07,472.87,42.12,127.00,0.1740,-1,-1,-1
313,25,1192.07,441.53,42.80,108.66,0.4890,-1,-1,-1
313,21,1623.96,411.63,159.69,407.29,0.4769,-1,-1,-1
313,41,1.07,375.38,136.27,484.98,0.8574,-1,-1,-1
313,42,732.73,479.13,52.17,118.86,0.4908,-1,-1,-1
314,3,1021.95,402.44,228.20,611.39,0.8651,-1,-1,-1
314,5,1687.72,419.72,237.58,518.59,0.8702,-1,-1,-1
314,19,1021.95,402.44,228.20,611.39,0.8651,-1,-1,-1
314,27,802.55,445.45,75.34,211.67,0.7230,-1,-1,-1
314,28,497.34,456.27,46.24,105.54,0.4152,-1,-1,-1
314,31,869.77,419.25,158.61,533.19,0.8200,-1,-1,-1
314,26,375.84,463.91,46.95,109.52,0.2101,-1,-1,-1
314,34,1273.49,428.44,97.63,259.81,0.8066,-1,-1,-1
314,39,692.14,477.03,43.67,123.93,0.1739,-1,-1,-1
314,25,1192.55,439.66,44.21,111.35,0.5536,-1,-1,-1
314,21,1625.90,413.82,166.37,402.39,0.3581,-1,-1,-1
314,41,5.83,378.07,148.95,480.52,0.8540,-1,-1,-1
314,42,733.44,481.56,50.46,116.23,0.4094,-1,-1,-1
315,3,1027.14,400.34,222.93,614.16,0.8600,-1,-1,-1
315,5,1748.74,421.24,176.01,517.85,0.7127,-1,-1,-1
315,19,1027.14,400.34,222.93,614.16,0.8600,-1,-1,-1
315,27,805.27,443.86,77.13,213.76,0.7223,-1,-1,-1
315,28,497.45,454.68,45.44,106.52,0.4378,-1,-1,-1
315,31,868.61,417.71,161.14,534.58,0.8149,-1,-1,-1
315,26,376.96,463.17,45.58,110.61,0.3025,-1,-1,-1
315,34,1272.14,427.10,86.15,259.91,0.7805,-1,-1,-1
315,39,685.93,489.79,45.92,113.51,0.1671,-1,-1,-1
315,25,1193.79,435.96,43.40,114.92,0.5376,-1,-1,-1
315,21,1629.32,417.19,201.78,448.34,0.4210,-1,-1,-1
315,41,13.35,382.74,173.22,477.79,0.8670,-1,-1,-1
315,42,732.41,481.04,50.54,116.75,0.3637,-1,-1,-1
316,3,1032.59,401.11,215.92,612.42,0.8604,-1,-1,-1
316,5,1781.43,418.12,141.59,519.29,0.7920,-1,-1,-1
316,19,1032.59,401.11,215.92,612.42,0.8604,-1,-1,-1
316,27,806.13,444.03,79.05,214.82,0.6920,-1,-1,-1
316,28,497.79,453.49,44.59,107.78,0.4586,-1,-1,-1
316,31,867.47,416.28,161.36,535.96,0.8044,-1,-1,-1
316,26,377.77,462.98,44.64,110.66,0.2968,-1,-1,-1
316,34,1270.97,427.68,75.86,260.88,0.7537,-1,-1,-1
316,39,689.76,483.93,43.96,117.67,0.1610,-1,-1,-1
316,25,1195.15,435.88,44.73,115.05,0.6062,-1,-1,-1
316,21,1637.54,415.04,212.49,469.82,0.6290,-1,-1,-1
316,41,17.31,390.53,205.11,471.47,0.8803,-1,-1,-1
316,42,731.38,481.27,51.12,116.06,0.3195,-1,-1,-1
317,3,1035.97,400.19,212.22,613.62,0.8568,-1,-1,-1
317,5,1799.02,416.40,123.45,518.94,0.7080,-1,-1,-1
317,19,1035.97,400.19,212.22,613.62,0.8568,-1,-1,-1
317,27,807.67,443.67,72.38,216.52,0.6833,-1,-1,-1
317,28,497.95,451.90,43.50,109.53,0.4665,-1,-1,-1
317,31,866.09,417.07,164.88,534.68,0.8188,-1,-1,-1
317,26,378.22,463.49,44.78,111.14,0.3883,-1,-1,-1
317,34,1265.40,423.51,74.65,263.26,0.7733,-1,-1,-1
317,39,693.10,482.64,41.50,116.88,0.1649,-1,-1,-1
317,25,1196.45,436.82,44.18,114.16,0.5818,-1,-1,-1
317,21,1646.19,410.85,206.84,475.79,0.5928,-1,-1,-1
317,41,18.51,392.50,235.26,469.82,0.8819,-1,-1,-1
317,42,731.65,481.83,50.75,115.56,0.3408,-1,-1,-1
318,3,1039.07,399.98,209.60,613.13,0.8527,-1,-1,-1
318,5,1791.05,419.70,129.89,524.27,0.6348,-1,-1,-1
318,19,1039.07,399.98,209.60,613.13,0.8527,-1,-1,-1
318,27,808.71,443.61,70.33,216.71,0.6695,-1,-1,-1
318,28,497.49,452.73,42.70,108.52,0.4918,-1,-1,-1
318,31,867.35,417.01,165.19,534.86,0.8160,-1,-1,-1
318,26,377.69,463.19,45.48,110.99,0.3310,-1,-1,-1
318,34,1258.12,427.18,77.76,259.04,0.7974,-1,-1,-1
318,39,694.81,481.22,40.01,117.33,0.1519,-1,-1,-1
318,25,1198.71,437.20,44.75,112.67,0.5601,-1,-1,-1
318,21,1673.36,409.31,176.23,448.80,0.3689,-1,-1,-1
318,41,18.42,393.70,262.31,469.48,0.9010,-1,-1,-1
318,42,731.00,481.69,51.07,115.54,0.3319,-1,-1,-1
319,3,1041.35,400.26,207.38,611.97,0.8538,-1,-1,-1
319,5,1809.91,416.85,110.94,525.62,0.6739,-1,-1,-1
319,19,1041.35,400.26,207.38,611.97,0.8538,-1,-1,-1
319,27,813.38,444.31,70.47,215.12,0.6716,-1,-1,-1
319,28,496.86,453.55,41.76,107.81,0.4819,-1,-1,-1
319,31,866.67,416.39,166.48,535.52,0.8182,-1,-1,-1
319,26,377.48,462.87,45.99,111.37,0.3382,-1,-1,-1
319,34,1246.53,427.45,87.77,259.14,0.7733,-1,-1,-1
319,25,1200.81,438.68,44.73,110.32,0.5848,-1,-1,-1
319,21,1705.87,403.79,147.28,448.64,0.4389,-1,-1,-1
319,41,18.62,393.70,278.54,469.96,0.8975,-1,-1,-1
319,42,730.16,482.05,51.37,114.71,0.2258,-1,-1,-1
320,3,1044.84,401.17,203.28,610.78,0.8578,-1,-1,-1
320,5,1828.41,417.56,92.09,523.96,0.7309,-1,-1,-1
320,19,1044.84,401.17,203.28,610.78,0.8578,-1,-1,-1
320,27,816.12,444.97,72.12,214.47,0.6271,-1,-1,-1
320,28,496.54,451.19,41.16,109.98,0.4495,-1,-1,-1
320,31,865.91,416.47,168.74,534.91,0.8259,-1,-1,-1
320,26,377.33,463.90,46.38,110.02,0.2706,-1,-1,-1
320,34,1233.91,433.58,100.35,254.17,0.7425,-1,-1,-1
320,25,1202.86,440.36,44.29,108.29,0.4242,-1,-1,-1
320,21,1707.94,399.28,150.03,458.02,0.5097,-1,-1,-1
320,41,20.43,396.10,288.25,466.46,0.8933,-1,-1,-1
320,42,735.03,485.74,45.31,110.77,0.2580,-1,-1,-1
320,38,1437.63,434.61,41.15,114.59,0.4442,-1,-1,-1
321,3,1047.52,400.83,200.36,611.11,0.8622,-1,-1,-1
321,5,1844.19,425.33,76.00,516.37,0.7349,-1,-1,-1
321,19,1047.52,400.83,200.36,611.11,0.8622,-1,-1,-1
321,27,818.75,447.25,69.90,211.84,0.6440,-1,-1,-1
321,28,495.61,448.93,40.52,112.12,0.4154,-1,-1,-1
321,31,867.38,417.05,166.47,534.34,0.8209,-1,-1,-1
321,26,377.77,463.99,45.56,109.90,0.2798,-1,-1,-1
321,34,1231.61,434.90,103.04,252.19,0.7710,-1,-1,-1
321,25,1206.05,442.40,42.32,99.30,0.3217,-1,-1,-1
321,21,1716.14,400.08,147.88,449.37,0.5447,-1,-1,-1
321,41,22.15,397.36,293.01,464.29,0.8874,-1,-1,-1
321,42,734.98,486.69,45.40,110.07,0.2860,-1,-1,-1
321,38,1438.53,435.07,42.96,114.46,0.5423,-1,-1,-1
322,3,1049.09,403.13,198.24,609.41,0.8587,-1,-1,-1
322,5,1856.32,427.33,63.54,513.62,0.6971,-1,-1,-1
322,19,1049.09,403.13,198.24,609.41,0.8587,-1,-1,-1
322,27,820.24,448.45,70.91,210.91,0.6701,-1,-1,-1
322,28,493.85,446.83,41.72,114.46,0.4478,-1,-1,-1
322,31,868.16,416.78,164.42,534.60,0.8248,-1,-1,-1
322,26,377.02,463.03,46.36,111.08,0.3777,-1,-1,-1
322,34,1229.21,440.81,105.56,245.12,0.7587,-1,-1,-1
322,21,1728.99,395.67,143.94,451.89,0.5505,-1,-1,-1
322,41,24.63,399.29,298.25,456.33,0.8864,-1,-1,-1
322,42,735.59,486.69,44.70,110.15,0.2854,-1,-1,-1
322,38,1438.15,434.69,45.13,114.72,0.5468,-1,-1,-1
323,3,1051.15,402.53,195.55,609.52,0.8646,-1,-1,-1
323,5,1861.66,453.94,58.00,488.22,0.6176,-1,-1,-1
323,19,1051.15,402.53,195.55,609.52,0.8646,-1,-1,-1
323,27,821.14,451.70,73.19,207.48,0.6409,-1,-1,-1
323,28,492.94,446.15,42.55,114.92,0.4654,-1,-1,-1
323,31,869.79,415.88,165.06,535.50,0.8173,-1,-1,-1
323,26,376.69,463.00,46.53,111.36,0.4024,-1,-1,-1
323,34,1228.44,441.25,103.15,243.49,0.7668,-1,-1,-1
323,21,1737.91,393.22,143.11,452.45,0.6868,-1,-1,-1
323,41,25.96,402.03,302.37,450.55,0.8896,-1,-1,-1
323,42,735.93,487.64,44.50,108.74,0.1842,-1,-1,-1
323,38,1437.95,437.16,49.30,111.75,0.4974,-1,-1,-1
324,3,1054.46,400.53,192.20,611.64,0.8562,-1,-1,-1
324,5,1861.38,440.40,58.23,502.44,0.5789,-1,-1,-1
324,19,1054.46,400.53,192.20,611.64,0.8562,-1,-1,-1
324,27,821.68,455.63,74.20,203.10,0.6238,-1,-1,-1
324,28,492.10,446.32,42.92,114.74,0.4749,-1,-1,-1
324,31,871.69,415.97,164.63,535.52,0.8081,-1,-1,-1
324,26,376.70,463.75,46.23,110.74,0.4084,-1,-1,-1
324,34,1222.59,439.18,103.87,245.68,0.7489,-1,-1,-1
324,21,1748.55,392.52,141.83,454.78,0.6027,-1,-1,-1
324,41,31.06,403.64,299.87,444.87,0.8971,-1,-1,-1
324,42,736.72,487.33,43.58,108.38,0.2606,-1,-1,-1
324,38,1440.03,439.83,51.21,109.04,0.5523,-1,-1,-1
325,3,1056.54,398.82,190.80,613.32,0.8535,-1,-1,-1
325,5,1864.66,412.97,54.91,528.93,0.5327,-1,-1,-1
325,19,1056.54,398.82,190.80,613.32,0.8535,-1,-1,-1
325,27,825.54,447.24,76.00,213.82,0.4446,-1,-1,-1
325,28,491.85,446.49,42.39,115.45,0.4747,-1,-1,-1
325,31,873.71,415.50,163.24,535.87,0.8057,-1,-1,-1
325,26,376.32,464.06,47.16,110.59,0.4271,-1,-1,-1
325,34,1217.78,442.88,102.87,241.47,0.6803,-1,-1,-1
325,21,1758.25,391.65,152.60,467.51,0.5504,-1,-1,-1
325,41,39.65,403.37,292.55,443.89,0.9014,-1,-1,-1
325,42,735.11,487.58,45.19,108.85,0.2410,-1,-1,-1
325,38,1443.90,439.69,51.23,108.60,0.5733,-1,-1,-1
326,3,1057.68,398.52,190.48,613.95,0.8586,-1,-1,-1
326,5,1863.04,409.08,56.38,534.02,0.3076,-1,-1,-1
326,19,1057.68,398.52,190.48,613.95,0.8586,-1,-1,-1
326,27,828.27,442.35,79.89,220.50,0.3749,-1,-1,-1
326,28,490.65,445.64,43.62,116.24,0.4507,-1,-1,-1
326,31,875.27,415.66,162.23,535.90,0.7933,-1,-1,-1
326,26,376.66,465.29,46.97,109.80,0.4041,-1,-1,-1
326,34,1212.33,451.91,98.88,229.52,0.5428,-1,-1,-1
326,21,1765.11,393.19,154.60,493.82,0.6152,-1,-1,-1
326,41,54.09,403.64,278.08,440.63,0.8902,-1,-1,-1
326,42,732.62,486.61,49.13,110.67,0.2553,-1,-1,-1
326,38,1446.60,441.13,50.53,107.41,0.5908,-1,-1,-1
327,3,1058.29,396.52,190.20,616.58,0.8637,-1,-1,-1
327,5,1862.13,400.96,57.35,539.65,0.1844,-1,-1,-1
327,19,1058.29,396.52,190.20,616.58,0.8637,-1,-1,-1
327,27,841.28,442.96,67.80,166.02,0.3476,-1,-1,-1
327,28,489.80,445.26,43.55,116.31,0.5024,-1,-1,-1
327,31,878.59,416.63,158.86,534.88,0.7847,-1,-1,-1
327,26,376.39,466.30,47.72,108.67,0.4017,-1,-1,-1
327,34,1207.02,439.32,74.75,202.74,0.4026,-1,-1,-1
327,21,1770.35,392.18,152.52,525.63,0.7191,-1,-1,-1
327,41,76.77,402.08,254.60,438.34,0.8740,-1,-1,-1
327,42,733.29,485.83,48.98,111.40,0.2871,-1,-1,-1
327,38,1448.25,441.53,52.55,106.86,0.5938,-1,-1,-1
328,3,1058.26,395.99,191.42,617.50,0.8601,-1,-1,-1
328,19,1058.26,395.99,191.42,617.50,0.8601,-1,-1,-1
328,27,852.42,444.57,58.99,137.64,0.3225,-1,-1,-1
328,28,489.68,448.81,42.04,112.81,0.3987,-1,-1,-1
328,31,879.72,415.93,157.73,535.81,0.7551,-1,-1,-1
328,26,377.10,466.89,47.54,108.58,0.4554,-1,-1,-1
328,34,1202.16,442.86,78.93,218.82,0.3381,-1,-1,-1
328,21,1771.82,389.06,151.79,545.60,0.7892,-1,-1,-1
328,41,98.13,394.13,233.05,439.18,0.8826,-1,-1,-1
328,42,733.57,485.23,48.96,111.98,0.3384,-1,-1,-1
328,38,1452.40,442.32,48.17,105.62,0.6210,-1,-1,-1
329,3,1058.29,398.12,191.77,615.98,0.8602,-1,-1,-1
329,19,1058.29,398.12,191.77,615.98,0.8602,-1,-1,-1
329,27,858.48,445.85,55.65,126.95,0.2291,-1,-1,-1
329,28,489.60,452.08,42.10,109.70,0.3901,-1,-1,-1
329,31,876.03,417.41,161.99,535.85,0.7763,-1,-1,-1
329,26,377.25,467.06,47.49,107.99,0.4088,-1,-1,-1
329,21,1770.25,393.23,153.41,547.05,0.8197,-1,-1,-1
329,41,120.68,392.03,209.00,435.07,0.8312,-1,-1,-1
329,42,733.49,484.65,49.23,113.14,0.3478,-1,-1,-1
329,38,1456.87,441.81,42.89,104.42,0.5395,-1,-1,-1
330,3,1058.33,396.83,191.69,617.52,0.8641,-1,-1,-1
330,19,1058.33,396.83,191.69,617.52,0.8641,-1,-1,-1
330,27,863.27,448.59,53.05,119.81,0.1909,-1,-1,-1
330,28,488.97,452.49,42.54,109.35,0.4431,-1,-1,-1
330,31,870.86,418.97,168.79,534.15,0.8044,-1,-1,-1
330,26,377.60,466.73,47.01,107.61,0.4273,-1,-1,-1
330,21,1769.86,395.56,153.64,541.20,0.7416,-1,-1,-1
330,41,145.21,396.91,182.48,427.23,0.8069,-1,-1,-1
330,42,734.72,484.87,47.84,112.57,0.3622,-1,-1,-1
330,38,1460.28,441.37,39.72,103.61,0.4592,-1,-1,-1
331,3,1058.52,395.75,193.06,618.57,0.8650,-1,-1,-1
331,19,1058.52,395.75,193.06,618.57,0.8650,-1,-1,-1
331,27,865.43,441.24,58.39,127.55,0.1552,-1,-1,-1
331,28,488.05,452.99,42.92,109.01,0.3922,-1,-1,-1
331,31,869.47,419.93,171.44,532.93,0.8023,-1,-1,-1
331,26,377.30,465.79,47.31,108.37,0.4202,-1,-1,-1
331,21,1769.93,392.47,153.17,490.52,0.7398,-1,-1,-1
331,41,172.23,394.20,156.13,428.90,0.7993,-1,-1,-1
331,42,734.70,483.90,47.43,113.91,0.3463,-1,-1,-1
331,38,1464.03,440.76,37.84,104.62,0.5808,-1,-1,-1
332,3,1059.17,396.36,193.62,618.77,0.8638,-1,-1,-1
332,19,1059.17,396.36,193.62,618.77,0.8638,-1,-1,-1
332,27,867.96,439.21,55.28,130.48,0.2261,-1,-1,-1
332,28,488.65,451.42,41.77,110.77,0.4044,-1,-1,-1
332,31,870.91,420.23,173.90,532.47,0.8234,-1,-1,-1
332,26,377.68,463.57,47.25,111.85,0.4429,-1,-1,-1
332,21,1770.56,393.65,152.33,469.75,0.7844,-1,-1,-1
332,41,199.86,392.70,137.08,430.40,0.7744,-1,-1,-1
332,42,736.08,484.21,46.70,113.65,0.3066,-1,-1,-1
332,38,1467.04,440.15,39.44,106.08,0.5811,-1,-1,-1
333,3,1059.95,397.00,194.69,618.08,0.8717,-1,-1,-1
333,19,1059.95,397.00,194.69,618.08,0.8717,-1,-1,-1
333,27,870.99,439.88,56.33,121.19,0.1605,-1,-1,-1
333,28,490.27,452.56,40.36,109.31,0.3879,-1,-1,-1
333,31,871.70,419.77,175.69,532.94,0.8293,-1,-1,-1
333,26,373.95,467.40,52.50,106.49,0.2870,-1,-1,-1
333,21,1770.58,393.91,151.97,464.02,0.7827,-1,-1,-1
333,41,217.89,390.60,132.72,432.48,0.7502,-1,-1,-1
333,42,738.09,482.35,45.60,115.95,0.3101,-1,-1,-1
333,38,1471.03,440.30,38.66,104.62,0.5665,-1,-1,-1
333,43,0.39,592.32,109.75,197.34,0.3759,-1,-1,-1
334,3,1061.03,396.69,193.58,618.44,0.8760,-1,-1,-1
334,19,1061.03,396.69,193.58,618.44,0.8760,-1,-1,-1
334,27,872.44,438.10,57.66,114.79,0.1910,-1,-1,-1
334,28,490.96,453.15,39.43,108.61,0.3500,-1,-1,-1
334,31,872.43,420.14,176.77,532.49,0.8306,-1,-1,-1
334,26,372.67,470.08,54.06,103.58,0.2700,-1,-1,-1
334,21,1775.63,392.49,146.50,462.89,0.6609,-1,-1,-1
334,41,226.19,399.05,141.19,423.44,0.7156,-1,-1,-1
334,42,738.98,482.32,45.68,116.26,0.3443,-1,-1,-1
334,38,1472.88,440.29,37.56,105.75,0.4882,-1,-1,-1
334,43,0.51,484.50,126.57,306.79,0.6668,-1,-1,-1
335,3,1061.45,396.74,192.00,617.58,0.8785,-1,-1,-1
335,19,1061.45,396.74,192.00,617.58,0.8785,-1,-1,-1
335,28,490.36,449.96,40.01,112.40,0.4439,-1,-1,-1
335,31,872.64,419.56,177.54,532.94,0.8365,-1,-1,-1
335,26,374.04,470.81,53.01,103.36,0.2309,-1,-1,-1
335,21,1780.92,403.00,140.81,453.70,0.6193,-1,-1,-1
335,41,206.98,414.76,177.77,407.18,0.7263,-1,-1,-1
335,42,738.93,481.50,45.54,117.83,0.3814,-1,-1,-1
335,38,1474.28,438.97,38.25,106.62,0.5401,-1,-1,-1
335,43,0.43,449.65,139.68,337.31,0.6938,-1,-1,-1
336,3,1060.70,396.64,192.42,617.48,0.8792,-1,-1,-1
336,19,1060.70,396.64,192.42,617.48,0.8792,-1,-1,-1
336,28,489.12,447.94,40.21,113.33,0.4382,-1,-1,-1
336,31,873.13,420.45,175.65,532.06,0.8423,-1,-1,-1
336,26,376.57,468.78,49.47,105.53,0.1559,-1,-1,-1
336,21,1789.19,429.32,132.19,429.07,0.5101,-1,-1,-1
336,41,209.51,414.96,189.19,404.56,0.6272,-1,-1,-1
336,42,737.39,482.65,46.61,116.29,0.3294,-1,-1,-1
336,38,1475.62,438.12,37.41,106.69,0.5231,-1,-1,-1
336,43,0.30,429.29,147.06,358.46,0.8054,-1,-1,-1
337,3,1060.79,397.07,194.21,617.52,0.8804,-1,-1,-1
337,19,1060.79,397.07,194.21,617.52,0.8804,-1,-1,-1
337,28,488.54,449.30,39.23,111.74,0.2599,-1,-1,-1
337,31,873.96,419.72,174.50,532.86,0.8339,-1,-1,-1
337,26,375.68,468.92,49.30,104.84,0.1635,-1,-1,-1
337,21,1803.33,436.47,117.51,421.88,0.3927,-1,-1,-1
337,41,222.50,424.68,194.71,397.88,0.7155,-1,-1,-1
337,42,735.80,482.97,47.20,116.99,0.3868,-1,-1,-1
337,38,1476.23,436.67,39.08,109.01,0.5354,-1,-1,-1
337,43,0.32,423.52,151.70,363.21,0.8231,-1,-1,-1
338,3,1061.17,397.24,195.62,617.15,0.8736,-1,-1,-1
338,19,1061.17,397.24,195.62,617.15,0.8736,-1,-1,-1
338,28,488.56,452.41,39.14,108.66,0.1862,-1,-1,-1
338,31,874.85,418.74,175.76,534.25,0.8205,-1,-1,-1
338,21,1820.36,456.11,100.19,399.13,0.1835,-1,-1,-1
338,41,229.40,435.66,209.70,387.29,0.7957,-1,-1,-1
338,42,735.19,483.40,47.54,116.79,0.3662,-1,-1,-1
338,38,1478.94,436.16,40.57,109.50,0.5945,-1,-1,-1
338,43,0.53,428.07,152.34,357.68,0.8322,-1,-1,-1
339,3,1062.30,396.69,193.62,617.44,0.8826,-1,-1,-1
339,19,1062.30,396.69,193.62,617.44,0.8826,-1,-1,-1
339,28,488.43,456.05,38.78,105.20,0.1854,-1,-1,-1
339,31,875.47,418.42,173.68,534.79,0.8224,-1,-1,-1
339,41,236.89,415.63,215.09,406.95,0.8189,-1,-1,-1
339,42,736.40,484.72,46.14,114.93,0.4451,-1,-1,-1
339,38,1481.55,436.91,41.61,108.84,0.5214,-1,-1,-1
339,43,0.60,429.47,153.11,355.62,0.8344,-1,-1,-1
340,3,1062.76,398.14,194.36,615.66,0.8842,-1,-1,-1
340,19,1062.76,398.14,194.36,615.66,0.8842,-1,-1,-1
340,28,488.02,455.74,38.29,106.42,0.1895,-1,-1,-1
340,31,876.91,418.25,170.83,534.85,0.8207,-1,-1,-1
340,41,237.27,409.07,224.30,413.85,0.8486,-1,-1,-1
340,42,736.79,484.96,45.27,114.28,0.4510,-1,-1,-1
340,38,1484.12,436.79,41.11,109.33,0.4274,-1,-1,-1
340,43,0.60,429.12,151.98,356.69,0.8388,-1,-1,-1
340,46,679.91,491.72,49.29,112.44,0.3510,-1,-1,-1
341,3,1063.79,401.49,194.19,612.34,0.8853,-1,-1,-1
341,19,1063.79,401.49,194.19,612.34,0.8853,-1,-1,-1
341,28,489.39,455.31,37.86,106.47,0.1885,-1,-1,-1
341,31,878.11,418.02,169.28,534.72,0.8211,-1,-1,-1
341,41,241.56,423.26,223.01,398.95,0.8178,-1,-1,-1
341,42,736.54,483.94,45.07,115.23,0.4481,-1,-1,-1
341,38,1485.26,434.78,44.05,111.63,0.2683,-1,-1,-1
341,43,0.41,425.97,152.65,359.12,0.8458,-1,-1,-1
341,46,679.41,491.98,49.35,111.68,0.3512,-1,-1,-1
342,3,1065.33,400.78,195.99,612.71,0.8777,-1,-1,-1
342,19,1065.33,400.78,195.99,612.71,0.8777,-1,-1,-1
342,28,491.00,455.62,38.46,106.57,0.2254,-1,-1,-1
342,31,881.42,421.56,171.30,530.98,0.8177,-1,-1,-1
342,41,243.33,430.46,224.25,390.62,0.8159,-1,-1,-1
342,42,737.86,483.64,43.89,115.07,0.4751,-1,-1,-1
342,38,1485.46,434.54,51.80,112.64,0.2312,-1,-1,-1
342,43,0.87,429.10,153.30,355.49,0.8342,-1,-1,-1
342,46,679.26,489.97,50.19,114.00,0.3736,-1,-1,-1
343,3,1065.64,400.95,194.47,612.53,0.8819,-1,-1,-1
343,19,1065.64,400.95,194.47,612.53,0.8819,-1,-1,-1
343,28,492.87,456.03,37.72,104.86,0.2119,-1,-1,-1
343,31,884.12,422.84,169.52,529.72,0.8164,-1,-1,-1
343,41,245.32,431.52,221.91,388.55,0.8163,-1,-1,-1
343,42,738.22,484.71,44.66,113.93,0.4102,-1,-1,-1
343,38,1487.47,434.14,55.70,113.44,0.2276,-1,-1,-1
343,43,0.68,425.99,153.20,361.95,0.7921,-1,-1,-1
343,46,677.39,489.11,53.18,113.73,0.3016,-1,-1,-1
344,3,1066.16,400.10,194.82,613.53,0.8784,-1,-1,-1
344,19,1066.16,400.10,194.82,613.53,0.8784,-1,-1,-1
344,28,493.22,457.15,37.83,102.18,0.2277,-1,-1,-1
344,31,886.38,424.02,168.19,528.36,0.8186,-1,-1,-1
344,41,247.75,419.31,218.55,399.00,0.8107,-1,-1,-1
344,42,737.31,484.95,45.95,114.34,0.4690,-1,-1,-1
344,43,6.76,427.26,146.60,359.62,0.7776,-1,-1,-1
344,46,676.55,488.15,54.75,115.43,0.3688,-1,-1,-1
345,3,1066.46,400.79,197.52,612.29,0.8807,-1,-1,-1
345,19,1066.46,400.79,197.52,612.29,0.8807,-1,-1,-1
345,28,493.62,452.77,38.14,107.06,0.2123,-1,-1,-1
345,31,888.89,424.24,165.53,527.68,0.8060,-1,-1,-1
345,41,250.84,411.28,214.11,405.91,0.8543,-1,-1,-1
345,42,735.31,484.10,48.46,114.68,0.3778,-1,-1,-1
345,43,11.40,426.83,143.07,360.75,0.8136,-1,-1,-1
345,46,677.86,489.21,53.93,114.78,0.3220,-1,-1,-1
346,3,1066.90,400.53,196.98,612.98,0.8778,-1,-1,-1
346,19,1066.90,400.53,196.98,612.98,0.8778,-1,-1,-1
346,28,491.77,448.71,40.35,111.48,0.2665,-1,-1,-1
346,31,890.14,424.29,167.26,527.22,0.8131,-1,-1,-1
346,41,260.16,404.76,203.84,410.97,0.8381,-1,-1,-1
346,42,734.12,483.29,50.10,115.54,0.4084,-1,-1,-1
346,43,30.15,429.61,129.23,356.49,0.8019,-1,-1,-1
346,46,676.61,491.60,54.72,113.32,0.3181,-1,-1,-1
347,3,1067.57,402.25,198.21,611.65,0.8741,-1,-1,-1
347,19,1067.57,402.25,198.21,611.65,0.8741,-1,-1,-1
347,28,490.39,447.74,41.55,112.39,0.2490,-1,-1,-1
347,31,891.54,424.39,168.25,526.86,0.8082,-1,-1,-1
347,41,271.21,402.86,193.14,413.59,0.8133,-1,-1,-1
347,42,733.66,483.98,50.35,115.02,0.3356,-1,-1,-1
347,43,47.59,432.74,123.15,350.58,0.8050,-1,-1,-1
347,46,673.18,489.31,57.64,117.80,0.3347,-1,-1,-1
348,3,1067.55,400.37,199.99,613.35,0.8733,-1,-1,-1
348,19,1067.55,400.37,199.99,613.35,0.8733,-1,-1,-1
348,28,484.15,447.18,46.20,114.02,0.3001,-1,-1,-1
348,31,895.21,423.67,162.02,527.23,0.8009,-1,-1,-1
348,41,287.60,405.74,178.65,409.21,0.7898,-1,-1,-1
348,42,731.78,482.23,52.92,116.06,0.3806,-1,-1,-1
348,43,53.71,431.15,128.30,351.82,0.6841,-1,-1,-1
348,46,671.59,491.67,59.36,116.51,0.2442,-1,-1,-1
349,3,1067.53,401.71,201.15,612.28,0.8727,-1,-1,-1
349,19,1067.53,401.71,201.15,612.28,0.8727,-1,-1,-1
349,28,476.85,443.48,50.89,118.93,0.2747,-1,-1,-1
349,31,898.30,422.65,159.56,528.48,0.8063,-1,-1,-1
349,41,298.26,401.92,163.58,405.47,0.8059,-1,-1,-1
349,42,733.44,482.80,50.05,115.78,0.2584,-1,-1,-1
349,43,47.68,430.22,143.67,352.92,0.5192,-1,-1,-1
349,46,671.62,493.20,58.67,115.42,0.2263,-1,-1,-1
350,3,1067.07,400.40,201.42,613.32,0.8741,-1,-1,-1
350,19,1067.07,400.40,201.42,613.32,0.8741,-1,-1,-1
350,28,474.98,443.52,53.04,118.68,0.4960,-1,-1,-1
350,31,899.23,421.87,161.97,529.32,0.8087,-1,-1,-1
350,41,313.86,398.57,147.43,406.13,0.8006,-1,-1,-1
350,42,734.70,486.00,47.63,112.66,0.2047,-1,-1,-1
350,43,66.87,432.22,141.58,351.16,0.7810,-1,-1,-1
350,46,672.09,493.17,56.17,115.24,0.2052,-1,-1,-1
351,3,1066.93,399.97,199.84,613.90,0.8754,-1,-1,-1
351,19,1066.93,399.97,199.84,613.90,0.8754,-1,-1,-1
351,28,475.56,445.47,52.06,116.45,0.4336,-1,-1,-1
351,31,899.51,421.80,163.12,528.98,0.8005,-1,-1,-1
351,41,337.79,392.30,124.61,407.67,0.7794,-1,-1,-1
351,42,735.38,485.92,47.05,112.79,0.2935,-1,-1,-1
351,43,70.14,434.10,165.91,349.15,0.8100,-1,-1,-1
351,46,672.46,492.28,54.03,115.80,0.2871,-1,-1,-1
351,47,0.56,503.25,52.53,351.10,0.5297,-1,-1,-1
352,3,1066.38,400.49,201.25,613.57,0.8788,-1,-1,-1
352,19,1066.38,400.49,201.25,613.57,0.8788,-1,-1,-1
352,28,476.04,445.35,51.48,116.24,0.4016,-1,-1,-1
352,31,900.30,422.38,163.27,527.84,0.7984,-1,-1,-1
352,41,356.65,394.60,112.32,403.45,0.7256,-1,-1,-1
352,42,733.21,484.95,49.97,113.41,0.2776,-1,-1,-1
352,43,72.95,433.70,184.63,348.54,0.8394,-1,-1,-1
352,46,672.12,490.11,54.90,117.36,0.2822,-1,-1,-1
352,47,0.55,505.89,59.63,349.48,0.5708,-1,-1,-1
353,3,1065.71,400.31,201.15,614.00,0.8772,-1,-1,-1
353,19,1065.71,400.31,201.15,614.00,0.8772,-1,-1,-1
353,28,473.14,445.60,50.19,116.67,0.2848,-1,-1,-1
353,31,900.78,421.66,162.03,527.67,0.8015,-1,-1,-1
353,41,369.60,408.59,109.26,390.23,0.5818,-1,-1,-1
353,42,735.87,485.82,45.93,113.02,0.3161,-1,-1,-1
353,43,78.58,432.91,198.46,349.62,0.8505,-1,-1,-1
353,46,671.15,490.23,54.07,116.85,0.2881,-1,-1,-1
353,47,0.46,507.09,70.10,349.20,0.6886,-1,-1,-1
354,3,1065.58,399.51,201.50,614.89,0.8736,-1,-1,-1
354,19,1065.58,399.51,201.50,614.89,0.8736,-1,-1,-1
354,28,472.83,449.59,50.18,112.29,0.2014,-1,-1,-1
354,31,901.50,421.87,163.85,527.60,0.7946,-1,-1,-1
354,41,369.98,402.11,119.23,397.78,0.5872,-1,-1,-1
354,42,735.03,485.65,47.33,112.63,0.3231,-1,-1,-1
354,43,83.77,433.46,206.70,348.94,0.8236,-1,-1,-1
354,46,676.89,483.69,54.58,120.54,0.2658,-1,-1,-1
354,47,0.66,501.21,79.72,353.02,0.6864,-1,-1,-1
355,3,1066.07,400.22,199.78,613.89,0.8756,-1,-1,-1
355,19,1066.07,400.22,199.78,613.89,0.8756,-1,-1,-1
355,28,472.37,450.53,49.41,110.52,0.1580,-1,-1,-1
355,31,901.94,421.88,164.79,526.52,0.7722,-1,-1,-1
355,41,356.46,395.17,145.45,402.06,0.5678,-1,-1,-1
355,42,735.91,485.15,45.83,112.90,0.3868,-1,-1,-1
355,43,87.18,436.21,210.36,342.24,0.8582,-1,-1,-1
355,46,678.97,482.42,54.68,120.52,0.2347,-1,-1,-1
355,47,0.69,476.35,102.31,376.83,0.7159,-1,-1,-1
356,3,1066.11,401.13,198.95,613.56,0.8681,-1,-1,-1
356,19,1066.11,401.13,198.95,613.56,0.8681,-1,-1,-1
356,28,472.79,450.75,48.42,109.86,0.1981,-1,-1,-1
356,31,903.48,421.93,161.58,524.74,0.7563,-1,-1,-1
356,41,355.71,399.68,159.13,397.85,0.6160,-1,-1,-1
356,42,738.22,486.29,42.99,112.29,0.4018,-1,-1,-1
356,43,97.48,437.09,203.32,336.50,0.8341,-1,-1,-1
356,46,680.57,481.18,54.33,120.55,0.2594,-1,-1,-1
356,47,0.69,456.66,136.09,396.17,0.8013,-1,-1,-1
357,3,1066.23,400.00,202.62,614.81,0.8534,-1,-1,-1
357,19,1066.23,400.00,202.62,614.81,0.8534,-1,-1,-1
357,28,470.30,445.64,50.81,115.52,0.2183,-1,-1,-1
357,31,904.60,421.75,158.70,523.15,0.7651,-1,-1,-1
357,41,360.19,403.24,178.91,395.92,0.6806,-1,-1,-1
357,42,738.33,489.64,42.02,108.86,0.2812,-1,-1,-1
357,43,110.22,436.34,192.05,332.81,0.8121,-1,-1,-1
357,46,680.33,479.51,55.24,121.59,0.3066,-1,-1,-1
357,47,0.74,450.02,166.75,406.29,0.8446,-1,-1,-1
358,3,1066.74,400.25,203.75,614.52,0.8522,-1,-1,-1
358,19,1066.74,400.25,203.75,614.52,0.8522,-1,-1,-1
358,28,474.08,444.37,51.08,116.62,0.1816,-1,-1,-1
358,31,904.68,419.84,158.19,524.05,0.7857,-1,-1,-1
358,41,382.79,401.39,177.04,395.76,0.6522,-1,-1,-1
358,42,736.82,485.99,44.31,113.34,0.3777,-1,-1,-1
358,43,124.17,436.32,177.81,331.16,0.8110,-1,-1,-1
358,46,680.51,478.64,55.29,119.21,0.2449,-1,-1,-1
358,47,0.67,449.04,194.76,407.06,0.8562,-1,-1,-1
359,3,1067.14,399.55,204.90,615.09,0.8521,-1,-1,-1
359,19,1067.14,399.55,204.90,615.09,0.8521,-1,-1,-1
359,28,477.10,443.59,50.89,115.74,0.2384,-1,-1,-1
359,31,906.96,419.59,155.79,523.85,0.7900,-1,-1,-1
359,41,393.18,405.18,183.41,393.28,0.8124,-1,-1,-1
359,42,736.13,484.17,45.67,115.55,0.3854,-1,-1,-1
359,43,133.57,434.82,168.11,332.32,0.8211,-1,-1,-1
359,46,679.00,479.45,56.97,114.48,0.2702,-1,-1,-1
359,47,0.44,444.36,208.55,410.68,0.8451,-1,-1,-1
359,49,1045.86,429.77,65.62,213.49,0.4369,-1,-1,-1
360,3,1067.04,400.59,206.91,614.27,0.8503,-1,-1,-1
360,19,1067.04,400.59,206.91,614.27,0.8503,-1,-1,-1
360,31,908.55,419.94,157.56,522.99,0.7899,-1,-1,-1
360,41,399.07,409.24,189.54,388.97,0.8068,-1,-1,-1
360,42,737.11,486.37,44.74,113.60,0.3582,-1,-1,-1
360,43,143.97,435.20,158.53,328.88,0.7774,-1,-1,-1
360,46,677.84,480.80,57.69,117.33,0.2071,-1,-1,-1
360,47,0.33,443.64,218.57,410.72,0.8747,-1,-1,-1
360,49,1037.98,430.59,68.82,213.00,0.2363,-1,-1,-1
361,3,1066.95,401.78,208.76,612.94,0.8538,-1,-1,-1
361,19,1066.95,401.78,208.76,612.94,0.8538,-1,-1,-1
361,31,909.15,419.37,158.16,520.56,0.7993,-1,-1,-1
361,41,399.30,406.71,199.52,391.37,0.8433,-1,-1,-1
361,42,736.33,484.54,45.54,115.13,0.2948,-1,-1,-1
361,43,164.68,434.79,138.28,328.63,0.7516,-1,-1,-1
361,46,687.41,466.22,49.41,119.22,0.1789,-1,-1,-1
361,47,0.14,441.72,225.62,411.63,0.8764,-1,-1,-1
362,3,1067.86,402.19,209.22,612.65,0.8602,-1,-1,-1
362,19,1067.86,402.19,209.22,612.65,0.8602,-1,-1,-1
362,31,909.54,417.47,160.07,519.90,0.8060,-1,-1,-1
362,41,398.80,406.64,204.02,391.97,0.8476,-1,-1,-1
362,42,733.49,484.08,47.88,114.92,0.2726,-1,-1,-1
362,43,174.25,437.92,126.68,326.16,0.6718,-1,-1,-1
362,46,676.99,474.39,57.77,120.85,0.1848,-1,-1,-1
362,47,0.13,442.31,235.02,412.11,0.8542,-1,-1,-1
363,3,1068.07,401.83,209.41,612.84,0.8536,-1,-1,-1
363,19,1068.07,401.83,209.41,612.84,0.8536,-1,-1,-1
363,31,912.52,418.87,161.15,517.57,0.8019,-1,-1,-1
363,41,395.65,409.89,209.03,388.37,0.8394,-1,-1,-1
363,42,732.60,482.80,48.23,115.82,0.3875,-1,-1,-1
363,43,182.97,437.67,116.83,327.38,0.7533,-1,-1,-1
363,46,676.49,477.00,57.83,119.57,0.1693,-1,-1,-1
363,47,0.03,443.62,237.28,409.89,0.8442,-1,-1,-1
363,38,1540.97,426.12,41.00,118.50,0.3506,-1,-1,-1
364,3,1068.27,401.61,210.68,613.12,0.8541,-1,-1,-1
364,19,1068.27,401.61,210.68,613.12,0.8541,-1,-1,-1
364,31,914.62,414.62,160.59,520.14,0.8269,-1,-1,-1
364,41,396.61,413.85,207.79,384.52,0.8503,-1,-1,-1
364,42,732.71,482.80,48.24,116.07,0.4328,-1,-1,-1
364,43,195.70,440.70,104.25,323.64,0.7325,-1,-1,-1
364,46,677.30,477.85,57.61,117.08,0.1883,-1,-1,-1
364,47,0.20,439.79,237.14,410.95,0.8533,-1,-1,-1
364,38,1543.23,426.22,40.51,118.46,0.3538,-1,-1,-1
365,3,1068.31,402.51,210.45,611.80,0.8522,-1,-1,-1
365,19,1068.31,402.51,210.45,611.80,0.8522,-1,-1,-1
365,31,916.60,413.13,160.18,521.12,0.8190,-1,-1,-1
365,41,396.24,413.11,207.46,384.81,0.8574,-1,-1,-1
365,42,733.34,481.75,48.02,117.60,0.4254,-1,-1,-1
365,43,203.23,438.27,101.81,326.29,0.7411,-1,-1,-1
365,46,677.57,477.44,58.42,114.92,0.1574,-1,-1,-1
365,47,1.48,439.74,239.02,411.86,0.8605,-1,-1,-1
365,38,1546.22,424.44,38.11,113.82,0.1693,-1,-1,-1
366,3,1068.33,400.55,209.79,614.14,0.8472,-1,-1,-1
366,19,1068.33,400.55,209.79,614.14,0.8472,-1,-1,-1
366,31,919.01,412.12,159.98,522.59,0.8291,-1,-1,-1
366,41,398.06,411.88,205.36,382.47,0.8220,-1,-1,-1
366,42,733.21,481.95,46.91,116.97,0.4094,-1,-1,-1
366,43,209.05,435.99,102.13,328.23,0.7747,-1,-1,-1
366,47,3.15,440.44,238.63,409.27,0.8590,-1,-1,-1
366,38,1546.66,425.35,38.12,113.25,0.1579,-1,-1,-1
367,3,1068.51,400.99,211.73,613.94,0.8218,-1,-1,-1
367,19,1068.51,400.99,211.73,613.94,0.8218,-1,-1,-1
367,31,921.99,410.73,157.98,524.44,0.8253,-1,-1,-1
367,41,400.19,406.96,199.62,385.06,0.8418,-1,-1,-1
367,42,732.28,481.56,46.66,117.19,0.4554,-1,-1,-1
367,43,218.33,436.07,105.00,327.88,0.7566,-1,-1,-1
367,47,21.00,440.27,220.40,400.16,0.7861,-1,-1,-1
368,3,1068.37,399.47,217.59,615.50,0.7877,-1,-1,-1
368,19,1068.37,399.47,217.59,615.50,0.7877,-1,-1,-1
368,31,924.53,409.71,156.32,525.26,0.8198,-1,-1,-1
368,41,402.51,398.75,194.33,390.46,0.8463,-1,-1,-1
368,42,731.46,481.67,47.22,116.90,0.4662,-1,-1,-1
368,43,227.42,437.37,116.12,327.10,0.7359,-1,-1,-1
368,47,44.67,436.46,193.19,394.41,0.7830,-1,-1,-1
369,3,1069.02,400.12,221.71,614.95,0.7462,-1,-1,-1
369,19,1069.02,400.12,221.71,614.95,0.7462,-1,-1,-1
369,31,926.13,413.45,155.54,519.94,0.8220,-1,-1,-1
369,41,407.78,396.53,186.95,392.12,0.8536,-1,-1,-1
369,42,731.38,482.20,47.46,116.31,0.4196,-1,-1,-1
369,43,234.61,435.00,131.19,329.33,0.8104,-1,-1,-1
369,47,75.66,433.12,161.70,393.11,0.7696,-1,-1,-1
370,3,1069.02,398.08,221.17,616.85,0.7952,-1,-1,-1
370,19,1069.02,398.08,221.17,616.85,0.7952,-1,-1,-1
370,31,928.95,415.52,156.69,519.79,0.8016,-1,-1,-1
370,41,414.43,404.25,179.27,385.41,0.8351,-1,-1,-1
370,42,730.96,481.12,47.54,117.37,0.4005,-1,-1,-1
370,43,241.05,432.58,146.58,330.95,0.8301,-1,-1,-1
370,47,105.72,434.12,132.89,388.49,0.8105,-1,-1,-1
371,3,1069.61,397.94,215.14,616.67,0.7178,-1,-1,-1
371,19,1069.61,397.94,215.14,616.67,0.7178,-1,-1,-1
371,31,932.51,415.59,155.75,520.56,0.7965,-1,-1,-1
371,41,426.57,402.18,168.76,386.77,0.8320,-1,-1,-1
371,42,730.22,481.27,48.26,117.87,0.3850,-1,-1,-1
371,43,244.21,432.02,159.55,330.86,0.8392,-1,-1,-1
371,47,128.05,438.25,122.08,382.13,0.7981,-1,-1,-1
372,3,1070.39,397.43,215.93,616.69,0.8190,-1,-1,-1
372,19,1070.39,397.43,215.93,616.69,0.8190,-1,-1,-1
372,31,935.40,415.58,154.95,520.64,0.7960,-1,-1,-1
372,41,439.08,418.13,155.66,363.87,0.7975,-1,-1,-1
372,42,730.72,481.95,46.97,116.77,0.3729,-1,-1,-1
372,43,245.05,434.13,167.90,327.64,0.8179,-1,-1,-1
372,47,137.35,437.56,120.91,382.23,0.7601,-1,-1,-1
373,3,1070.86,397.18,218.37,617.18,0.8387,-1,-1,-1
373,19,1070.86,397.18,218.37,617.18,0.8387,-1,-1,-1
373,31,938.03,416.19,154.58,520.99,0.7950,-1,-1,-1
373,41,457.07,406.08,145.38,370.68,0.8000,-1,-1,-1
373,42,731.61,482.50,47.02,115.24,0.3945,-1,-1,-1
373,43,253.07,435.19,164.56,321.69,0.8034,-1,-1,-1
373,47,147.10,435.01,138.53,383.53,0.8089,-1,-1,-1
373,50,0.34,491.89,46.26,316.19,0.6281,-1,-1,-1
374,3,1071.61,397.77,218.38,616.47,0.8098,-1,-1,-1
374,19,1071.61,397.77,218.38,616.47,0.8098,-1,-1,-1
374,31,942.80,416.75,152.04,519.82,0.7884,-1,-1,-1
374,41,470.97,402.34,139.60,370.30,0.7724,-1,-1,-1
374,42,732.60,480.69,47.44,117.40,0.3961,-1,-1,-1
374,43,264.77,440.32,157.83,307.37,0.7789,-1,-1,-1
374,47,156.48,431.83,144.71,385.43,0.7264,-1,-1,-1
374,50,0.81,491.59,49.87,316.87,0.7026,-1,-1,-1
375,3,1071.54,399.30,219.18,614.45,0.7954,-1,-1,-1
375,19,1071.54,399.30,219.18,614.45,0.7954,-1,-1,-1
375,31,942.82,414.16,152.69,521.17,0.7756,-1,-1,-1
375,41,481.69,406.70,140.46,364.35,0.7128,-1,-1,-1
375,42,733.17,480.16,47.50,118.44,0.3846,-1,-1,-1
375,43,277.09,449.20,147.14,297.80,0.7425,-1,-1,-1
375,47,160.93,432.92,167.09,383.52,0.8168,-1,-1,-1
375,50,0.63,487.35,57.86,324.44,0.6592,-1,-1,-1
376,3,1071.42,399.65,221.13,613.56,0.8087,-1,-1,-1
376,19,1071.42,399.65,221.13,613.56,0.8087,-1,-1,-1
376,31,944.52,416.75,150.02,521.17,0.7739,-1,-1,-1
376,41,488.52,404.56,140.79,364.04,0.6939,-1,-1,-1
376,42,731.42,479.32,48.59,119.72,0.3214,-1,-1,-1
376,43,278.35,439.75,147.33,307.62,0.7423,-1,-1,-1
376,47,160.18,436.09,186.39,379.98,0.7681,-1,-1,-1
376,50,0.34,481.62,69.67,330.83,0.7803,-1,-1,-1
377,3,1071.11,400.46,224.46,613.82,0.8123,-1,-1,-1
377,19,1071.11,400.46,224.46,613.82,0.8123,-1,-1,-1
377,31,946.19,417.32,151.96,521.20,0.7970,-1,-1,-1
377,41,490.46,400.72,143.63,367.39,0.7358,-1,-1,-1
377,42,731.23,480.85,47.85,118.69,0.3284,-1,-1,-1
377,43,283.74,441.47,144.87,306.16,0.7057,-1,-1,-1
377,47,158.53,439.10,204.06,377.30,0.7974,-1,-1,-1
377,50,0.05,451.79,95.04,358.63,0.7789,-1,-1,-1
378,3,1071.58,399.30,223.46,615.53,0.7752,-1,-1,-1
378,19,1071.58,399.30,223.46,615.53,0.7752,-1,-1,-1
378,31,946.44,413.31,155.56,522.81,0.7802,-1,-1,-1
378,41,494.83,396.46,147.19,373.16,0.7880,-1,-1,-1
378,42,731.50,482.06,46.66,116.03,0.3457,-1,-1,-1
378,43,292.46,440.69,136.52,309.22,0.6757,-1,-1,-1
378,47,159.18,440.06,211.85,376.37,0.8198,-1,-1,-1
378,50,0.05,436.70,125.64,373.39,0.8289,-1,-1,-1
379,3,1071.22,397.28,222.25,617.06,0.8307,-1,-1,-1
379,19,1071.22,397.28,222.25,617.06,0.8307,-1,-1,-1
379,31,946.30,411.30,156.69,523.84,0.8144,-1,-1,-1
379,41,500.60,396.74,157.66,373.76,0.7933,-1,-1,-1
379,42,731.72,482.04,45.40,116.09,0.3895,-1,-1,-1
379,43,309.58,439.51,119.03,309.42,0.6841,-1,-1,-1
379,47,159.00,441.36,216.36,374.89,0.8247,-1,-1,-1
379,50,0.06,431.11,138.48,377.35,0.8210,-1,-1,-1
380,3,1071.60,395.61,221.15,618.47,0.8255,-1,-1,-1
380,19,1071.60,395.61,221.15,618.47,0.8255,-1,-1,-1
380,31,946.81,407.65,159.10,526.41,0.8113,-1,-1,-1
380,41,505.77,398.66,163.32,371.99,0.6394,-1,-1,-1
380,42,731.29,480.62,43.97,116.80,0.3587,-1,-1,-1
380,43,321.95,444.49,102.99,306.50,0.6351,-1,-1,-1
380,47,160.64,443.05,221.49,371.66,0.8376,-1,-1,-1
380,50,0.32,428.61,157.53,378.64,0.7753,-1,-1,-1
381,3,1072.19,393.91,217.41,620.35,0.7992,-1,-1,-1
381,19,1072.19,393.91,217.41,620.35,0.7992,-1,-1,-1
381,31,952.94,411.22,155.27,526.17,0.7699,-1,-1,-1
381,41,516.13,405.61,149.85,365.41,0.5864,-1,-1,-1
381,42,730.75,479.69,46.44,118.67,0.3083,-1,-1,-1
381,43,324.90,442.24,98.55,309.72,0.7057,-1,-1,-1
381,47,158.58,444.15,226.60,367.25,0.8610,-1,-1,-1
381,50,0.55,434.40,171.29,372.30,0.7523,-1,-1,-1
382,3,1073.43,396.79,219.91,617.79,0.8144,-1,-1,-1
382,19,1073.43,396.79,219.91,617.79,0.8144,-1,-1,-1
382,31,952.82,414.43,158.07,521.16,0.7518,-1,-1,-1
382,41,533.10,405.62,140.08,364.24,0.6057,-1,-1,-1
382,42,730.81,479.20,48.69,120.45,0.3573,-1,-1,-1
382,43,334.65,442.06,95.49,307.45,0.6878,-1,-1,-1
382,47,164.32,442.82,220.95,367.33,0.8295,-1,-1,-1
382,50,0.65,436.07,179.87,369.71,0.8045,-1,-1,-1
383,3,1073.56,397.29,220.30,617.54,0.8288,-1,-1,-1
383,19,1073.56,397.29,220.30,617.54,0.8288,-1,-1,-1
383,31,954.29,416.35,156.88,521.69,0.6962,-1,-1,-1
383,41,530.17,411.39,150.36,358.50,0.6916,-1,-1,-1
383,42,730.45,477.87,51.06,121.96,0.3670,-1,-1,-1
383,43,345.18,443.80,96.95,301.89,0.5557,-1,-1,-1
383,47,181.72,442.27,203.52,367.04,0.7935,-1,-1,-1
383,50,0.43,436.32,191.13,368.77,0.8582,-1,-1,-1
383,46,690.64,463.65,44.70,125.75,0.3417,-1,-1,-1
384,3,1073.83,397.11,220.23,617.83,0.8328,-1,-1,-1
384,19,1073.83,397.11,220.23,617.83,0.8328,-1,-1,-1
384,31,955.79,416.54,153.64,522.75,0.7106,-1,-1,-1
384,41,531.54,408.60,154.54,361.22,0.7506,-1,-1,-1
384,42,730.08,475.86,50.83,124.86,0.4519,-1,-1,-1
384,43,361.45,453.07,92.20,291.02,0.6045,-1,-1,-1
384,47,194.80,437.28,189.78,371.77,0.7938,-1,-1,-1
384,50,0.45,433.31,200.34,372.71,0.8756,-1,-1,-1
384,46,687.94,465.36,46.96,125.64,0.3557,-1,-1,-1
385,3,1074.08,397.15,219.28,617.89,0.7877,-1,-1,-1
385,19,1074.08,397.15,219.28,617.89,0.7877,-1,-1,-1
385,31,957.92,416.56,150.61,523.72,0.7201,-1,-1,-1
385,41,535.54,408.26,154.42,361.76,0.7874,-1,-1,-1
385,42,730.27,473.19,50.13,127.80,0.5479,-1,-1,-1
385,43,365.40,443.57,95.88,299.84,0.7056,-1,-1,-1
385,47,210.62,434.17,174.01,369.81,0.8060,-1,-1,-1
385,50,0.35,434.62,210.82,371.69,0.8629,-1,-1,-1
385,46,687.26,467.27,47.14,126.45,0.3845,-1,-1,-1
386,3,1073.90,397.38,220.18,617.29,0.7060,-1,-1,-1
386,19,1073.90,397.38,220.18,617.29,0.7060,-1,-1,-1
386,31,960.36,415.03,149.45,526.36,0.7416,-1,-1,-1
386,41,540.22,406.42,154.20,363.06,0.8329,-1,-1,-1
386,42,730.72,471.00,49.21,129.67,0.5290,-1,-1,-1
386,43,369.12,439.74,110.43,304.79,0.7071,-1,-1,-1
386,47,230.07,435.06,152.84,365.97,0.7921,-1,-1,-1
386,50,0.22,433.10,213.92,374.37,0.8359,-1,-1,-1
386,46,689.77,468.05,43.88,126.28,0.3452,-1,-1,-1
387,3,1073.61,397.59,220.41,616.79,0.7757,-1,-1,-1
387,19,1073.61,397.59,220.41,616.79,0.7757,-1,-1,-1
387,31,960.37,416.34,148.39,524.48,0.7225,-1,-1,-1
387,41,542.94,407.06,151.63,360.74,0.8455,-1,-1,-1
387,42,731.08,470.81,48.67,129.77,0.5301,-1,-1,-1
387,43,369.94,438.57,134.43,307.60,0.8056,-1,-1,-1
387,47,253.63,431.46,128.43,367.35,0.5758,-1,-1,-1
387,50,1.61,432.80,212.39,373.31,0.8367,-1,-1,-1
387,46,690.99,472.28,42.65,119.78,0.3117,-1,-1,-1
388,3,1061.71,397.17,243.47,617.89,0.7372,-1,-1,-1
388,19,1061.71,397.17,243.47,617.89,0.7372,-1,-1,-1
388,31,960.90,417.44,145.33,523.13,0.7216,-1,-1,-1
388,41,546.39,405.86,148.22,358.77,0.8252,-1,-1,-1
388,42,730.65,469.17,48.68,132.84,0.4964,-1,-1,-1
388,43,370.83,439.74,150.63,308.02,0.7892,-1,-1,-1
388,47,275.42,433.08,105.97,363.73,0.6753,-1,-1,-1
388,50,9.87,432.01,203.21,372.19,0.8071,-1,-1,-1
388,46,691.77,473.08,42.12,120.20,0.3500,-1,-1,-1
389,3,1056.65,397.37,288.06,617.66,0.7262,-1,-1,-1
389,19,1056.65,397.37,288.06,617.66,0.7262,-1,-1,-1
389,31,962.82,418.01,140.13,522.37,0.7017,-1,-1,-1
389,41,549.23,407.88,145.92,355.56,0.8064,-1,-1,-1
389,42,730.42,471.08,48.68,130.98,0.5033,-1,-1,-1
389,43,368.11,441.08,165.30,304.50,0.8016,-1,-1,-1
389,47,285.88,429.47,100.65,368.56,0.6786,-1,-1,-1
389,50,20.25,425.25,192.91,374.82,0.7874,-1,-1,-1
389,46,692.20,474.87,40.82,117.38,0.3357,-1,-1,-1
390,3,1057.19,397.21,303.16,618.47,0.7742,-1,-1,-1
390,19,1057.19,397.21,303.16,618.47,0.7742,-1,-1,-1
390,31,965.52,418.08,135.81,523.30,0.6751,-1,-1,-1
390,41,554.83,409.40,141.08,352.44,0.8007,-1,-1,-1
390,42,729.88,472.95,49.79,130.57,0.4865,-1,-1,-1
390,43,370.40,440.96,171.23,303.27,0.8139,-1,-1,-1
390,47,285.17,433.48,108.91,364.59,0.5260,-1,-1,-1
390,50,32.03,426.85,183.32,371.16,0.7948,-1,-1,-1
390,46,691.05,477.40,40.06,113.51,0.2993,-1,-1,-1
391,3,1054.03,397.09,313.57,618.54,0.7778,-1,-1,-1
391,19,1054.03,397.09,313.57,618.54,0.7778,-1,-1,-1
391,31,972.11,416.90,128.18,527.64,0.6590,-1,-1,-1
391,41,560.62,411.50,135.46,351.84,0.8018,-1,-1,-1
391,42,728.83,471.59,50.86,131.91,0.4435,-1,-1,-1
391,43,377.09,441.08,168.25,300.24,0.7847,-1,-1,-1
391,47,299.48,436.95,103.27,361.82,0.5330,-1,-1,-1
391,50,40.30,428.01,175.76,369.69,0.7605,-1,-1,-1
391,46,690.41,477.90,40.58,111.44,0.3291,-1,-1,-1
391,51,917.93,435.06,67.91,154.19,0.3720,-1,-1,-1
392,3,1052.45,397.83,314.43,618.23,0.7845,-1,-1,-1
392,19,1052.45,397.83,314.43,618.23,0.7845,-1,-1,-1
392,31,978.58,412.95,123.23,527.98,0.6500,-1,-1,-1
392,41,568.37,408.98,128.69,356.25,0.7869,-1,-1,-1
392,42,728.13,468.72,51.71,134.20,0.4473,-1,-1,-1
392,43,388.94,439.65,157.91,299.12,0.7245,-1,-1,-1
392,47,308.43,437.44,117.25,361.84,0.6567,-1,-1,-1
392,50,51.92,431.62,165.77,364.20,0.7637,-1,-1,-1
392,46,687.86,472.34,42.90,118.54,0.2548,-1,-1,-1
392,51,924.39,434.83,58.50,155.86,0.5648,-1,-1,-1
393,3,1049.76,398.24,316.56,618.28,0.8134,-1,-1,-1
393,19,1049.76,398.24,316.56,618.28,0.8134,-1,-1,-1
393,31,971.04,416.85,130.34,525.46,0.6501,-1,-1,-1
393,41,576.15,413.15,121.41,344.21,0.7914,-1,-1,-1
393,42,727.85,467.51,52.25,134.98,0.5302,-1,-1,-1
393,43,398.99,439.64,148.07,296.98,0.7274,-1,-1,-1
393,47,312.45,440.11,138.74,359.51,0.7908,-1,-1,-1
393,50,77.45,429.53,144.10,365.66,0.6330,-1,-1,-1
393,46,685.52,471.31,43.35,119.95,0.3081,-1,-1,-1
393,51,925.12,437.09,54.82,162.49,0.6499,-1,-1,-1
394,3,1053.32,398.21,286.84,617.48,0.6771,-1,-1,-1
394,19,1053.32,398.21,286.84,617.48,0.6771,-1,-1,-1
394,31,979.93,413.71,120.48,525.69,0.6298,-1,-1,-1
394,41,582.67,412.49,114.91,341.03,0.7606,-1,-1,-1
394,42,726.62,473.44,52.74,129.83,0.5980,-1,-1,-1
394,43,410.68,442.70,137.94,292.77,0.7292,-1,-1,-1
394,47,314.39,443.14,148.61,357.31,0.7241,-1,-1,-1
394,50,71.03,428.82,159.04,366.81,0.7570,-1,-1,-1
394,46,686.33,478.54,41.43,114.56,0.1888,-1,-1,-1
394,51,922.76,438.38,55.13,165.27,0.6389,-1,-1,-1
395,3,1055.06,397.19,272.29,618.35,0.7000,-1,-1,-1
395,19,1055.06,397.19,272.29,618.35,0.7000,-1,-1,-1
395,31,985.33,413.16,113.85,524.60,0.6579,-1,-1,-1
395,41,587.90,413.55,111.55,336.46,0.7668,-1,-1,-1
395,42,725.13,471.13,53.55,134.25,0.6130,-1,-1,-1
395,43,421.35,441.24,127.06,293.93,0.7396,-1,-1,-1
395,47,314.52,443.95,156.70,357.06,0.7475,-1,-1,-1
395,50,72.31,430.24,163.49,365.89,0.7789,-1,-1,-1
395,51,920.44,439.64,54.17,164.30,0.5962,-1,-1,-1
396,3,1057.03,398.44,292.74,618.03,0.7612,-1,-1,-1
396,19,1057.03,398.44,292.74,618.03,0.7612,-1,-1,-1
396,31,984.94,413.55,113.66,523.74,0.6218,-1,-1,-1
396,41,591.90,423.10,112.38,322.25,0.7561,-1,-1,-1
396,42,722.65,466.15,56.32,142.64,0.5792,-1,-1,-1
396,43,433.95,443.30,114.32,289.17,0.6563,-1,-1,-1
396,47,313.09,442.91,170.38,356.43,0.7601,-1,-1,-1
396,50,99.89,441.39,141.18,353.83,0.5854,-1,-1,-1
396,51,918.31,442.00,53.89,167.76,0.6768,-1,-1,-1
397,3,1060.61,398.55,262.13,618.64,0.7906,-1,-1,-1
397,19,1060.61,398.55,262.13,618.64,0.7906,-1,-1,-1
397,31,985.42,413.65,112.96,524.19,0.6774,-1,-1,-1
397,41,596.06,419.55,112.90,324.95,0.7488,-1,-1,-1
397,42,720.58,464.35,57.86,144.98,0.5765,-1,-1,-1
397,43,447.67,465.99,98.87,264.20,0.5730,-1,-1,-1
397,47,312.89,434.46,174.46,364.11,0.7633,-1,-1,-1
397,50,127.11,436.46,123.68,359.81,0.6219,-1,-1,-1
397,51,915.71,442.88,54.94,167.74,0.6400,-1,-1,-1
398,3,1063.77,399.06,246.95,619.05,0.8380,-1,-1,-1
398,19,1063.77,399.06,246.95,619.05,0.8380,-1,-1,-1
398,31,975.19,415.22,123.61,524.64,0.6354,-1,-1,-1
398,41,599.52,423.20,117.11,319.60,0.7559,-1,-1,-1
398,42,720.08,461.79,57.44,147.50,0.5430,-1,-1,-1
398,43,448.18,443.88,98.92,287.17,0.7328,-1,-1,-1
398,47,313.95,436.51,179.43,360.21,0.8204,-1,-1,-1
398,50,136.78,436.30,125.31,359.97,0.7496,-1,-1,-1
398,51,915.72,444.27,55.11,163.91,0.4854,-1,-1,-1
399,3,1065.52,400.28,241.25,617.94,0.8375,-1,-1,-1
399,19,1065.52,400.28,241.25,617.94,0.8375,-1,-1,-1
399,31,970.46,415.38,129.39,525.13,0.6614,-1,-1,-1
399,41,604.76,427.62,122.90,312.70,0.7882,-1,-1,-1
399,42,719.68,463.29,55.86,145.95,0.5361,-1,-1,-1
399,43,463.54,442.15,85.44,289.34,0.6275,-1,-1,-1
399,47,316.83,437.72,176.85,358.98,0.8309,-1,-1,-1
399,50,137.35,433.53,151.32,361.57,0.7641,-1,-1,-1
399,51,913.99,439.16,56.56,171.62,0.5827,-1,-1,-1
400,3,1067.65,400.37,237.28,618.40,0.8528,-1,-1,-1
400,19,1067.65,400.37,237.28,618.40,0.8528,-1,-1,-1
400,31,968.70,414.17,130.78,526.65,0.6565,-1,-1,-1
400,41,607.19,423.85,131.55,316.27,0.7794,-1,-1,-1
400,42,718.19,468.05,52.34,140.25,0.4776,-1,-1,-1
400,43,471.22,439.77,81.86,290.15,0.7307,-1,-1,-1
400,47,316.60,435.75,177.62,360.09,0.8428,-1,-1,-1
400,50,140.39,433.09,169.67,360.93,0.7803,-1,-1,-1
400,51,911.35,438.71,56.12,171.03,0.5659,-1,-1,-1
401,3,1069.19,399.84,235.10,619.28,0.8464,-1,-1,-1
401,19,1069.19,399.84,235.10,619.28,0.8464,-1,-1,-1
401,31,979.42,411.56,118.35,527.08,0.6369,-1,-1,-1
401,41,609.58,423.97,144.27,315.77,0.7721,-1,-1,-1
401,42,715.87,465.97,52.96,145.50,0.4253,-1,-1,-1
401,43,480.20,443.55,80.47,287.63,0.7209,-1,-1,-1
401,47,322.73,436.64,172.08,356.69,0.8149,-1,-1,-1
401,50,141.88,433.19,174.54,360.95,0.8140,-1,-1,-1
401,51,908.96,438.31,59.13,168.00,0.5768,-1,-1,-1
402,3,1071.33,399.49,231.30,619.94,0.8370,-1,-1,-1
402,19,1071.33,399.49,231.30,619.94,0.8370,-1,-1,-1
402,31,983.95,410.85,113.13,527.22,0.6261,-1,-1,-1
402,41,615.36,417.14,151.39,322.70,0.8021,-1,-1,-1
402,42,715.44,463.57,53.81,147.19,0.4926,-1,-1,-1
402,43,484.28,449.20,86.44,280.04,0.7226,-1,-1,-1
402,47,335.20,442.48,159.45,348.67,0.8264,-1,-1,-1
402,50,144.27,435.40,174.75,357.57,0.8097,-1,-1,-1
402,51,904.77,438.39,66.23,170.34,0.5297,-1,-1,-1
403,3,1074.62,399.71,227.11,619.58,0.8374,-1,-1,-1
403,19,1074.62,399.71,227.11,619.58,0.8374,-1,-1,-1
403,31,970.97,415.19,127.87,524.88,0.6182,-1,-1,-1
403,41,619.18,411.12,158.11,330.23,0.8362,-1,-1,-1
403,42,715.59,464.40,53.80,146.18,0.4663,-1,-1,-1
403,43,488.88,445.89,95.77,283.20,0.6044,-1,-1,-1
403,47,347.02,448.70,148.48,335.72,0.7465,-1,-1,-1
403,50,144.15,438.71,184.00,354.21,0.8039,-1,-1,-1
403,51,901.92,441.12,72.83,169.35,0.3596,-1,-1,-1
404,3,1076.54,399.82,225.51,620.33,0.8293,-1,-1,-1
404,19,1076.54,399.82,225.51,620.33,0.8293,-1,-1,-1
404,31,965.98,416.85,132.89,524.76,0.6687,-1,-1,-1
404,41,623.75,407.93,163.60,334.66,0.8022,-1,-1,-1
404,42,715.38,463.25,52.65,147.99,0.4497,-1,-1,-1
404,43,491.05,441.05,115.44,286.54,0.6404,-1,-1,-1
404,47,357.49,443.76,140.38,339.66,0.7213,-1,-1,-1
404,50,150.31,438.53,183.83,351.58,0.8273,-1,-1,-1
404,51,898.54,446.81,60.22,164.10,0.5255,-1,-1,-1
405,3,1078.28,400.36,213.99,619.18,0.8328,-1,-1,-1
405,19,1078.28,400.36,213.99,619.18,0.8328,-1,-1,-1
405,31,964.12,416.57,134.86,525.31,0.6856,-1,-1,-1
405,41,627.67,414.26,166.43,329.38,0.7875,-1,-1,-1
405,42,716.12,466.90,51.50,144.91,0.3763,-1,-1,-1
405,43,495.75,444.17,123.28,283.50,0.6790,-1,-1,-1
405,47,377.69,438.03,119.49,340.09,0.7012,-1,-1,-1
405,50,155.03,437.01,178.91,351.13,0.8182,-1,-1,-1
405,51,895.59,452.57,54.38,158.24,0.4055,-1,-1,-1
406,3,1077.15,399.33,209.45,620.65,0.8325,-1,-1,-1
406,19,1077.15,399.33,209.45,620.65,0.8325,-1,-1,-1
406,31,961.63,416.05,137.01,525.80,0.6971,-1,-1,-1
406,41,632.10,420.73,166.64,322.61,0.7930,-1,-1,-1
406,42,718.38,466.76,48.28,145.69,0.2251,-1,-1,-1
406,43,499.88,447.69,123.86,279.59,0.6744,-1,-1,-1
406,47,395.75,434.80,103.30,337.93,0.7057,-1,-1,-1
406,50,159.69,436.03,173.10,352.39,0.8076,-1,-1,-1
406,51,892.56,454.84,54.01,154.31,0.3649,-1,-1,-1
407,3,1076.47,397.12,203.94,622.21,0.8346,-1,-1,-1
407,19,1076.47,397.12,203.94,622.21,0.8346,-1,-1,-1
407,31,958.52,417.64,139.13,523.85,0.7252,-1,-1,-1
407,41,635.98,416.58,163.43,327.11,0.8541,-1,-1,-1
407,43,496.88,446.35,135.03,283.99,0.7084,-1,-1,-1
407,47,410.41,434.55,93.45,335.86,0.6730,-1,-1,-1
407,50,171.64,433.63,164.20,355.15,0.8026,-1,-1,-1
407,51,888.70,458.24,55.30,150.34,0.3129,-1,-1,-1
408,3,1073.89,397.66,202.00,622.44,0.8385,-1,-1,-1
408,19,1073.89,397.66,202.00,622.44,0.8385,-1,-1,-1
408,31,959.13,417.38,138.76,523.85,0.7100,-1,-1,-1
408,41,641.12,418.70,159.27,325.79,0.8466,-1,-1,-1
408,43,500.85,440.72,139.22,289.28,0.7524,-1,-1,-1
408,47,408.44,433.70,100.93,336.21,0.6180,-1,-1,-1
408,50,185.45,433.40,152.80,352.09,0.7955,-1,-1,-1
408,51,880.49,456.05,61.00,153.85,0.4983,-1,-1,-1
409,3,1073.79,398.89,198.71,620.57,0.8396,-1,-1,-1
409,19,1073.79,398.89,198.71,620.57,0.8396,-1,-1,-1
409,31,959.13,417.04,140.21,523.60,0.7043,-1,-1,-1
409,41,643.82,418.05,157.24,326.39,0.8314,-1,-1,-1
409,43,500.33,436.81,143.40,293.35,0.7531,-1,-1,-1
409,47,400.79,437.11,116.28,331.91,0.6158,-1,-1,-1
409,50,201.81,435.75,138.18,339.12,0.7232,-1,-1,-1
409,51,875.72,448.13,63.96,162.62,0.6134,-1,-1,-1
410,3,1073.40,398.19,192.24,620.99,0.8459,-1,-1,-1
410,19,1073.40,398.19,192.24,620.99,0.8459,-1,-1,-1
410,31,959.46,418.87,139.12,521.16,0.7095,-1,-1,-1
410,41,645.68,412.76,156.48,331.78,0.8197,-1,-1,-1
410,43,511.07,438.86,133.81,285.15,0.7308,-1,-1,-1
410,47,416.56,438.54,115.48,331.14,0.5810,-1,-1,-1
410,50,222.39,435.41,123.38,336.65,0.6605,-1,-1,-1
410,51,874.75,446.50,62.47,164.72,0.5701,-1,-1,-1
411,3,1072.19,398.24,186.19,620.82,0.8467,-1,-1,-1
411,19,1072.19,398.24,186.19,620.82,0.8467,-1,-1,-1
411,31,958.39,420.85,140.23,518.64,0.7181,-1,-1,-1
411,41,645.98,416.61,155.83,326.01,0.8265,-1,-1,-1
411,43,521.03,440.50,123.06,282.82,0.6931,-1,-1,-1
411,47,423.69,436.58,131.98,330.96,0.6693,-1,-1,-1
411,50,247.57,428.36,105.70,341.35,0.5464,-1,-1,-1
411,51,874.34,442.70,62.26,168.65,0.5405,-1,-1,-1
412,3,1071.04,399.74,185.51,618.77,0.8433,-1,-1,-1
412,19,1071.04,399.74,185.51,618.77,0.8433,-1,-1,-1
412,31,961.16,421.69,137.51,518.28,0.6861,-1,-1,-1
412,41,645.97,407.00,155.95,335.96,0.8270,-1,-1,-1
412,43,528.79,437.91,116.51,283.44,0.7386,-1,-1,-1
412,47,420.77,436.17,147.74,331.22,0.6617,-1,-1,-1
412,50,264.00,426.92,99.46,342.55,0.7140,-1,-1,-1
412,51,873.96,441.70,58.94,167.69,0.5160,-1,-1,-1
413,3,1070.93,401.33,185.21,617.31,0.8518,-1,-1,-1
413,19,1070.93,401.33,185.21,617.31,0.8518,-1,-1,-1
413,31,959.24,421.66,140.42,518.29,0.7356,-1,-1,-1
413,41,647.94,408.36,154.02,333.14,0.8040,-1,-1,-1
413,43,547.55,436.57,101.93,283.15,0.6168,-1,-1,-1
413,47,431.89,435.08,154.33,331.27,0.7118,-1,-1,-1
413,50,269.72,426.15,104.70,344.35,0.7255,-1,-1,-1
413,51,874.88,440.42,55.79,167.73,0.4901,-1,-1,-1
414,3,1066.59,404.03,188.74,614.96,0.8609,-1,-1,-1
414,19,1066.59,404.03,188.74,614.96,0.8609,-1,-1,-1
414,31,961.11,421.57,137.98,516.88,0.6944,-1,-1,-1
414,41,653.05,419.92,148.06,320.85,0.8022,-1,-1,-1
414,43,558.35,437.48,95.28,282.31,0.6543,-1,-1,-1
414,47,436.49,436.95,158.93,329.02,0.7424,-1,-1,-1
414,50,273.16,424.65,109.85,346.94,0.6973,-1,-1,-1
414,51,872.12,440.17,53.88,167.97,0.5951,-1,-1,-1
415,3,1064.08,407.53,191.30,611.75,0.8578,-1,-1,-1
415,19,1064.08,407.53,191.30,611.75,0.8578,-1,-1,-1
415,31,963.41,419.94,133.67,518.55,0.7134,-1,-1,-1
415,41,657.59,424.55,143.64,316.43,0.8065,-1,-1,-1
415,43,562.40,434.35,92.04,286.59,0.6031,-1,-1,-1
415,47,436.12,438.55,162.89,327.51,0.7651,-1,-1,-1
415,50,278.85,430.97,116.75,340.61,0.6670,-1,-1,-1
415,51,871.47,440.86,50.92,167.23,0.7087,-1,-1,-1
416,3,1061.43,410.88,195.33,608.76,0.8636,-1,-1,-1
416,19,1061.43,410.88,195.33,608.76,0.8636,-1,-1,-1
416,31,964.19,419.29,131.75,519.24,0.7053,-1,-1,-1
416,41,666.77,430.56,134.75,308.11,0.7948,-1,-1,-1
416,43,570.62,433.82,87.20,286.49,0.7329,-1,-1,-1
416,47,435.69,440.91,163.62,325.45,0.8113,-1,-1,-1
416,50,287.35,435.56,115.65,334.81,0.7308,-1,-1,-1
416,51,869.65,440.40,51.18,166.49,0.6147,-1,-1,-1
417,3,1061.57,409.50,197.04,610.86,0.8532,-1,-1,-1
417,19,1061.57,409.50,197.04,610.86,0.8532,-1,-1,-1
417,31,968.13,417.38,128.20,518.39,0.6690,-1,-1,-1
417,41,675.85,424.69,125.97,310.39,0.8033,-1,-1,-1
417,43,569.62,435.55,96.72,283.88,0.6753,-1,-1,-1
417,47,436.11,449.71,164.24,316.97,0.7914,-1,-1,-1
417,50,289.14,437.99,128.75,330.72,0.5965,-1,-1,-1
417,51,868.17,439.10,50.77,167.12,0.6314,-1,-1,-1
418,3,1059.60,405.89,199.87,614.64,0.8571,-1,-1,-1
418,19,1059.60,405.89,199.87,614.64,0.8571,-1,-1,-1
418,31,968.40,418.07,126.86,519.52,0.6730,-1,-1,-1
418,41,682.06,413.79,121.82,318.38,0.7850,-1,-1,-1
418,43,581.52,436.14,94.41,282.43,0.7152,-1,-1,-1
418,47,438.19,446.44,158.85,319.43,0.8079,-1,-1,-1
418,50,289.97,436.04,142.77,332.58,0.6845,-1,-1,-1
418,51,867.44,439.65,48.86,165.31,0.5207,-1,-1,-1
419,3,1056.87,407.64,204.72,612.89,0.8490,-1,-1,-1
419,19,1056.87,407.64,204.72,612.89,0.8490,-1,-1,-1
419,31,970.00,419.55,125.71,517.14,0.6840,-1,-1,-1
419,41,688.24,407.20,120.31,324.02,0.8005,-1,-1,-1
419,43,588.50,437.01,91.25,280.38,0.7164,-1,-1,-1
419,47,441.08,439.45,159.54,324.60,0.8021,-1,-1,-1
419,50,291.16,438.21,155.79,330.71,0.7582,-1,-1,-1
419,51,865.62,440.67,46.16,164.16,0.5460,-1,-1,-1
420,3,1054.08,409.20,212.66,611.63,0.8393,-1,-1,-1
420,19,1054.08,409.20,212.66,611.63,0.8393,-1,-1,-1
420,31,970.69,415.52,123.94,521.78,0.5912,-1,-1,-1
420,41,694.90,407.33,116.71,323.10,0.7801,-1,-1,-1
420,43,586.94,436.94,97.25,278.23,0.7143,-1,-1,-1
420,47,448.02,435.82,152.97,327.36,0.7692,-1,-1,-1
420,50,293.48,442.13,161.29,326.86,0.7818,-1,-1,-1
420,51,861.77,443.44,45.96,162.15,0.2577,-1,-1,-1
421,3,1051.13,409.22,215.68,611.65,0.8238,-1,-1,-1
421,19,1051.13,409.22,215.68,611.65,0.8238,-1,-1,-1
421,31,969.34,412.26,123.94,525.45,0.5960,-1,-1,-1
421,41,697.74,418.58,111.22,311.93,0.7099,-1,-1,-1
421,43,589.28,439.00,108.55,277.23,0.7297,-1,-1,-1
421,47,448.28,434.38,150.98,326.89,0.7421,-1,-1,-1
421,50,292.62,439.63,167.12,328.89,0.7781,-1,-1,-1
421,51,858.51,437.26,47.69,168.29,0.4989,-1,-1,-1
422,3,1047.36,407.09,216.03,614.37,0.8181,-1,-1,-1
422,19,1047.36,407.09,216.03,614.37,0.8181,-1,-1,-1
422,31,968.78,412.59,124.30,525.14,0.5194,-1,-1,-1
422,41,701.89,431.61,108.32,296.18,0.6475,-1,-1,-1
422,43,595.39,440.49,114.08,276.31,0.7147,-1,-1,-1
422,47,459.57,435.13,135.78,325.65,0.6973,-1,-1,-1
422,50,292.89,439.59,182.90,327.68,0.8232,-1,-1,-1
422,51,859.25,439.72,47.04,160.83,0.4726,-1,-1,-1
423,3,1046.19,404.02,218.35,618.25,0.8158,-1,-1,-1
423,19,1046.19,404.02,218.35,618.25,0.8158,-1,-1,-1
423,31,969.07,416.41,123.31,520.60,0.4224,-1,-1,-1
423,41,707.15,436.00,105.70,291.92,0.6213,-1,-1,-1
423,43,601.76,443.07,121.87,272.98,0.7249,-1,-1,-1
423,47,470.51,437.22,123.18,320.30,0.7150,-1,-1,-1
423,50,292.56,436.93,187.13,329.50,0.7820,-1,-1,-1
423,51,856.50,439.00,50.20,161.38,0.5986,-1,-1,-1
423,54,1155.16,411.91,168.56,494.03,0.6562,-1,-1,-1
424,3,1047.55,399.90,217.54,624.41,0.7840,-1,-1,-1
424,19,1047.55,399.90,217.54,624.41,0.7840,-1,-1,-1
424,31,969.08,462.46,121.42,472.91,0.4158,-1,-1,-1
424,41,711.34,431.24,104.46,298.08,0.6344,-1,-1,-1
424,43,607.67,443.23,130.30,272.29,0.7741,-1,-1,-1
424,47,477.01,437.23,120.74,320.54,0.7190,-1,-1,-1
424,50,300.38,436.87,179.57,327.81,0.7752,-1,-1,-1
424,51,851.70,438.79,52.34,163.14,0.5306,-1,-1,-1
424,54,1151.86,412.27,173.15,498.53,0.5138,-1,-1,-1
425,3,1048.55,397.79,208.79,633.05,0.7193,-1,-1,-1
425,19,1048.55,397.79,208.79,633.05,0.7193,-1,-1,-1
425,31,970.77,482.45,119.56,451.18,0.5232,-1,-1,-1
425,41,714.20,421.79,113.01,305.11,0.7297,-1,-1,-1
425,43,610.81,448.85,130.56,266.75,0.7356,-1,-1,-1
425,47,487.95,438.75,112.84,318.95,0.6390,-1,-1,-1
425,50,310.23,437.95,170.24,325.69,0.7789,-1,-1,-1
425,51,850.24,439.83,49.45,159.44,0.5430,-1,-1,-1
425,54,1160.47,412.62,164.83,508.98,0.6051,-1,-1,-1
426,3,1050.14,397.45,201.91,638.33,0.7136,-1,-1,-1
426,19,1050.14,397.45,201.91,638.33,0.7136,-1,-1,-1
426,31,971.01,489.79,118.86,442.01,0.5296,-1,-1,-1
426,41,715.60,413.46,115.48,312.43,0.7550,-1,-1,-1
426,43,611.79,449.00,133.11,267.92,0.7206,-1,-1,-1
426,47,514.46,438.38,96.92,315.93,0.6455,-1,-1,-1
426,50,321.43,434.43,157.98,329.49,0.7909,-1,-1,-1
426,51,848.18,439.06,47.78,159.13,0.5964,-1,-1,-1
426,54,1163.86,411.60,162.69,516.42,0.5898,-1,-1,-1
427,3,1053.74,399.99,187.76,638.39,0.6815,-1,-1,-1
427,19,1053.74,399.99,187.76,638.39,0.6815,-1,-1,-1
427,31,971.69,452.67,119.72,478.82,0.4410,-1,-1,-1
427,41,720.47,411.10,111.38,315.26,0.7452,-1,-1,-1
427,43,611.42,450.05,132.65,267.61,0.7150,-1,-1,-1
427,47,520.35,438.64,94.11,315.02,0.6316,-1,-1,-1
427,50,330.67,433.85,151.12,326.18,0.7857,-1,-1,-1
427,51,844.34,437.31,48.97,161.87,0.4927,-1,-1,-1
427,54,1160.00,409.51,170.73,522.08,0.4893,-1,-1,-1
428,3,1058.10,405.60,169.63,622.51,0.6651,-1,-1,-1
428,19,1058.10,405.60,169.63,622.51,0.6651,-1,-1,-1
428,31,972.56,440.33,120.81,486.62,0.5751,-1,-1,-1
428,41,723.82,417.58,114.61,309.90,0.7234,-1,-1,-1
428,43,609.28,447.70,133.54,268.26,0.6943,-1,-1,-1
428,47,508.16,437.79,109.33,317.27,0.6649,-1,-1,-1
428,50,346.73,436.52,136.13,317.94,0.7381,-1,-1,-1
428,51,841.31,441.09,49.86,157.83,0.5171,-1,-1,-1
428,54,1149.26,411.71,179.58,598.93,0.4302,-1,-1,-1
428,58,1692.11,330.63,227.46,619.68,0.6095,-1,-1,-1
429,3,1059.74,402.88,164.58,619.39,0.6599,-1,-1,-1
429,19,1059.74,402.88,164.58,619.39,0.6599,-1,-1,-1
429,31,973.97,452.19,119.13,478.19,0.5119,-1,-1,-1
429,41,727.34,430.97,116.28,296.37,0.7136,-1,-1,-1
429,43,618.14,442.58,123.35,271.60,0.7093,-1,-1,-1
429,47,503.04,438.50,123.78,316.39,0.6045,-1,-1,-1
429,50,366.24,438.05,119.41,314.23,0.7167,-1,-1,-1
429,51,837.03,451.95,50.61,146.33,0.1558,-1,-1,-1
429,54,1145.72,414.13,182.79,629.52,0.3503,-1,-1,-1
429,58,1650.14,325.82,269.69,615.24,0.4651,-1,-1,-1
430,3,1062.56,403.15,163.28,623.78,0.6894,-1,-1,-1
430,19,1062.56,403.15,163.28,623.78,0.6894,-1,-1,-1
430,31,975.06,446.03,119.20,482.46,0.5744,-1,-1,-1
430,41,729.49,431.73,119.79,295.42,0.6789,-1,-1,-1
430,43,633.51,441.90,109.15,271.13,0.6002,-1,-1,-1
430,47,510.73,438.10,136.04,317.29,0.5809,-1,-1,-1
430,50,377.42,437.86,109.83,310.22,0.7391,-1,-1,-1
430,51,838.40,442.98,47.06,151.78,0.3815,-1,-1,-1
430,54,1147.39,416.10,182.68,640.37,0.3089,-1,-1,-1
430,58,1597.89,320.74,321.86,620.69,0.4808,-1,-1,-1
431,3,1065.82,404.31,162.13,629.76,0.6785,-1,-1,-1
431,19,1065.82,404.31,162.13,629.76,0.6785,-1,-1,-1
431,31,976.13,440.16,120.32,486.93,0.5674,-1,-1,-1
431,41,728.36,430.31,122.96,297.22,0.6862,-1,-1,-1
431,43,642.05,441.89,99.94,266.33,0.5390,-1,-1,-1
431,47,531.59,441.16,132.29,313.76,0.6325,-1,-1,-1
431,50,384.76,438.05,106.35,306.97,0.7315,-1,-1,-1
431,51,838.99,441.62,43.84,152.58,0.5894,-1,-1,-1
431,54,1144.45,417.08,181.63,651.95,0.3020,-1,-1,-1
431,58,1548.60,308.14,371.09,690.22,0.7127,-1,-1,-1
432,3,1069.26,407.11,167.93,630.42,0.7298,-1,-1,-1
432,19,1069.26,407.11,167.93,630.42,0.7298,-1,-1,-1
432,31,976.89,443.57,120.85,484.80,0.5618,-1,-1,-1
432,41,728.47,424.70,124.27,301.76,0.6500,-1,-1,-1
432,43,655.65,446.59,84.39,257.63,0.4656,-1,-1,-1
432,47,543.20,441.37,135.12,313.86,0.6603,-1,-1,-1
432,50,388.89,439.65,107.01,307.99,0.7039,-1,-1,-1
432,51,836.61,442.52,45.13,150.90,0.6309,-1,-1,-1
432,54,1167.06,413.16,157.96,483.71,0.5699,-1,-1,-1
432,58,1501.08,301.81,418.12,715.51,0.8262,-1,-1,-1
432,59,1261.17,420.97,94.19,256.39,0.4260,-1,-1,-1
433,3,1073.74,409.02,165.91,616.79,0.7190,-1,-1,-1
433,19,1073.74,409.02,165.91,616.79,0.7190,-1,-1,-1
433,31,978.83,429.73,125.78,498.56,0.5648,-1,-1,-1
433,41,732.62,427.20,121.92,298.02,0.6890,-1,-1,-1
433,43,665.54,446.48,82.35,256.90,0.4254,-1,-1,-1
433,47,544.49,442.58,143.05,313.87,0.6804,-1,-1,-1
433,50,395.76,440.91,108.00,306.25,0.6749,-1,-1,-1
433,51,834.70,439.62,46.67,154.45,0.6025,-1,-1,-1
433,54,1180.19,413.43,151.56,410.81,0.6475,-1,-1,-1
433,58,1452.76,302.81,466.98,720.12,0.7812,-1,-1,-1
433,59,1266.07,417.99,93.58,258.74,0.3078,-1,-1,-1
434,3,1076.24,403.68,158.51,558.12,0.4757,-1,-1,-1
434,19,1076.24,403.68,158.51,558.12,0.4757,-1,-1,-1
434,31,981.44,424.49,132.83,512.77,0.6454,-1,-1,-1
434,41,737.79,420.04,118.04,305.58,0.6974,-1,-1,-1
434,43,669.64,448.74,84.65,254.11,0.4118,-1,-1,-1
434,47,547.90,445.19,142.62,311.31,0.7808,-1,-1,-1
434,50,403.19,440.87,107.20,305.92,0.6781,-1,-1,-1
434,51,833.18,438.64,46.18,151.77,0.2681,-1,-1,-1
434,54,1188.91,408.23,131.77,341.39,0.4598,-1,-1,-1
434,58,1406.70,302.44,497.51,717.42,0.7402,-1,-1,-1
434,59,1270.91,418.42,93.92,289.95,0.3889,-1,-1,-1
435,3,1081.94,404.82,160.64,439.75,0.6218,-1,-1,-1
435,19,1081.94,404.82,160.64,439.75,0.6218,-1,-1,-1
435,31,983.86,419.49,136.29,495.78,0.7034,-1,-1,-1
435,41,743.45,422.39,112.42,302.00,0.6921,-1,-1,-1
435,43,683.74,437.76,78.34,265.98,0.5281,-1,-1,-1
435,47,548.72,444.99,145.33,311.41,0.7973,-1,-1,-1
435,50,413.37,437.91,106.00,309.78,0.7632,-1,-1,-1
435,51,831.81,442.47,46.36,149.32,0.1972,-1,-1,-1
435,54,1193.58,405.36,126.71,306.33,0.6141,-1,-1,-1
435,58,1364.93,305.86,482.68,708.52,0.4196,-1,-1,-1
435,59,1276.96,418.73,93.46,299.75,0.5583,-1,-1,-1
436,3,1087.27,410.23,162.75,415.50,0.6527,-1,-1,-1
436,19,1087.27,410.23,162.75,415.50,0.6527,-1,-1,-1
436,31,994.13,419.10,133.64,421.36,0.6308,-1,-1,-1
436,41,751.10,424.45,105.56,297.23,0.6587,-1,-1,-1
436,43,696.07,437.12,75.94,270.59,0.4706,-1,-1,-1
436,47,547.40,442.32,148.50,314.06,0.7819,-1,-1,-1
436,50,416.96,437.27,109.46,310.87,0.7577,-1,-1,-1
436,51,829.85,438.81,45.95,151.85,0.2431,-1,-1,-1
436,54,1191.48,408.79,132.95,365.80,0.5846,-1,-1,-1
436,58,1312.52,309.83,471.67,704.73,0.8391,-1,-1,-1
436,59,1279.37,417.23,83.90,286.33,0.1856,-1,-1,-1
437,3,1093.85,404.35,158.80,427.90,0.6934,-1,-1,-1
437,19,1093.85,404.35,158.80,427.90,0.6934,-1,-1,-1
437,31,997.97,420.00,135.19,403.44,0.6794,-1,-1,-1
437,41,757.25,416.92,99.95,302.76,0.5656,-1,-1,-1
437,43,706.69,432.58,74.96,276.50,0.4958,-1,-1,-1
437,47,548.19,440.64,148.96,316.67,0.7817,-1,-1,-1
437,50,418.03,438.61,115.75,311.83,0.7785,-1,-1,-1
437,54,1198.99,405.97,132.23,324.33,0.5317,-1,-1,-1
437,58,1225.83,317.37,489.29,702.91,0.8074,-1,-1,-1
438,3,1099.11,396.66,157.39,444.97,0.8134,-1,-1,-1
438,19,1099.11,396.66,157.39,444.97,0.8134,-1,-1,-1
438,31,1001.04,422.38,135.53,405.54,0.6851,-1,-1,-1
438,41,768.29,415.09,90.90,303.82,0.5399,-1,-1,-1
438,43,710.34,430.34,81.79,279.52,0.5464,-1,-1,-1
438,47,549.14,441.77,149.49,312.57,0.7833,-1,-1,-1
438,50,421.15,434.45,119.32,316.09,0.8063,-1,-1,-1
438,58,1193.59,326.25,449.16,700.99,0.7261,-1,-1,-1
439,3,1101.83,419.77,154.07,429.85,0.5200,-1,-1,-1
439,19,1101.83,419.77,154.07,429.85,0.5200,-1,-1,-1
439,31,1000.23,421.78,139.76,419.75,0.7031,-1,-1,-1
439,41,772.31,430.08,89.01,287.85,0.5399,-1,-1,-1
439,43,711.89,434.93,85.89,276.25,0.4631,-1,-1,-1
439,47,551.27,439.90,148.50,314.17,0.7897,-1,-1,-1
439,50,424.27,438.36,123.78,309.58,0.7597,-1,-1,-1
439,58,1155.00,333.29,417.54,701.52,0.7738,-1,-1,-1
440,31,999.35,423.40,146.06,435.19,0.7794,-1,-1,-1
440,41,773.86,439.11,88.15,277.71,0.5876,-1,-1,-1
440,43,712.78,437.58,85.75,273.59,0.5185,-1,-1,-1
440,47,552.20,440.81,148.11,313.47,0.7787,-1,-1,-1
440,50,428.72,438.37,124.37,306.35,0.7012,-1,-1,-1
440,58,1103.60,349.07,398.95,685.84,0.7385,-1,-1,-1
440,60,1832.89,466.14,65.07,179.85,0.4016,-1,-1,-1
441,31,999.81,431.67,140.03,407.94,0.4463,-1,-1,-1
441,41,776.63,436.18,86.42,276.61,0.5722,-1,-1,-1
441,43,713.34,444.90,95.67,266.60,0.5608,-1,-1,-1
441,47,552.94,441.07,147.06,312.75,0.7495,-1,-1,-1
441,50,436.07,438.81,118.45,302.83,0.6945,-1,-1,-1
441,58,1050.45,357.41,380.24,675.32,0.7502,-1,-1,-1
441,60,1833.43,466.32,68.91,181.96,0.3999,-1,-1,-1
442,31,1001.56,442.91,126.73,327.96,0.2675,-1,-1,-1
442,41,778.48,430.85,87.62,279.37,0.5486,-1,-1,-1
442,43,713.57,447.80,109.94,264.27,0.5509,-1,-1,-1
442,47,560.22,439.78,140.34,310.59,0.7671,-1,-1,-1
442,50,442.95,437.49,110.79,307.61,0.6985,-1,-1,-1
442,58,1004.01,364.56,363.47,660.64,0.7934,-1,-1,-1
442,60,1834.15,465.94,67.39,182.38,0.3562,-1,-1,-1
442,61,1306.52,431.46,151.11,324.98,0.7323,-1,-1,-1
443,41,783.98,428.46,82.56,281.95,0.6363,-1,-1,-1
443,43,712.88,444.49,114.78,267.07,0.5487,-1,-1,-1
443,47,566.91,438.41,134.56,310.99,0.7965,-1,-1,-1
443,50,450.17,439.98,106.12,303.07,0.7198,-1,-1,-1
443,58,959.97,364.53,351.71,654.41,0.8090,-1,-1,-1
443,60,1834.76,465.91,67.67,181.73,0.2923,-1,-1,-1
443,61,1310.59,431.83,149.04,326.39,0.6962,-1,-1,-1
443,54,1230.23,426.56,122.13,401.64,0.6263,-1,-1,-1
444,41,787.17,430.77,84.39,279.72,0.5137,-1,-1,-1
444,43,712.12,443.62,127.43,267.47,0.5969,-1,-1,-1
444,47,578.54,437.17,123.11,308.58,0.7457,-1,-1,-1
444,50,461.08,436.50,99.68,304.27,0.7627,-1,-1,-1
444,58,917.24,363.45,338.83,651.51,0.8144,-1,-1,-1
444,60,1834.79,466.53,68.55,181.66,0.3260,-1,-1,-1
444,61,1314.10,432.58,145.15,329.47,0.6649,-1,-1,-1
444,54,1235.41,429.39,120.99,413.26,0.5230,-1,-1,-1
445,41,785.58,436.41,89.79,275.88,0.5027,-1,-1,-1
445,43,712.28,445.62,107.42,263.42,0.4187,-1,-1,-1
445,47,587.24,437.78,114.59,306.82,0.7545,-1,-1,-1
445,50,468.76,434.57,99.70,301.10,0.7620,-1,-1,-1
445,58,875.89,354.27,339.01,657.42,0.7808,-1,-1,-1
445,60,1833.58,467.70,71.47,180.25,0.2896,-1,-1,-1
445,61,1324.56,432.87,134.77,328.58,0.7329,-1,-1,-1
445,54,1237.77,429.59,127.11,387.94,0.4094,-1,-1,-1
445,3,1140.11,409.36,206.06,503.59,0.5939,-1,-1,-1
446,41,790.54,429.86,88.26,281.72,0.5665,-1,-1,-1
446,43,713.23,450.76,109.44,258.17,0.4560,-1,-1,-1
446,47,603.29,438.77,99.37,303.71,0.6878,-1,-1,-1
446,50,471.28,434.68,103.72,294.61,0.7215,-1,-1,-1
446,58,842.36,345.82,329.79,654.93,0.7818,-1,-1,-1
446,60,1832.69,469.21,71.31,178.99,0.3498,-1,-1,-1
446,61,1334.04,432.36,124.85,329.03,0.7050,-1,-1,-1
446,54,1241.10,428.92,126.97,403.85,0.4972,-1,-1,-1
446,3,1138.71,420.94,202.36,593.15,0.7608,-1,-1,-1
447,41,792.51,431.49,82.48,273.28,0.2874,-1,-1,-1
447,43,716.56,451.52,106.40,256.24,0.3903,-1,-1,-1
447,47,610.67,433.71,95.87,308.16,0.6748,-1,-1,-1
447,50,474.63,431.22,105.80,295.55,0.6842,-1,-1,-1
447,58,801.03,336.58,333.30,654.16,0.7791,-1,-1,-1
447,60,1832.47,469.89,69.18,178.07,0.2773,-1,-1,-1
447,61,1341.32,431.24,118.85,329.56,0.6710,-1,-1,-1
447,54,1238.76,423.76,127.57,417.14,0.3010,-1,-1,-1
447,3,1136.97,416.15,197.94,636.66,0.7876,-1,-1,-1
448,41,780.74,444.62,84.81,239.14,0.2721,-1,-1,-1
448,43,724.06,445.74,122.65,262.89,0.4134,-1,-1,-1
448,47,606.70,434.52,104.18,308.77,0.6110,-1,-1,-1
448,50,482.86,434.09,103.06,285.18,0.5837,-1,-1,-1
448,58,766.06,333.31,334.32,646.25,0.7764,-1,-1,-1
448,60,1831.89,469.53,72.05,178.76,0.2747,-1,-1,-1
448,61,1346.87,423.39,116.47,339.17,0.7803,-1,-1,-1
448,54,1243.35,422.39,126.45,379.10,0.3707,-1,-1,-1
448,3,1139.18,418.84,198.22,650.28,0.7741,-1,-1,-1
448,65,1057.14,421.36,130.93,484.44,0.5333,-1,-1,-1
449,47,625.81,434.77,93.75,308.06,0.5933,-1,-1,-1
449,50,485.15,436.84,105.62,282.94,0.7027,-1,-1,-1
449,58,729.86,332.24,333.86,646.30,0.7325,-1,-1,-1
449,60,1831.18,469.83,73.15,179.21,0.3385,-1,-1,-1
449,61,1350.80,421.36,113.62,340.77,0.7499,-1,-1,-1
449,54,1245.62,419.40,123.57,343.69,0.5114,-1,-1,-1
449,3,1142.61,423.88,192.90,649.33,0.7308,-1,-1,-1
449,65,1037.67,420.95,150.19,519.74,0.8014,-1,-1,-1
450,47,635.34,434.79,87.53,303.48,0.6590,-1,-1,-1
450,50,486.57,435.81,106.66,285.25,0.6994,-1,-1,-1
450,58,695.70,335.51,331.14,635.40,0.7554,-1,-1,-1
450,60,1831.65,468.82,74.92,180.14,0.3340,-1,-1,-1
450,61,1353.33,420.55,116.64,340.93,0.7539,-1,-1,-1
450,54,1253.94,424.21,116.10,333.42,0.2411,-1,-1,-1
450,3,1143.88,420.73,210.80,651.33,0.8143,-1,-1,-1
450,65,1032.46,415.69,159.19,544.19,0.7720,-1,-1,-1
451,47,644.80,437.97,81.02,300.49,0.6660,-1,-1,-1
451,50,489.53,434.33,118.57,289.29,0.6379,-1,-1,-1
451,58,660.43,339.53,333.44,638.56,0.7167,-1,-1,-1
451,60,1832.60,467.62,79.46,182.49,0.2801,-1,-1,-1
451,61,1353.61,418.04,122.72,345.54,0.7263,-1,-1,-1
451,54,1258.41,425.37,111.50,327.86,0.2700,-1,-1,-1
451,3,1136.58,418.76,248.63,654.79,0.8218,-1,-1,-1
451,65,1032.97,412.51,161.84,553.66,0.7848,-1,-1,-1
452,47,646.55,458.40,72.48,253.82,0.2748,-1,-1,-1
452,50,490.02,433.76,127.32,290.06,0.7212,-1,-1,-1
452,58,634.16,347.03,323.95,635.76,0.7140,-1,-1,-1
452,60,1835.00,466.47,73.06,182.35,0.2407,-1,-1,-1
452,61,1359.04,417.29,125.52,347.12,0.7839,-1,-1,-1
452,54,1268.19,443.72,107.31,257.79,0.1559,-1,-1,-1
452,3,1107.02,416.39,293.93,657.34,0.7161,-1,-1,-1
452,65,1037.01,413.48,162.29,553.47,0.7996,-1,-1,-1
453,50,495.96,436.28,125.57,286.71,0.7166,-1,-1,-1
453,58,586.66,358.25,347.10,668.51,0.5391,-1,-1,-1
453,60,1834.95,464.21,70.70,184.88,0.2480,-1,-1,-1
453,61,1365.91,417.34,123.82,346.77,0.8186,-1,-1,-1
453,54,1276.83,433.67,105.20,255.04,0.1578,-1,-1,-1
453,3,1135.71,415.92,294.62,652.81,0.8064,-1,-1,-1
453,65,1043.91,414.27,155.12,549.86,0.7940,-1,-1,-1
454,50,504.37,437.64,111.69,284.66,0.7768,-1,-1,-1
454,58,541.85,368.41,362.48,657.82,0.6761,-1,-1,-1
454,60,1834.45,465.05,79.10,185.27,0.2192,-1,-1,-1
454,61,1370.20,417.36,125.16,349.41,0.8185,-1,-1,-1
454,3,1144.63,410.47,303.45,662.84,0.7958,-1,-1,-1
454,65,1046.60,415.35,156.79,544.77,0.7732,-1,-1,-1
454,41,818.64,424.37,69.97,268.30,0.4524,-1,-1,-1
455,50,513.87,449.31,94.41,268.53,0.6617,-1,-1,-1
455,58,499.07,384.51,370.12,631.76,0.6355,-1,-1,-1
455,60,1835.09,460.33,82.27,190.63,0.1805,-1,-1,-1
455,61,1373.12,418.10,127.91,349.65,0.8235,-1,-1,-1
455,3,1149.00,417.17,304.40,661.37,0.7103,-1,-1,-1
455,65,1050.59,417.75,169.26,545.28,0.7694,-1,-1,-1
455,68,243.80,517.25,90.98,123.18,0.5262,-1,-1,-1
455,41,820.56,420.95,74.79,282.74,0.6186,-1,-1,-1
456,58,460.34,391.90,376.51,646.87,0.7102,-1,-1,-1
456,60,1831.35,466.84,84.22,185.10,0.1857,-1,-1,-1
456,61,1376.67,419.26,130.45,353.30,0.8206,-1,-1,-1
456,3,1151.03,421.92,309.91,659.10,0.7526,-1,-1,-1
456,65,1054.76,419.99,170.82,543.62,0.7770,-1,-1,-1
456,68,240.39,516.13,88.43,121.12,0.2716,-1,-1,-1
456,41,814.92,419.47,86.03,288.98,0.5994,-1,-1,-1
457,58,411.74,395.69,382.66,645.77,0.6782,-1,-1,-1
457,60,1831.36,467.34,82.18,184.91,0.2020,-1,-1,-1
457,61,1379.35,420.11,134.21,357.31,0.8461,-1,-1,-1
457,3,1152.49,414.97,298.25,665.11,0.8215,-1,-1,-1
457,65,1059.97,420.77,168.06,543.70,0.8057,-1,-1,-1
457,68,230.73,514.34,92.51,115.90,0.3940,-1,-1,-1
457,41,809.61,413.21,95.29,296.46,0.6822,-1,-1,-1
457,70,415.71,470.97,42.48,100.94,0.3422,-1,-1,-1
457,47,687.01,442.25,69.38,215.04,0.3443,-1,-1,-1
458,58,375.14,394.23,390.95,666.49,0.7577,-1,-1,-1
458,60,1831.11,455.46,85.46,196.89,0.2219,-1,-1,-1
458,61,1386.32,421.35,134.03,359.32,0.8286,-1,-1,-1
458,3,1153.33,414.95,303.24,664.26,0.8403,-1,-1,-1
458,65,1067.27,419.70,162.14,541.41,0.8052,-1,-1,-1
458,68,220.86,517.59,93.83,117.28,0.4046,-1,-1,-1
458,41,809.32,414.58,97.69,294.64,0.6733,-1,-1,-1
458,70,415.28,471.72,41.27,100.36,0.2664,-1,-1,-1
458,47,688.78,441.21,81.24,268.54,0.4967,-1,-1,-1
459,58,339.84,390.41,395.55,680.31,0.8429,-1,-1,-1
459,60,1830.47,445.74,87.05,205.86,0.2297,-1,-1,-1
459,61,1391.63,423.20,143.74,361.40,0.8361,-1,-1,-1
459,3,1154.84,414.82,314.03,664.23,0.8347,-1,-1,-1
459,65,1074.77,418.83,158.04,544.95,0.7695,-1,-1,-1
459,68,210.11,520.64,96.09,123.21,0.3796,-1,-1,-1
459,41,816.93,418.29,88.32,287.69,0.5964,-1,-1,-1
459,47,688.22,441.80,102.92,283.99,0.4897,-1,-1,-1
460,58,302.41,388.39,405.32,678.21,0.6813,-1,-1,-1
460,60,1831.25,446.10,86.50,205.29,0.2571,-1,-1,-1
460,61,1397.50,423.74,156.07,363.46,0.8448,-1,-1,-1
460,3,1158.28,412.74,311.52,664.43,0.8424,-1,-1,-1
460,65,1084.91,418.87,152.87,546.99,0.7160,-1,-1,-1
460,68,202.13,521.60,95.75,117.37,0.4020,-1,-1,-1
460,41,821.05,421.32,88.29,281.75,0.5387,-1,-1,-1
460,47,678.15,440.35,122.32,292.83,0.6883,-1,-1,-1
461,58,274.09,375.11,404.57,698.75,0.8020,-1,-1,-1
461,60,1831.74,448.03,86.03,203.54,0.2015,-1,-1,-1
461,61,1401.25,425.27,163.20,364.99,0.8553,-1,-1,-1
461,3,1160.27,411.11,310.20,667.70,0.8619,-1,-1,-1
461,65,1096.89,421.75,151.43,552.32,0.7144,-1,-1,-1
461,68,192.46,521.00,96.65,116.02,0.2783,-1,-1,-1
461,41,818.64,416.05,96.94,286.08,0.5822,-1,-1,-1
461,47,662.75,439.04,141.92,298.45,0.7445,-1,-1,-1
462,58,249.36,369.94,396.52,705.03,0.7669,-1,-1,-1
462,60,1831.93,458.52,85.35,192.81,0.2820,-1,-1,-1
462,61,1403.57,426.07,166.62,366.40,0.8152,-1,-1,-1
462,3,1158.57,405.78,313.25,672.36,0.8665,-1,-1,-1
462,65,1098.48,420.31,157.47,555.52,0.7319,-1,-1,-1
462,41,813.36,412.69,102.77,290.46,0.6093,-1,-1,-1
462,47,665.40,438.89,138.23,299.81,0.6930,-1,-1,-1
462,50,563.97,434.82,88.34,276.00,0.5542,-1,-1,-1
463,58,243.46,363.38,382.06,711.20,0.7795,-1,-1,-1
463,60,1832.14,459.66,85.30,190.54,0.2872,-1,-1,-1
463,61,1405.39,430.17,170.64,367.21,0.8299,-1,-1,-1
463,3,1160.96,403.43,310.41,674.77,0.8028,-1,-1,-1
463,65,1102.12,417.30,157.44,557.38,0.7728,-1,-1,-1
463,41,810.30,411.03,109.55,291.98,0.5966,-1,-1,-1
463,47,672.19,438.35,126.37,299.15,0.6768,-1,-1,-1
463,50,567.04,432.71,91.78,276.92,0.7023,-1,-1,-1
463,51,774.39,446.62,46.97,141.08,0.4060,-1,-1,-1
464,58,220.87,358.80,385.04,714.68,0.8127,-1,-1,-1
464,60,1831.55,464.39,84.35,184.98,0.2937,-1,-1,-1
464,61,1413.22,427.52,165.58,372.85,0.8498,-1,-1,-1
464,3,1167.02,401.96,303.28,675.24,0.7970,-1,-1,-1
464,65,1104.47,413.53,162.28,563.66,0.7788,-1,-1,-1
464,41,809.37,411.30,114.76,292.92,0.6319,-1,-1,-1
464,47,680.74,437.88,117.44,295.81,0.6808,-1,-1,-1
464,50,572.20,432.06,91.62,275.63,0.6955,-1,-1,-1
464,51,772.87,446.07,46.93,140.36,0.5096,-1,-1,-1
465,58,195.59,360.44,393.36,710.31,0.7816,-1,-1,-1
465,60,1830.93,457.02,86.27,192.94,0.2134,-1,-1,-1
465,61,1421.59,424.66,158.05,378.39,0.8425,-1,-1,-1
465,3,1183.21,402.03,286.27,677.05,0.8342,-1,-1,-1
465,65,1107.85,416.28,159.72,561.02,0.7699,-1,-1,-1
465,41,817.18,411.92,108.46,292.60,0.6263,-1,-1,-1
465,47,685.73,438.25,114.11,294.68,0.6241,-1,-1,-1
465,50,568.01,430.83,99.79,276.62,0.6809,-1,-1,-1
466,58,157.83,365.16,399.45,707.32,0.7489,-1,-1,-1
466,60,1831.35,457.20,86.31,192.70,0.2377,-1,-1,-1
466,61,1432.83,421.70,146.75,382.96,0.8450,-1,-1,-1
466,3,1195.74,402.63,274.47,676.12,0.8168,-1,-1,-1
466,65,1107.44,420.33,165.41,554.87,0.7764,-1,-1,-1
466,41,822.59,409.35,106.38,296.17,0.6718,-1,-1,-1
466,47,704.19,437.97,108.51,294.01,0.6405,-1,-1,-1
466,50,564.57,430.16,106.13,278.06,0.6879,-1,-1,-1
466,71,512.16,448.58,75.09,193.34,0.3988,-1,-1,-1
467,58,129.55,369.24,402.34,703.77,0.8542,-1,-1,-1
467,60,1831.49,458.84,86.52,191.02,0.1937,-1,-1,-1
467,61,1447.85,420.94,135.19,385.46,0.8018,-1,-1,-1
467,3,1216.28,404.52,259.59,667.72,0.7362,-1,-1,-1
467,65,1108.49,426.08,171.66,549.48,0.7268,-1,-1,-1
467,41,827.57,407.67,100.52,298.39,0.6768,-1,-1,-1
467,47,718.54,439.48,98.09,293.19,0.6692,-1,-1,-1
467,50,568.52,428.67,103.53,279.85,0.6872,-1,-1,-1
467,71,501.98,456.15,78.96,183.26,0.3581,-1,-1,-1
468,58,113.39,372.01,391.04,702.31,0.8187,-1,-1,-1
468,60,1831.95,458.61,85.69,191.07,0.2015,-1,-1,-1
468,61,1459.70,416.18,131.29,389.06,0.8166,-1,-1,-1
468,3,1239.01,405.56,244.07,655.05,0.6435,-1,-1,-1
468,65,1112.38,423.96,176.49,561.40,0.7789,-1,-1,-1
468,41,830.67,406.70,97.23,298.99,0.6697,-1,-1,-1
468,47,713.57,439.03,101.52,293.98,0.6049,-1,-1,-1
468,50,572.38,432.42,99.11,272.83,0.7035,-1,-1,-1
468,71,497.54,456.10,73.43,165.59,0.2638,-1,-1,-1
469,58,78.71,379.68,388.34,689.90,0.7296,-1,-1,-1
469,60,1831.43,463.77,85.81,185.82,0.2404,-1,-1,-1
469,61,1471.54,414.16,123.07,391.14,0.7872,-1,-1,-1
469,3,1253.47,403.38,242.73,665.74,0.7934,-1,-1,-1
469,65,1116.34,422.70,173.86,573.63,0.7743,-1,-1,-1
469,41,833.71,406.82,93.57,299.25,0.6870,-1,-1,-1
469,47,711.65,437.14,106.19,295.83,0.6250,-1,-1,-1
469,50,575.92,435.66,97.30,268.94,0.7115,-1,-1,-1
469,71,492.46,457.67,79.90,186.37,0.3635,-1,-1,-1
470,58,49.03,388.98,392.62,679.48,0.7838,-1,-1,-1
470,60,1831.11,463.34,80.36,184.07,0.2074,-1,-1,-1
470,61,1481.45,412.20,119.52,391.49,0.8234,-1,-1,-1
470,3,1270.78,405.90,236.22,667.58,0.6423,-1,-1,-1
470,65,1122.99,422.20,178.28,583.16,0.7598,-1,-1,-1
470,41,833.40,407.74,92.98,299.60,0.7190,-1,-1,-1
470,47,712.96,437.01,118.67,293.99,0.6064,-1,-1,-1
470,50,579.70,438.81,95.00,267.52,0.7093,-1,-1,-1
470,71,488.35,470.45,75.57,174.60,0.3059,-1,-1,-1
471,58,18.94,395.52,408.83,673.58,0.8302,-1,-1,-1
471,60,1832.43,463.33,77.72,183.22,0.2324,-1,-1,-1
471,61,1489.81,410.33,116.51,393.00,0.8152,-1,-1,-1
471,3,1289.62,401.67,213.37,673.32,0.5582,-1,-1,-1
471,65,1129.77,421.95,173.34,587.62,0.7716,-1,-1,-1
471,41,837.16,412.70,90.52,293.50,0.7530,-1,-1,-1
471,47,730.41,432.78,117.01,299.54,0.5846,-1,-1,-1
471,50,581.83,446.04,94.69,262.62,0.6993,-1,-1,-1
471,71,482.15,477.33,74.47,174.98,0.2106,-1,-1,-1
472,58,-2.66,401.32,398.75,665.09,0.7824,-1,-1,-1
472,60,1833.08,465.65,74.33,179.77,0.1822,-1,-1,-1
472,61,1494.90,409.49,117.71,395.53,0.8316,-1,-1,-1
472,3,1290.34,399.21,207.83,674.59,0.6538,-1,-1,-1
472,65,1133.63,418.63,178.85,593.05,0.8034,-1,-1,-1
472,41,838.22,412.67,89.53,292.82,0.7328,-1,-1,-1
472,47,738.56,432.14,119.24,300.07,0.6446,-1,-1,-1
472,50,584.35,446.13,96.10,262.31,0.7330,-1,-1,-1
472,71,482.62,474.69,66.08,169.12,0.3564,-1,-1,-1
472,74,408.57,486.68,62.36,138.06,0.3855,-1,-1,-1
473,58,-11.34,402.91,394.29,663.67,0.6331,-1,-1,-1
473,60,1834.21,467.94,74.22,179.56,0.2325,-1,-1,-1
473,61,1500.49,410.29,118.45,393.01,0.8031,-1,-1,-1
473,3,1310.49,399.22,201.73,669.82,0.6615,-1,-1,-1
473,65,1138.34,421.67,171.58,590.18,0.7926,-1,-1,-1
473,41,840.13,415.87,89.67,289.72,0.6985,-1,-1,-1
473,47,742.14,434.73,119.14,296.54,0.6691,-1,-1,-1
473,50,587.10,441.91,97.52,266.47,0.7316,-1,-1,-1
473,71,470.50,475.28,72.41,174.21,0.3428,-1,-1,-1
473,74,409.42,488.12,54.32,127.13,0.3497,-1,-1,-1
474,58,-13.57,401.13,364.76,670.00,0.5951,-1,-1,-1
474,60,1834.15,467.85,75.79,180.89,0.2547,-1,-1,-1
474,61,1503.99,411.04,123.61,391.79,0.7797,-1,-1,-1
474,3,1323.94,399.70,202.00,666.56,0.7212,-1,-1,-1
474,65,1143.70,422.05,166.84,589.68,0.8007,-1,-1,-1
474,41,839.37,414.35,86.33,290.54,0.6222,-1,-1,-1
474,47,741.99,437.56,119.72,292.71,0.6527,-1,-1,-1
474,50,589.81,440.20,98.32,267.85,0.7393,-1,-1,-1
474,71,453.21,475.78,88.85,181.17,0.4079,-1,-1,-1
474,74,405.21,489.41,53.85,114.52,0.1645,-1,-1,-1
475,58,-12.31,398.86,346.39,674.04,0.7482,-1,-1,-1
475,60,1834.40,460.48,80.05,189.14,0.1949,-1,-1,-1
475,61,1508.79,410.41,130.36,392.84,0.7777,-1,-1,-1
475,3,1326.33,401.00,205.69,666.13,0.7507,-1,-1,-1
475,65,1147.45,422.10,167.22,589.77,0.8164,-1,-1,-1
475,41,845.78,415.43,90.81,288.16,0.5109,-1,-1,-1
475,47,743.67,436.57,118.59,294.11,0.6513,-1,-1,-1
475,50,592.71,441.82,98.69,265.71,0.7416,-1,-1,-1
475,71,453.51,476.10,86.02,185.97,0.3744,-1,-1,-1
476,58,-10.78,395.60,258.03,678.61,0.6779,-1,-1,-1
476,60,1834.24,459.38,73.83,189.63,0.2350,-1,-1,-1
476,61,1513.68,411.50,145.47,392.95,0.7602,-1,-1,-1
476,3,1328.76,397.82,212.95,673.19,0.6737,-1,-1,-1
476,65,1149.71,421.54,167.35,590.12,0.8137,-1,-1,-1
476,41,846.93,416.45,83.49,287.79,0.5587,-1,-1,-1
476,47,744.05,436.48,118.25,294.61,0.7015,-1,-1,-1
476,50,595.57,444.41,100.85,261.77,0.7923,-1,-1,-1
476,71,443.02,478.59,89.19,183.49,0.5479,-1,-1,-1
477,58,-6.64,390.90,283.21,680.82,0.7838,-1,-1,-1
477,60,1835.40,462.51,70.51,185.67,0.2348,-1,-1,-1
477,61,1517.09,411.08,165.58,398.61,0.8324,-1,-1,-1
477,3,1335.25,396.86,199.00,665.34,0.3966,-1,-1,-1
477,65,1151.57,421.22,170.75,590.51,0.8250,-1,-1,-1
477,41,847.30,416.76,77.05,285.74,0.5532,-1,-1,-1
477,47,745.55,437.34,116.46,293.95,0.7029,-1,-1,-1
477,50,600.18,444.64,100.35,260.90,0.7704,-1,-1,-1
477,71,432.62,475.37,92.39,187.50,0.4177,-1,-1,-1
478,58,-6.83,385.22,212.87,687.12,0.4847,-1,-1,-1
478,60,1836.15,464.08,74.11,183.14,0.2626,-1,-1,-1
478,61,1523.57,408.29,180.43,401.39,0.8257,-1,-1,-1
478,3,1338.36,398.21,202.07,660.26,0.6572,-1,-1,-1
478,65,1157.50,421.04,169.11,590.54,0.8187,-1,-1,-1
478,41,848.80,415.55,75.32,286.38,0.4892,-1,-1,-1
478,47,747.47,437.34,113.59,295.09,0.6313,-1,-1,-1
478,50,611.05,445.41,94.01,258.62,0.6860,-1,-1,-1
478,71,422.62,475.10,97.24,189.83,0.4567,-1,-1,-1
478,77,1307.58,418.24,86.74,511.23,0.4051,-1,-1,-1
478,43,852.49,427.74,143.89,269.20,0.3464,-1,-1,-1
479,58,-3.36,382.91,243.32,687.22,0.7246,-1,-1,-1
479,60,1835.24,464.25,75.08,182.97,0.2521,-1,-1,-1
479,61,1530.01,409.39,193.64,404.29,0.8492,-1,-1,-1
479,3,1345.09,398.21,212.14,669.07,0.7606,-1,-1,-1
479,65,1162.39,420.15,168.44,590.87,0.8015,-1,-1,-1
479,41,851.36,414.12,70.32,286.16,0.5193,-1,-1,-1
479,47,755.64,438.38,106.79,294.12,0.6149,-1,-1,-1
479,50,609.63,444.45,101.03,258.72,0.6575,-1,-1,-1
479,71,417.57,476.29,91.46,185.48,0.2733,-1,-1,-1
479,77,1316.03,413.41,94.36,529.10,0.4337,-1,-1,-1
479,43,883.98,433.10,118.84,258.61,0.4879,-1,-1,-1
480,58,-3.35,390.17,236.82,679.39,0.3581,-1,-1,-1
480,60,1835.17,463.92,69.84,184.18,0.2442,-1,-1,-1
480,61,1536.57,412.79,199.51,408.37,0.8576,-1,-1,-1
480,3,1348.19,401.76,226.48,670.18,0.8130,-1,-1,-1
480,65,1168.13,420.49,166.05,589.92,0.8058,-1,-1,-1
480,41,852.13,412.88,69.57,287.00,0.5701,-1,-1,-1
480,47,763.65,437.32,100.46,292.50,0.6541,-1,-1,-1
480,50,618.65,439.25,92.89,262.03,0.6056,-1,-1,-1
480,71,412.70,478.98,91.46,182.30,0.3089,-1,-1,-1
480,77,1323.79,411.24,93.82,542.18,0.4464,-1,-1,-1
480,43,896.80,436.19,110.03,250.76,0.5523,-1,-1,-1
481,58,-2.84,406.73,221.97,664.73,0.7644,-1,-1,-1
481,60,1833.33,462.59,75.25,185.63,0.2660,-1,-1,-1
481,61,1542.20,417.72,203.75,407.08,0.8476,-1,-1,-1
481,3,1349.41,399.28,243.89,676.90,0.8316,-1,-1,-1
481,65,1173.02,419.48,165.10,590.40,0.8081,-1,-1,-1
481,41,853.32,413.16,67.68,286.27,0.5480,-1,-1,-1
481,47,773.12,439.35,96.26,286.44,0.6126,-1,-1,-1
481,50,625.98,436.13,92.55,263.57,0.6025,-1,-1,-1
481,71,406.97,479.28,86.59,184.13,0.5193,-1,-1,-1
481,77,1328.60,407.64,90.97,554.91,0.3926,-1,-1,-1
481,43,902.81,439.17,105.08,245.09,0.6320,-1,-1,-1
482,58,-2.37,453.15,204.09,618.82,0.7683,-1,-1,-1
482,60,1833.82,459.32,80.03,188.79,0.2706,-1,-1,-1
482,61,1547.83,418.58,205.93,409.51,0.8333,-1,-1,-1
482,3,1354.46,396.94,254.37,680.45,0.8511,-1,-1,-1
482,65,1177.24,419.13,164.06,592.90,0.7925,-1,-1,-1
482,41,854.48,413.32,66.59,284.31,0.5302,-1,-1,-1
482,47,780.92,438.67,92.23,284.30,0.5799,-1,-1,-1
482,50,632.02,434.73,88.91,265.43,0.5771,-1,-1,-1
482,71,404.14,478.10,84.40,190.65,0.4562,-1,-1,-1
482,77,1330.70,406.42,97.17,551.16,0.3443,-1,-1,-1
482,43,906.61,442.56,102.50,240.46,0.6764,-1,-1,-1
483,58,-1.92,500.98,186.14,570.07,0.7445,-1,-1,-1
483,60,1834.82,458.80,81.84,190.32,0.2033,-1,-1,-1
483,61,1555.20,418.45,199.46,413.01,0.8255,-1,-1,-1
483,3,1358.77,394.82,263.13,681.96,0.8280,-1,-1,-1
483,65,1183.37,418.61,162.09,593.28,0.7927,-1,-1,-1
483,41,855.72,415.23,66.89,284.01,0.5265,-1,-1,-1
483,47,792.74,437.05,82.33,288.06,0.6331,-1,-1,-1
483,50,631.13,433.75,94.95,264.33,0.6164,-1,-1,-1
483,71,398.82,476.80,88.62,192.78,0.4750,-1,-1,-1
483,77,1332.32,401.36,102.97,558.96,0.4044,-1,-1,-1
483,43,909.96,445.08,98.28,237.60,0.6632,-1,-1,-1
484,58,-1.27,544.39,164.90,454.72,0.3884,-1,-1,-1
484,60,1835.01,451.52,83.31,198.38,0.2221,-1,-1,-1
484,61,1563.12,416.40,193.56,418.84,0.8215,-1,-1,-1
484,3,1360.58,394.03,272.22,683.70,0.8716,-1,-1,-1
484,65,1188.85,417.69,161.48,594.80,0.7879,-1,-1,-1
484,41,859.17,428.42,65.22,271.04,0.5164,-1,-1,-1
484,47,797.71,437.79,78.05,289.88,0.6599,-1,-1,-1
484,50,633.12,435.10,100.19,261.94,0.6555,-1,-1,-1
484,71,384.45,476.05,101.31,195.03,0.4637,-1,-1,-1
484,77,1336.02,405.78,101.45,557.31,0.4303,-1,-1,-1
484,43,912.81,445.58,95.12,237.84,0.6515,-1,-1,-1
485,58,-1.03,564.62,145.16,488.65,0.4235,-1,-1,-1
485,60,1834.17,447.09,84.18,203.45,0.2504,-1,-1,-1
485,61,1573.66,411.72,184.80,426.03,0.8339,-1,-1,-1
485,3,1361.22,395.48,278.44,681.62,0.8565,-1,-1,-1
485,65,1193.89,419.63,162.95,593.48,0.7822,-1,-1,-1
485,41,861.73,425.34,61.00,271.17,0.4660,-1,-1,-1
485,47,801.13,438.69,83.12,286.78,0.6580,-1,-1,-1
485,50,632.56,434.88,110.18,261.89,0.6877,-1,-1,-1
485,71,368.17,477.10,110.68,198.30,0.3483,-1,-1,-1
485,77,1338.34,417.94,101.25,543.58,0.5508,-1,-1,-1
485,43,913.88,442.39,94.64,239.93,0.6780,-1,-1,-1
486,58,-0.50,580.19,117.78,427.11,0.5677,-1,-1,-1
486,60,1846.11,413.90,73.32,237.24,0.2177,-1,-1,-1
486,61,1582.50,412.09,178.36,427.54,0.8356,-1,-1,-1
486,3,1360.78,396.63,283.69,679.81,0.8408,-1,-1,-1
486,65,1198.93,419.93,163.52,592.75,0.7762,-1,-1,-1
486,41,864.69,429.99,59.48,251.53,0.3565,-1,-1,-1
486,47,802.19,438.66,95.08,285.95,0.5762,-1,-1,-1
486,50,633.27,434.55,118.09,262.31,0.7144,-1,-1,-1
486,71,356.52,478.67,108.28,193.56,0.3272,-1,-1,-1
486,77,1339.44,415.64,105.29,549.03,0.6090,-1,-1,-1
486,43,913.10,441.61,94.42,239.90,0.6939,-1,-1,-1
487,58,-0.27,553.79,93.59,434.51,0.4663,-1,-1,-1
487,60,1852.08,422.71,67.75,229.00,0.1841,-1,-1,-1
487,61,1589.99,415.31,169.91,425.10,0.7892,-1,-1,-1
487,3,1361.83,396.53,283.60,679.54,0.8438,-1,-1,-1
487,65,1201.60,419.22,175.73,593.60,0.7764,-1,-1,-1
487,41,863.97,429.44,61.36,260.39,0.4199,-1,-1,-1
487,47,804.11,437.93,93.41,285.47,0.4917,-1,-1,-1
487,50,633.83,435.34,125.27,261.34,0.6702,-1,-1,-1
487,71,353.34,478.29,106.69,197.11,0.4732,-1,-1,-1
487,77,1345.40,413.35,104.35,533.55,0.5807,-1,-1,-1
487,43,917.62,441.77,91.18,240.15,0.6623,-1,-1,-1
488,58,-0.01,628.27,70.95,337.84,0.5588,-1,-1,-1
488,60,1855.27,405.57,64.54,245.45,0.1950,-1,-1,-1
488,61,1598.43,417.93,164.66,422.12,0.7659,-1,-1,-1
488,3,1361.71,399.63,288.30,676.49,0.8192,-1,-1,-1
488,65,1203.20,419.60,181.51,592.71,0.7843,-1,-1,-1
488,41,856.29,435.76,74.26,279.30,0.3350,-1,-1,-1
488,47,805.59,434.46,115.63,290.27,0.5849,-1,-1,-1
488,50,636.00,435.44,126.52,261.04,0.6726,-1,-1,-1
488,71,348.64,476.01,105.93,201.86,0.4939,-1,-1,-1
488,77,1349.21,416.99,106.44,514.28,0.5103,-1,-1,-1
488,43,920.95,447.58,88.68,234.14,0.5535,-1,-1,-1
489,60,1855.39,399.30,64.31,251.39,0.2110,-1,-1,-1
489,61,1607.62,414.30,156.84,428.04,0.7451,-1,-1,-1
489,3,1362.35,395.05,290.73,678.26,0.7879,-1,-1,-1
489,65,1205.75,415.10,185.53,594.99,0.8260,-1,-1,-1
489,41,824.42,434.08,111.56,287.99,0.5714,-1,-1,-1
489,47,806.91,432.38,127.72,292.23,0.5714,-1,-1,-1
489,50,640.73,436.05,125.32,260.02,0.6958,-1,-1,-1
489,71,340.19,460.37,101.71,219.75,0.5008,-1,-1,-1
489,77,1351.13,421.54,110.25,484.12,0.5548,-1,-1,-1
489,43,923.61,441.34,87.99,239.89,0.6098,-1,-1,-1
489,83,-0.32,534.51,64.79,130.28,0.5443,-1,-1,-1
490,60,1854.40,407.78,65.26,243.90,0.1705,-1,-1,-1
490,61,1615.78,412.35,149.61,431.71,0.7320,-1,-1,-1
490,3,1366.84,396.63,274.07,675.74,0.7455,-1,-1,-1
490,65,1205.90,416.70,187.88,594.53,0.8008,-1,-1,-1
490,41,811.97,436.75,127.53,288.03,0.5798,-1,-1,-1
490,47,807.10,435.34,134.42,289.30,0.5798,-1,-1,-1
490,50,643.32,435.44,124.55,261.97,0.7903,-1,-1,-1
490,71,331.98,460.63,98.10,220.38,0.5011,-1,-1,-1
490,77,1355.06,420.28,113.08,477.09,0.6114,-1,-1,-1
490,43,933.19,439.86,79.63,240.27,0.6163,-1,-1,-1
490,83,-0.46,541.90,53.17,112.92,0.3632,-1,-1,-1
491,60,1854.14,432.99,65.49,219.02,0.1652,-1,-1,-1
491,61,1620.84,409.75,133.56,432.49,0.7350,-1,-1,-1
491,3,1369.20,399.18,260.80,670.68,0.6712,-1,-1,-1
491,65,1206.55,417.42,188.36,594.43,0.8076,-1,-1,-1
491,41,807.61,437.59,134.90,288.14,0.5244,-1,-1,-1
491,47,808.54,436.42,137.04,288.27,0.5244,-1,-1,-1
491,50,647.17,435.08,122.54,263.76,0.7890,-1,-1,-1
491,71,321.31,482.36,101.98,199.87,0.4786,-1,-1,-1
491,77,1361.34,418.85,114.36,473.46,0.5504,-1,-1,-1
491,43,944.75,437.23,71.39,241.24,0.5934,-1,-1,-1
491,83,-0.15,553.06,41.95,86.98,0.2451,-1,-1,-1
492,60,1853.83,446.75,65.87,204.64,0.1962,-1,-1,-1
492,61,1631.68,409.78,120.24,436.79,0.7096,-1,-1,-1
492,3,1373.20,394.89,298.48,668.04,0.4264,-1,-1,-1
492,65,1206.48,414.31,194.21,596.05,0.8155,-1,-1,-1
492,41,805.78,442.98,140.93,283.29,0.6688,-1,-1,-1
492,47,808.88,442.02,141.11,282.99,0.6688,-1,-1,-1
492,50,648.58,433.54,123.71,266.85,0.7641,-1,-1,-1
492,71,315.32,482.48,98.19,200.79,0.5228,-1,-1,-1
492,77,1366.94,413.70,120.32,469.35,0.5253,-1,-1,-1
492,43,952.70,436.93,72.32,241.35,0.6237,-1,-1,-1
492,83,-0.00,560.41,34.20,86.02,0.3579,-1,-1,-1
492,85,723.84,444.44,46.76,132.02,0.3467,-1,-1,-1
492,86,565.68,440.56,32.48,89.80,0.3620,-1,-1,-1
493,60,1853.50,443.67,66.14,208.12,0.2240,-1,-1,-1
493,61,1636.71,409.92,120.83,434.89,0.6395,-1,-1,-1
493,3,1374.71,390.44,260.78,670.37,0.4741,-1,-1,-1
493,65,1206.91,416.39,198.16,593.71,0.8292,-1,-1,-1
493,41,806.48,445.93,143.12,279.59,0.6876,-1,-1,-1
493,47,810.30,445.13,142.47,279.17,0.6876,-1,-1,-1
493,50,651.77,439.38,120.97,262.39,0.7730,-1,-1,-1
493,71,306.60,486.67,101.37,194.11,0.4884,-1,-1,-1
493,77,1372.87,410.87,121.60,486.70,0.5386,-1,-1,-1
493,43,957.75,439.15,73.58,239.83,0.7060,-1,-1,-1
493,85,727.78,444.27,42.05,130.11,0.3709,-1,-1,-1
493,86,563.83,439.08,34.91,92.41,0.3300,-1,-1,-1
494,60,1851.67,430.89,67.93,221.02,0.1841,-1,-1,-1
494,61,1637.30,410.07,129.31,410.34,0.6716,-1,-1,-1
494,3,1378.08,388.58,284.66,663.06,0.4988,-1,-1,-1
494,65,1207.04,419.66,205.15,590.43,0.8280,-1,-1,-1
494,41,807.11,446.49,145.07,279.80,0.7109,-1,-1,-1
494,47,810.97,445.79,144.14,279.38,0.7109,-1,-1,-1
494,50,654.49,441.51,119.72,260.55,0.7826,-1,-1,-1
494,71,301.21,479.23,103.95,200.77,0.3780,-1,-1,-1
494,77,1378.22,408.24,123.15,515.71,0.6169,-1,-1,-1
494,43,958.34,440.97,77.20,238.76,0.6561,-1,-1,-1
494,85,729.05,445.67,39.88,129.43,0.2631,-1,-1,-1
494,86,564.08,439.54,35.01,92.56,0.3095,-1,-1,-1
495,61,1638.36,406.80,154.33,441.81,0.6932,-1,-1,-1
495,3,1379.24,384.61,285.18,664.31,0.4456,-1,-1,-1
495,65,1207.73,421.02,212.25,589.94,0.8143,-1,-1,-1
495,41,813.47,444.50,139.83,281.38,0.6824,-1,-1,-1
495,47,817.24,443.88,138.71,280.99,0.6824,-1,-1,-1
495,50,655.20,438.64,118.55,263.27,0.7627,-1,-1,-1
495,71,295.03,474.13,100.74,214.95,0.3150,-1,-1,-1
495,77,1379.04,406.89,125.78,543.84,0.5717,-1,-1,-1
495,43,961.21,441.64,86.16,239.16,0.6628,-1,-1,-1
495,86,564.10,441.00,35.43,92.53,0.3225,-1,-1,-1
496,61,1641.97,404.54,168.92,417.31,0.4881,-1,-1,-1
496,3,1388.46,377.27,280.08,684.47,0.5690,-1,-1,-1
496,65,1208.17,420.33,219.11,591.12,0.8325,-1,-1,-1
496,41,818.23,442.46,136.44,284.60,0.7016,-1,-1,-1
496,47,821.64,441.92,135.32,284.25,0.7016,-1,-1,-1
496,50,657.25,438.08,116.18,263.84,0.7865,-1,-1,-1
496,71,291.49,463.21,92.34,224.34,0.3579,-1,-1,-1
496,77,1382.58,410.58,129.31,558.33,0.6477,-1,-1,-1
496,43,961.09,442.68,99.22,238.82,0.7291,-1,-1,-1
496,86,566.32,441.69,33.83,91.92,0.3872,-1,-1,-1
497,61,1646.13,405.38,160.64,454.29,0.8000,-1,-1,-1
497,3,1395.82,377.28,288.54,692.27,0.6532,-1,-1,-1
497,65,1209.22,420.47,223.54,590.54,0.8528,-1,-1,-1
497,41,825.73,443.12,129.43,285.48,0.7342,-1,-1,-1
497,47,828.85,442.65,128.31,285.17,0.7342,-1,-1,-1
497,50,663.09,435.09,109.56,267.10,0.7760,-1,-1,-1
497,71,262.86,467.95,109.51,224.18,0.4463,-1,-1,-1
497,77,1389.66,415.75,130.57,496.43,0.6544,-1,-1,-1
497,43,963.54,442.36,108.36,239.50,0.7283,-1,-1,-1
497,86,567.09,442.25,33.11,91.18,0.3683,-1,-1,-1
498,61,1651.63,408.42,160.17,463.01,0.7419,-1,-1,-1
498,3,1409.87,376.70,279.97,693.78,0.6500,-1,-1,-1
498,65,1213.04,418.26,223.29,592.86,0.8473,-1,-1,-1
498,41,835.26,444.11,120.38,283.60,0.6808,-1,-1,-1
498,47,838.05,443.70,119.31,283.31,0.6808,-1,-1,-1
498,50,669.40,433.00,102.17,269.29,0.7722,-1,-1,-1
498,71,256.28,474.80,111.53,223.78,0.4575,-1,-1,-1
498,77,1392.30,413.25,135.81,519.45,0.6514,-1,-1,-1
498,43,967.69,440.59,112.94,241.42,0.7380,-1,-1,-1
498,86,567.07,441.70,33.53,92.00,0.3906,-1,-1,-1
499,61,1654.47,406.75,190.96,469.05,0.8519,-1,-1,-1
499,3,1422.49,377.70,272.45,693.71,0.6668,-1,-1,-1
499,65,1220.05,415.71,216.22,596.11,0.8361,-1,-1,-1
499,41,849.08,443.69,107.29,284.92,0.6998,-1,-1,-1
499,47,851.54,443.34,106.26,284.67,0.6998,-1,-1,-1
499,50,673.36,435.36,98.13,265.96,0.7668,-1,-1,-1
499,71,244.86,480.68,111.32,220.23,0.5501,-1,-1,-1
499,77,1393.60,407.95,143.18,531.54,0.6556,-1,-1,-1
499,43,970.34,440.69,118.72,242.06,0.6975,-1,-1,-1
499,86,567.26,442.27,32.73,91.60,0.3970,-1,-1,-1
500,61,1661.09,410.59,205.92,473.11,0.8425,-1,-1,-1
500,3,1443.92,377.91,263.13,693.07,0.5812,-1,-1,-1
500,65,1228.42,416.51,209.89,595.95,0.7887,-1,-1,-1
500,41,854.46,440.42,103.67,286.92,0.6592,-1,-1,-1
500,47,856.41,440.11,102.86,286.69,0.6592,-1,-1,-1
500,50,676.27,433.98,95.96,267.04,0.7471,-1,-1,-1
500,71,237.33,481.39,104.27,222.73,0.6089,-1,-1,-1
500,77,1390.92,409.03,154.14,544.61,0.6763,-1,-1,-1
500,43,971.17,442.92,120.22,240.11,0.6806,-1,-1,-1
500,86,568.41,442.69,31.99,91.05,0.3358,-1,-1,-1
501,61,1671.64,415.17,218.57,472.31,0.8533,-1,-1,-1
501,3,1477.27,375.01,232.75,611.80,0.6101,-1,-1,-1
501,65,1239.75,414.88,202.52,598.24,0.7918,-1,-1,-1
501,41,857.80,438.65,103.21,287.72,0.6992,-1,-1,-1
501,47,859.47,438.38,102.55,287.51,0.6992,-1,-1,-1
501,50,682.34,433.79,91.17,266.34,0.6852,-1,-1,-1
501,71,226.57,481.36,107.28,222.26,0.6273,-1,-1,-1
501,77,1394.36,411.62,153.83,543.71,0.6842,-1,-1,-1
501,43,970.48,451.04,120.30,231.80,0.7068,-1,-1,-1
501,86,570.88,445.05,29.86,88.86,0.3178,-1,-1,-1
502,61,1682.99,415.13,217.73,474.67,0.8443,-1,-1,-1
502,3,1496.28,376.21,225.80,662.27,0.6182,-1,-1,-1
502,65,1252.97,414.93,195.96,599.41,0.7968,-1,-1,-1
502,41,860.59,439.98,104.22,286.60,0.6557,-1,-1,-1
502,47,862.04,439.75,103.66,286.41,0.6557,-1,-1,-1
502,50,691.60,435.46,83.58,263.61,0.6774,-1,-1,-1
502,71,217.87,483.59,112.80,219.36,0.6017,-1,-1,-1
502,77,1390.65,407.43,162.09,554.74,0.7131,-1,-1,-1
502,43,972.82,451.21,117.20,231.56,0.7335,-1,-1,-1
502,86,572.19,449.16,28.47,84.23,0.3033,-1,-1,-1
503,61,1691.71,413.04,216.10,481.36,0.8553,-1,-1,-1
503,3,1508.87,374.14,217.96,681.53,0.7258,-1,-1,-1
503,65,1276.50,411.41,178.73,605.17,0.7671,-1,-1,-1
503,41,866.00,440.37,105.23,285.77,0.6732,-1,-1,-1
503,47,867.28,440.16,104.75,285.61,0.6732,-1,-1,-1
503,50,691.95,434.71,86.42,265.01,0.6960,-1,-1,-1
503,71,205.65,481.76,118.53,230.12,0.5348,-1,-1,-1
503,77,1386.58,409.94,169.86,555.76,0.6208,-1,-1,-1
503,43,979.69,448.26,110.59,234.40,0.7195,-1,-1,-1
503,86,572.27,447.80,28.43,86.37,0.3504,-1,-1,-1
503,89,0.06,914.28,111.31,165.74,0.4087,-1,-1,-1
504,61,1698.18,411.02,218.77,492.84,0.8657,-1,-1,-1
504,3,1518.38,372.76,216.49,690.45,0.7005,-1,-1,-1
504,65,1292.62,411.87,168.59,606.87,0.8042,-1,-1,-1
504,41,863.95,424.83,75.97,291.22,0.3590,-1,-1,-1
504,47,873.29,440.49,105.87,284.60,0.5696,-1,-1,-1
504,50,693.81,435.37,86.79,265.00,0.6867,-1,-1,-1
504,71,192.30,482.06,119.07,234.92,0.6457,-1,-1,-1
504,77,1390.16,410.48,170.32,556.16,0.6971,-1,-1,-1
504,43,989.05,448.02,99.52,234.65,0.6596,-1,-1,-1
504,86,572.10,447.33,28.46,87.43,0.4045,-1,-1,-1
504,89,0.35,929.51,92.84,149.27,0.3491,-1,-1,-1
505,61,1708.38,408.12,212.61,500.83,0.8850,-1,-1,-1
505,3,1525.23,372.80,219.60,698.08,0.7682,-1,-1,-1
505,65,1302.47,410.54,165.29,613.20,0.8282,-1,-1,-1
505,41,867.21,425.90,64.38,283.82,0.4613,-1,-1,-1
505,47,882.29,442.83,113.79,281.05,0.5831,-1,-1,-1
505,50,694.35,436.71,89.72,264.39,0.7825,-1,-1,-1
505,71,181.98,482.41,114.49,235.92,0.6028,-1,-1,-1
505,77,1401.15,420.80,164.17,547.82,0.6621,-1,-1,-1
505,43,1000.16,453.85,87.36,229.09,0.6442,-1,-1,-1
505,86,572.01,448.98,28.43,85.80,0.4049,-1,-1,-1
505,89,0.44,952.28,72.21,126.12,0.1580,-1,-1,-1
506,61,1718.10,403.54,204.85,507.29,0.8853,-1,-1,-1
506,3,1529.71,372.06,218.19,701.31,0.7571,-1,-1,-1
506,65,1309.27,411.24,163.99,622.89,0.7937,-1,-1,-1
506,41,869.27,416.84,67.39,287.45,0.5857,-1,-1,-1
506,47,893.92,449.08,117.82,273.55,0.6529,-1,-1,-1
506,50,699.09,435.45,90.19,266.33,0.7433,-1,-1,-1
506,71,168.33,484.01,114.28,234.27,0.6548,-1,-1,-1
506,77,1430.75,422.89,138.00,534.57,0.7062,-1,-1,-1
506,43,1010.76,459.15,78.65,223.34,0.6264,-1,-1,-1
506,86,571.84,448.41,28.90,85.81,0.4106,-1,-1,-1
506,89,0.27,981.68,55.25,96.68,0.1597,-1,-1,-1
507,61,1732.67,399.97,190.46,512.85,0.8764,-1,-1,-1
507,3,1532.36,374.28,220.15,701.06,0.7413,-1,-1,-1
507,65,1314.83,411.99,162.03,631.91,0.8118,-1,-1,-1
507,41,870.09,414.00,67.39,288.58,0.6050,-1,-1,-1
507,47,899.94,450.78,120.69,270.78,0.6701,-1,-1,-1
507,50,702.34,435.47,95.26,266.08,0.7236,-1,-1,-1
507,71,153.22,482.50,116.28,242.42,0.6778,-1,-1,-1
507,77,1444.42,418.91,126.87,541.63,0.6955,-1,-1,-1
507,43,1017.36,452.76,79.30,228.76,0.5338,-1,-1,-1
507,86,572.24,447.36,28.69,86.87,0.3941,-1,-1,-1
508,61,1743.22,397.84,179.01,514.79,0.8458,-1,-1,-1
508,3,1532.06,373.86,227.17,699.35,0.7468,-1,-1,-1
508,65,1319.35,414.79,178.72,637.67,0.7756,-1,-1,-1
508,41,870.04,412.47,67.86,286.50,0.6063,-1,-1,-1
508,47,901.37,452.35,133.19,269.09,0.7100,-1,-1,-1
508,50,712.29,435.77,92.01,264.44,0.6847,-1,-1,-1
508,71,139.35,483.40,120.37,244.61,0.6708,-1,-1,-1
508,77,1453.87,413.73,121.43,537.74,0.6743,-1,-1,-1
508,43,1026.11,450.11,73.37,230.08,0.5329,-1,-1,-1
508,86,571.30,446.96,29.20,88.13,0.4386,-1,-1,-1
509,61,1751.72,396.13,170.16,514.32,0.7910,-1,-1,-1
509,3,1532.89,373.85,225.68,695.07,0.7009,-1,-1,-1
509,65,1324.81,413.58,199.10,643.79,0.8279,-1,-1,-1
509,41,873.29,419.05,64.64,280.17,0.5880,-1,-1,-1
509,47,902.46,448.99,138.72,274.22,0.7371,-1,-1,-1
509,50,715.71,438.05,96.22,262.12,0.6718,-1,-1,-1
509,71,127.51,479.44,120.69,245.44,0.6710,-1,-1,-1
509,77,1461.72,407.76,120.76,558.43,0.5879,-1,-1,-1
509,43,1032.24,460.96,67.98,218.00,0.4928,-1,-1,-1
509,86,570.87,446.47,29.85,89.02,0.4298,-1,-1,-1
510,61,1767.84,393.48,153.81,503.84,0.8243,-1,-1,-1
510,3,1545.25,375.76,237.97,697.86,0.6134,-1,-1,-1
510,65,1326.88,413.27,217.51,644.98,0.8407,-1,-1,-1
510,41,875.16,413.51,65.39,284.08,0.5884,-1,-1,-1
510,47,902.40,446.80,139.81,277.87,0.7510,-1,-1,-1
510,50,715.50,436.31,109.14,263.76,0.7043,-1,-1,-1
510,71,110.00,477.50,125.78,247.80,0.6633,-1,-1,-1
510,77,1468.63,405.30,121.12,570.29,0.7085,-1,-1,-1
510,43,1036.72,465.41,69.83,210.34,0.4966,-1,-1,-1
510,86,570.35,445.70,29.91,88.87,0.4345,-1,-1,-1
511,61,1778.94,393.64,142.56,497.34,0.8075,-1,-1,-1
511,3,1545.26,371.11,262.34,703.81,0.7176,-1,-1,-1
511,65,1326.19,414.55,233.35,645.44,0.8386,-1,-1,-1
511,41,875.38,420.88,66.66,274.58,0.4940,-1,-1,-1
511,47,901.39,446.52,150.31,278.78,0.7626,-1,-1,-1
511,50,715.93,438.30,114.21,261.51,0.7250,-1,-1,-1
511,71,98.04,477.13,127.18,251.44,0.5584,-1,-1,-1
511,77,1475.05,405.16,119.92,559.18,0.6678,-1,-1,-1
511,43,1037.37,461.83,75.73,213.22,0.5460,-1,-1,-1
511,86,570.20,446.06,29.80,88.03,0.4676,-1,-1,-1
512,61,1786.27,393.62,134.75,497.87,0.8067,-1,-1,-1
512,3,1548.70,373.65,242.52,694.53,0.5767,-1,-1,-1
512,65,1324.42,417.63,241.60,644.55,0.8451,-1,-1,-1
512,41,875.08,414.52,71.68,280.60,0.5612,-1,-1,-1
512,47,901.32,444.44,153.25,281.19,0.7578,-1,-1,-1
512,50,718.37,437.22,113.75,261.89,0.7390,-1,-1,-1
512,71,82.11,494.31,136.45,237.97,0.2128,-1,-1,-1
512,77,1477.05,407.58,119.78,542.06,0.6393,-1,-1,-1
512,43,1039.70,456.28,83.23,220.33,0.6049,-1,-1,-1
512,86,570.46,446.86,29.27,87.13,0.4568,-1,-1,-1
513,61,1802.08,390.68,118.83,507.81,0.7982,-1,-1,-1
513,3,1551.91,372.56,234.19,622.17,0.4819,-1,-1,-1
513,65,1323.64,418.48,248.34,647.25,0.8471,-1,-1,-1
513,41,876.09,412.77,74.34,283.17,0.5143,-1,-1,-1
513,47,901.41,443.96,155.42,281.74,0.7505,-1,-1,-1
513,50,719.93,436.48,117.19,262.85,0.7424,-1,-1,-1
513,71,66.13,482.85,140.75,251.49,0.6036,-1,-1,-1
513,77,1480.43,411.94,120.12,550.92,0.6536,-1,-1,-1
513,43,1042.49,448.02,89.81,229.09,0.6050,-1,-1,-1
513,86,570.60,446.26,29.28,87.73,0.4768,-1,-1,-1
514,61,1809.35,390.24,111.49,512.15,0.8036,-1,-1,-1
514,3,1557.70,371.63,226.64,592.00,0.5672,-1,-1,-1
514,65,1323.38,418.63,251.86,648.40,0.8435,-1,-1,-1
514,41,877.94,412.56,75.83,284.25,0.5091,-1,-1,-1
514,47,902.23,444.31,156.00,280.73,0.7014,-1,-1,-1
514,50,722.37,439.02,115.17,258.95,0.7477,-1,-1,-1
514,71,50.60,478.69,143.74,256.66,0.6568,-1,-1,-1
514,77,1485.20,415.33,119.97,538.55,0.5940,-1,-1,-1
514,43,1043.58,445.65,98.96,231.26,0.6223,-1,-1,-1
514,86,570.20,446.04,29.66,87.47,0.5265,-1,-1,-1
515,61,1819.63,388.76,101.08,517.41,0.7929,-1,-1,-1
515,3,1563.74,371.98,243.09,661.09,0.5283,-1,-1,-1
515,65,1324.18,418.04,253.62,650.04,0.8440,-1,-1,-1
515,41,877.10,417.65,74.70,279.63,0.5766,-1,-1,-1
515,47,903.53,443.48,156.78,280.80,0.7431,-1,-1,-1
515,50,725.81,439.19,112.89,257.31,0.7253,-1,-1,-1
515,71,37.46,477.94,146.01,259.31,0.6998,-1,-1,-1
515,77,1489.47,415.36,124.94,524.94,0.5201,-1,-1,-1
515,43,1046.03,449.15,103.75,228.03,0.6780,-1,-1,-1
515,86,569.80,446.17,30.29,87.65,0.4837,-1,-1,-1
515,92,693.67,451.75,39.06,124.51,0.4616,-1,-1,-1
516,61,1824.34,387.62,95.72,525.22,0.7578,-1,-1,-1
516,3,1564.14,374.02,269.16,676.07,0.6064,-1,-1,-1
516,65,1324.09,421.46,257.20,648.46,0.8307,-1,-1,-1
516,41,877.79,417.79,78.33,282.24,0.5690,-1,-1,-1
516,47,906.65,439.39,154.32,282.69,0.7598,-1,-1,-1
516,50,730.85,436.34,109.36,259.23,0.7483,-1,-1,-1
516,71,22.48,478.38,149.11,260.36,0.7054,-1,-1,-1
516,77,1495.46,415.03,128.02,516.04,0.4165,-1,-1,-1
516,43,1049.37,449.79,100.46,226.03,0.5775,-1,-1,-1
516,86,569.28,445.71,31.24,89.19,0.5029,-1,-1,-1
516,92,692.67,450.06,38.43,126.28,0.4896,-1,-1,-1
517,61,1833.95,390.60,86.04,517.26,0.6981,-1,-1,-1
517,3,1572.26,376.90,274.79,686.61,0.4329,-1,-1,-1
517,65,1324.20,423.73,261.31,646.71,0.8205,-1,-1,-1
517,41,879.30,422.41,82.28,280.64,0.5797,-1,-1,-1
517,47,910.23,437.87,149.70,284.17,0.7689,-1,-1,-1
517,50,734.94,438.87,106.92,255.77,0.7290,-1,-1,-1
517,71,13.68,489.32,148.83,249.50,0.5800,-1,-1,-1
517,77,1501.41,411.10,130.44,508.40,0.3990,-1,-1,-1
517,43,1050.42,449.95,101.37,226.17,0.5534,-1,-1,-1
517,86,568.37,444.73,31.83,90.96,0.4722,-1,-1,-1
517,92,686.11,446.46,43.12,129.71,0.4908,-1,-1,-1
518,61,1842.45,393.20,77.46,514.09,0.6629,-1,-1,-1
518,3,1577.00,377.82,275.95,690.80,0.4235,-1,-1,-1
518,65,1327.53,419.79,263.67,649.72,0.8205,-1,-1,-1
518,41,879.50,418.12,80.89,285.94,0.6177,-1,-1,-1
518,47,913.89,435.62,145.91,286.92,0.7866,-1,-1,-1
518,50,740.14,433.85,102.30,259.67,0.7799,-1,-1,-1
518,71,2.47,483.31,150.67,256.57,0.6834,-1,-1,-1
518,77,1509.04,411.28,131.17,597.64,0.3616,-1,-1,-1
518,43,1050.30,457.31,103.68,219.72,0.5708,-1,-1,-1
518,86,569.55,446.20,30.87,89.00,0.4537,-1,-1,-1
518,92,682.10,447.82,44.84,126.17,0.4472,-1,-1,-1
519,61,1852.34,393.60,67.43,497.41,0.5247,-1,-1,-1
519,3,1577.54,380.36,302.01,690.28,0.6568,-1,-1,-1
519,65,1330.14,420.47,263.36,648.24,0.7951,-1,-1,-1
519,41,880.06,428.08,79.26,273.20,0.5925,-1,-1,-1
519,47,917.32,439.18,142.45,281.49,0.6556,-1,-1,-1
519,50,743.81,432.67,100.63,260.02,0.7721,-1,-1,-1
519,71,-3.11,488.35,148.46,251.96,0.6142,-1,-1,-1
519,77,1516.34,412.51,126.22,630.02,0.4692,-1,-1,-1
519,43,1051.12,451.45,102.93,226.08,0.5336,-1,-1,-1
519,86,570.45,449.00,30.03,86.47,0.4616,-1,-1,-1
519,92,678.62,447.62,45.85,125.99,0.5497,-1,-1,-1
520,61,1866.64,395.59,53.15,483.41,0.5434,-1,-1,-1
520,3,1580.74,380.30,269.61,691.75,0.5518,-1,-1,-1
520,65,1334.53,418.69,258.22,649.75,0.7827,-1,-1,-1
520,41,881.35,433.22,78.65,266.33,0.6392,-1,-1,-1
520,47,927.85,443.91,135.87,276.07,0.6576,-1,-1,-1
520,50,749.53,430.79,95.15,260.29,0.7279,-1,-1,-1
520,71,-4.99,482.54,150.33,260.96,0.5351,-1,-1,-1
520,77,1522.15,417.01,129.93,561.48,0.4470,-1,-1,-1
520,43,1051.37,454.56,102.18,222.74,0.5671,-1,-1,-1
520,86,570.91,449.40,29.68,86.45,0.4256,-1,-1,-1
520,92,679.03,448.06,44.78,124.62,0.5479,-1,-1,-1
521,61,1868.46,391.31,51.19,458.54,0.3687,-1,-1,-1
521,3,1580.32,380.88,313.80,686.93,0.6124,-1,-1,-1
521,65,1339.33,415.95,250.65,651.67,0.8273,-1,-1,-1
521,41,881.97,432.58,80.07,267.38,0.6335,-1,-1,-1
521,47,936.31,444.72,130.46,275.01,0.6325,-1,-1,-1
521,50,756.31,430.88,89.40,259.62,0.7424,-1,-1,-1
521,71,-5.10,480.92,135.80,267.10,0.4948,-1,-1,-1
521,77,1527.03,418.98,135.74,534.09,0.4988,-1,-1,-1
521,43,1052.82,443.43,99.77,234.15,0.6208,-1,-1,-1
521,86,571.44,452.40,29.11,82.62,0.4259,-1,-1,-1
521,92,679.18,450.15,43.03,122.91,0.5131,-1,-1,-1
522,3,1602.01,378.39,305.88,606.49,0.6272,-1,-1,-1
522,65,1345.01,413.16,249.72,653.67,0.8022,-1,-1,-1
522,41,880.73,431.94,84.10,268.96,0.6422,-1,-1,-1
522,47,948.00,442.15,121.99,277.21,0.6701,-1,-1,-1
522,50,765.70,432.53,80.71,256.06,0.7153,-1,-1,-1
522,71,-4.60,478.26,114.91,268.94,0.4966,-1,-1,-1
522,77,1531.70,416.92,142.90,537.11,0.4881,-1,-1,-1
522,43,1054.53,443.18,98.09,234.50,0.6234,-1,-1,-1
522,86,572.32,454.18,28.52,80.56,0.3794,-1,-1,-1
522,92,677.48,449.11,44.00,124.14,0.5587,-1,-1,-1
523,3,1589.06,379.09,330.70,664.09,0.6031,-1,-1,-1
523,65,1352.02,412.21,246.85,655.05,0.7309,-1,-1,-1
523,41,881.21,422.89,89.39,279.71,0.6479,-1,-1,-1
523,47,952.80,442.25,115.70,278.25,0.6811,-1,-1,-1
523,50,766.05,432.85,85.49,256.43,0.7168,-1,-1,-1
523,71,-3.57,502.94,107.88,251.13,0.3591,-1,-1,-1
523,77,1538.36,413.23,151.67,543.27,0.5178,-1,-1,-1
523,43,1055.57,452.62,98.31,225.13,0.6440,-1,-1,-1
523,86,572.71,454.13,28.70,80.93,0.4010,-1,-1,-1
523,92,675.38,448.47,45.48,125.57,0.5927,-1,-1,-1
524,3,1589.10,375.46,335.26,684.35,0.7973,-1,-1,-1
524,65,1363.14,411.33,238.48,655.40,0.7126,-1,-1,-1
524,41,880.50,419.49,94.10,283.28,0.6635,-1,-1,-1
524,47,964.85,443.02,104.89,276.59,0.6237,-1,-1,-1
524,50,768.28,431.32,87.83,258.46,0.7391,-1,-1,-1
524,71,-3.17,519.91,84.62,240.16,0.2299,-1,-1,-1
524,77,1546.61,412.11,150.95,556.58,0.4785,-1,-1,-1
524,43,1059.15,455.82,95.85,221.56,0.6078,-1,-1,-1
524,86,573.44,454.00,29.24,82.00,0.4091,-1,-1,-1
524,92,673.99,448.67,46.25,124.76,0.6099,-1,-1,-1
525,3,1594.41,370.99,330.94,697.64,0.6822,-1,-1,-1
525,65,1380.07,411.15,224.94,656.71,0.7219,-1,-1,-1
525,41,885.48,413.38,93.59,291.06,0.6531,-1,-1,-1
525,47,971.79,443.99,97.33,275.68,0.6575,-1,-1,-1
525,50,767.93,430.40,91.34,259.45,0.7484,-1,-1,-1
525,71,-1.23,514.67,78.87,234.96,0.3240,-1,-1,-1
525,77,1546.50,409.30,157.29,580.29,0.5920,-1,-1,-1
525,43,1061.10,459.54,97.32,218.54,0.6283,-1,-1,-1
525,86,573.89,452.51,29.41,82.39,0.4429,-1,-1,-1
525,92,673.85,451.27,44.77,121.55,0.6313,-1,-1,-1
526,3,1598.94,363.56,325.93,707.80,0.8162,-1,-1,-1
526,65,1401.74,410.57,207.90,654.21,0.6749,-1,-1,-1
526,41,893.55,411.66,88.42,294.31,0.6753,-1,-1,-1
526,47,985.63,444.89,81.78,277.09,0.6581,-1,-1,-1
526,50,767.85,434.25,95.71,255.18,0.7174,-1,-1,-1
526,71,-1.15,521.40,70.50,185.55,0.2949,-1,-1,-1
526,77,1549.26,408.95,160.79,587.45,0.5765,-1,-1,-1
526,43,1064.32,461.91,97.73,215.28,0.6342,-1,-1,-1
526,86,573.87,451.69,29.96,82.54,0.4097,-1,-1,-1
526,92,671.16,451.21,46.96,120.99,0.5834,-1,-1,-1
526,95,715.04,450.33,33.86,89.09,0.4110,-1,-1,-1
527,3,1601.00,366.02,322.79,706.45,0.6965,-1,-1,-1
527,65,1422.05,412.97,197.37,653.85,0.7507,-1,-1,-1
527,41,898.08,408.47,85.97,297.60,0.7362,-1,-1,-1
527,47,994.28,448.01,77.42,274.59,0.7052,-1,-1,-1
527,50,770.51,435.75,104.32,253.65,0.6895,-1,-1,-1
527,71,-1.07,539.23,63.44,144.10,0.3601,-1,-1,-1
527,77,1561.11,408.80,156.70,590.34,0.6799,-1,-1,-1
527,43,1069.12,460.05,97.75,215.76,0.6215,-1,-1,-1
527,86,573.88,451.27,29.63,82.46,0.4247,-1,-1,-1
527,92,668.98,454.16,48.09,117.83,0.5882,-1,-1,-1
527,95,715.02,449.97,33.59,89.28,0.4911,-1,-1,-1
528,3,1603.53,383.06,320.78,689.95,0.7342,-1,-1,-1
528,65,1436.72,412.09,184.19,653.73,0.6916,-1,-1,-1
528,41,903.33,410.85,81.35,295.55,0.7279,-1,-1,-1
528,47,997.30,446.11,82.18,278.29,0.7121,-1,-1,-1
528,50,783.94,437.08,96.96,250.77,0.5981,-1,-1,-1
528,71,-0.87,546.94,55.54,114.50,0.3471,-1,-1,-1
528,77,1569.53,410.03,162.48,590.99,0.7151,-1,-1,-1
528,43,1075.86,454.69,89.99,220.38,0.6411,-1,-1,-1
528,86,573.78,450.74,30.56,83.67,0.4263,-1,-1,-1
528,92,668.52,455.96,47.64,115.05,0.6127,-1,-1,-1
528,95,714.45,451.16,34.44,87.77,0.4950,-1,-1,-1
529,3,1664.35,384.17,258.70,604.75,0.5806,-1,-1,-1
529,65,1445.01,412.61,181.59,654.72,0.7813,-1,-1,-1
529,41,912.19,407.02,74.83,299.22,0.7331,-1,-1,-1
529,47,1000.66,443.50,90.01,279.11,0.7067,-1,-1,-1
529,50,782.32,436.19,118.46,251.90,0.6294,-1,-1,-1
529,71,-0.66,546.92,43.24,109.33,0.3693,-1,-1,-1
529,77,1577.45,411.69,164.49,592.31,0.7308,-1,-1,-1
529,43,1084.50,451.67,78.04,222.28,0.5326,-1,-1,-1
529,86,573.61,450.19,31.02,84.45,0.4569,-1,-1,-1
529,92,665.79,454.26,52.41,116.89,0.5692,-1,-1,-1
529,95,712.70,450.80,29.54,88.13,0.4923,-1,-1,-1
530,3,1694.75,371.15,227.18,584.98,0.5903,-1,-1,-1
530,65,1450.40,413.85,180.33,654.55,0.7930,-1,-1,-1
530,41,916.89,404.61,72.28,301.73,0.7550,-1,-1,-1
530,47,1003.84,440.63,94.90,279.25,0.7164,-1,-1,-1
530,50,789.55,435.24,115.10,251.98,0.6852,-1,-1,-1
530,77,1580.99,411.84,164.74,596.14,0.6780,-1,-1,-1
530,43,1092.01,448.82,71.08,225.48,0.5649,-1,-1,-1
530,86,573.51,449.21,31.17,86.13,0.4600,-1,-1,-1
530,92,663.69,454.79,52.33,115.84,0.5688,-1,-1,-1
530,95,711.51,450.22,29.30,88.36,0.4386,-1,-1,-1
531,3,1647.71,374.17,274.22,662.66,0.4346,-1,-1,-1
531,65,1452.57,413.46,188.07,653.90,0.8098,-1,-1,-1
531,41,919.47,402.93,72.34,303.87,0.7637,-1,-1,-1
531,47,1007.26,442.63,99.54,276.03,0.7753,-1,-1,-1
531,50,787.33,434.48,116.79,252.82,0.7534,-1,-1,-1
531,77,1586.86,413.39,162.29,599.09,0.7199,-1,-1,-1
531,43,1093.30,450.57,71.60,225.39,0.5846,-1,-1,-1
531,86,573.04,448.59,31.49,87.86,0.4674,-1,-1,-1
531,92,662.90,454.66,50.12,114.22,0.5485,-1,-1,-1
531,95,712.17,450.24,29.95,89.08,0.3999,-1,-1,-1
532,3,1645.31,369.10,276.77,692.57,0.7801,-1,-1,-1
532,65,1454.88,412.51,199.33,654.59,0.7968,-1,-1,-1
532,41,922.45,401.81,74.17,303.58,0.7301,-1,-1,-1
532,47,1009.10,443.48,106.39,275.23,0.8030,-1,-1,-1
532,50,788.68,435.23,117.90,252.25,0.7539,-1,-1,-1
532,77,1590.09,410.63,166.87,612.32,0.7540,-1,-1,-1
532,43,1096.60,451.94,63.57,224.35,0.5167,-1,-1,-1
532,86,572.13,448.15,32.14,88.95,0.4836,-1,-1,-1
532,92,663.69,452.67,46.13,116.65,0.5465,-1,-1,-1
532,95,713.64,450.67,30.23,89.45,0.4135,-1,-1,-1
533,3,1657.94,367.52,263.91,706.36,0.8252,-1,-1,-1
533,65,1456.78,411.52,208.64,654.88,0.8244,-1,-1,-1
533,41,922.59,403.03,79.69,302.07,0.7076,-1,-1,-1
533,47,1006.83,444.94,114.00,272.99,0.7601,-1,-1,-1
533,50,793.18,435.48,114.68,251.82,0.7409,-1,-1,-1
533,77,1596.28,407.97,175.31,623.01,0.7712,-1,-1,-1
533,43,1099.05,447.21,65.66,230.79,0.5587,-1,-1,-1
533,86,572.78,447.08,33.01,90.17,0.3922,-1,-1,-1
533,92,663.54,452.25,42.44,117.67,0.5588,-1,-1,-1
533,95,715.80,452.23,28.33,88.39,0.3789,-1,-1,-1
534,3,1703.20,368.79,218.67,655.32,0.6663,-1,-1,-1
534,65,1457.63,410.97,212.54,655.53,0.8335,-1,-1,-1
534,41,921.31,406.14,85.45,300.28,0.7235,-1,-1,-1
534,47,1007.79,448.76,124.86,270.09,0.7155,-1,-1,-1
534,50,799.56,435.99,115.18,251.40,0.7641,-1,-1,-1
534,77,1598.65,410.93,188.05,618.19,0.7506,-1,-1,-1
534,43,1096.36,447.55,67.96,230.44,0.5673,-1,-1,-1
534,86,574.58,447.30,34.40,90.21,0.4190,-1,-1,-1
534,92,661.58,451.07,42.03,118.43,0.6098,-1,-1,-1
534,95,715.82,452.36,27.94,88.51,0.4161,-1,-1,-1
535,3,1714.48,372.02,206.93,686.50,0.6249,-1,-1,-1
535,65,1457.72,411.87,213.13,654.88,0.8322,-1,-1,-1
535,41,920.41,421.48,92.79,285.51,0.7378,-1,-1,-1
535,47,1008.40,444.89,131.63,276.84,0.6861,-1,-1,-1
535,50,799.34,437.80,119.51,249.45,0.7656,-1,-1,-1
535,77,1606.13,409.61,184.21,615.70,0.7676,-1,-1,-1
535,43,1099.75,444.87,72.33,231.86,0.4566,-1,-1,-1
535,86,575.09,445.76,35.13,91.73,0.4702,-1,-1,-1
535,92,660.25,449.98,41.98,119.43,0.6462,-1,-1,-1
535,95,715.30,451.86,28.09,88.80,0.4227,-1,-1,-1
536,3,1739.04,369.07,181.84,701.19,0.8056,-1,-1,-1
536,65,1457.86,412.97,216.62,654.22,0.8186,-1,-1,-1
536,41,916.33,426.76,100.06,280.40,0.7407,-1,-1,-1
536,47,1007.38,448.39,137.81,272.69,0.7138,-1,-1,-1
536,50,801.55,436.95,117.96,249.31,0.7335,-1,-1,-1
536,77,1610.02,408.47,182.72,620.25,0.7377,-1,-1,-1
536,43,1103.56,445.14,70.42,229.21,0.3848,-1,-1,-1
536,86,576.01,450.28,34.12,88.15,0.3894,-1,-1,-1
536,92,659.17,449.67,41.62,119.02,0.5695,-1,-1,-1
536,95,714.20,450.19,28.73,90.36,0.4320,-1,-1,-1
537,3,1758.10,369.86,162.28,705.53,0.8078,-1,-1,-1
537,65,1458.89,414.15,227.17,652.33,0.7854,-1,-1,-1
537,41,916.36,433.60,102.73,272.15,0.7106,-1,-1,-1
537,47,1006.99,453.02,141.69,267.97,0.6610,-1,-1,-1
537,50,804.07,436.52,116.13,249.90,0.7348,-1,-1,-1
537,77,1614.75,407.40,184.14,626.47,0.5622,-1,-1,-1
537,43,1108.76,453.79,65.81,220.33,0.4645,-1,-1,-1
537,86,578.40,455.80,31.92,82.70,0.3423,-1,-1,-1
537,92,658.47,449.69,41.70,119.09,0.6080,-1,-1,-1
537,95,712.42,449.56,29.84,91.08,0.4630,-1,-1,-1
538,3,1768.11,370.27,152.07,707.57,0.8156,-1,-1,-1
538,65,1459.94,413.76,229.87,652.95,0.7970,-1,-1,-1
538,41,917.57,428.20,104.32,279.17,0.7378,-1,-1,-1
538,47,1009.82,451.00,138.71,270.16,0.7037,-1,-1,-1
538,50,804.94,435.27,117.54,250.96,0.7536,-1,-1,-1
538,77,1618.93,408.57,189.77,623.96,0.6291,-1,-1,-1
538,43,1107.25,450.48,66.98,225.65,0.4766,-1,-1,-1
538,86,579.58,457.76,31.50,80.92,0.3853,-1,-1,-1
538,92,657.33,450.79,41.99,118.47,0.5810,-1,-1,-1
538,95,711.50,449.05,31.41,91.04,0.4798,-1,-1,-1
539,3,1777.87,378.89,142.24,700.16,0.7907,-1,-1,-1
539,65,1461.42,413.21,232.99,653.81,0.7980,-1,-1,-1
539,41,919.93,425.17,103.59,282.72,0.7460,-1,-1,-1
539,47,1011.09,443.60,137.19,277.63,0.7102,-1,-1,-1
539,50,807.78,434.34,116.36,253.25,0.7495,-1,-1,-1
539,77,1623.49,408.59,195.69,618.17,0.6961,-1,-1,-1
539,43,1112.87,447.16,64.89,229.60,0.4291,-1,-1,-1
539,86,579.98,458.49,31.41,79.97,0.3891,-1,-1,-1
539,92,656.37,451.68,41.60,117.77,0.5734,-1,-1,-1
539,95,712.74,449.28,29.54,91.24,0.4762,-1,-1,-1
540,3,1784.17,404.17,135.73,673.13,0.7930,-1,-1,-1
540,65,1464.54,414.01,233.05,653.84,0.7923,-1,-1,-1
540,41,920.31,424.74,107.05,283.47,0.7698,-1,-1,-1
540,47,1012.17,440.43,136.03,281.44,0.6798,-1,-1,-1
540,50,812.81,433.59,112.26,252.91,0.7279,-1,-1,-1
540,77,1631.90,408.37,192.69,612.27,0.7275,-1,-1,-1
540,43,1112.31,447.70,64.81,229.95,0.3886,-1,-1,-1
540,86,578.50,458.55,32.99,79.95,0.4299,-1,-1,-1
540,92,655.09,452.90,38.60,116.39,0.6163,-1,-1,-1
540,95,712.56,449.04,27.68,91.73,0.4969,-1,-1,-1
541,3,1789.43,393.23,130.71,685.97,0.7728,-1,-1,-1
541,65,1468.06,412.48,239.11,658.27,0.7713,-1,-1,-1
541,41,921.53,420.98,118.04,287.35,0.7208,-1,-1,-1
541,47,1020.35,437.46,127.18,285.12,0.6585,-1,-1,-1
541,50,815.42,432.62,111.75,254.06,0.7385,-1,-1,-1
541,77,1639.57,407.15,191.34,613.50,0.7708,-1,-1,-1
541,43,1115.87,447.71,62.10,230.14,0.4595,-1,-1,-1
541,86,577.91,458.74,33.27,80.04,0.3895,-1,-1,-1
541,92,654.86,453.73,37.35,116.15,0.5564,-1,-1,-1
541,95,712.67,449.31,27.30,93.10,0.5286,-1,-1,-1
542,3,1797.85,388.41,122.29,691.64,0.7392,-1,-1,-1
542,65,1472.11,411.46,258.44,659.55,0.7628,-1,-1,-1
542,41,921.96,416.01,122.40,293.08,0.7281,-1,-1,-1
542,47,1028.41,434.19,117.70,287.99,0.6439,-1,-1,-1
542,50,819.79,433.77,108.86,253.08,0.7248,-1,-1,-1
542,77,1644.48,405.93,191.82,615.60,0.6296,-1,-1,-1
542,43,1118.73,451.75,60.37,224.47,0.5022,-1,-1,-1
542,86,578.26,459.26,33.49,79.71,0.4262,-1,-1,-1
542,92,655.06,454.51,36.83,115.26,0.5637,-1,-1,-1
542,95,712.67,449.42,27.69,95.40,0.5136,-1,-1,-1
543,3,1806.09,388.52,114.03,692.46,0.6776,-1,-1,-1
543,65,1480.30,411.12,256.39,658.17,0.6021,-1,-1,-1
543,41,921.84,421.76,121.28,285.77,0.7433,-1,-1,-1
543,47,1042.60,436.10,104.53,285.05,0.5750,-1,-1,-1
543,50,825.27,432.68,103.91,253.54,0.6637,-1,-1,-1
543,77,1648.16,404.50,194.34,614.67,0.5379,-1,-1,-1
543,43,1121.86,449.34,57.87,226.05,0.3822,-1,-1,-1
543,86,577.58,458.56,33.38,80.35,0.3943,-1,-1,-1
543,92,655.24,455.43,37.51,114.77,0.5968,-1,-1,-1
543,95,712.16,449.19,28.68,96.25,0.5185,-1,-1,-1
544,3,1822.35,385.40,97.38,609.56,0.6721,-1,-1,-1
544,65,1493.59,411.22,308.12,658.12,0.5409,-1,-1,-1
544,41,921.76,431.28,124.14,275.41,0.7076,-1,-1,-1
544,47,1050.29,436.28,99.28,283.84,0.5858,-1,-1,-1
544,50,834.21,433.37,96.47,252.13,0.6829,-1,-1,-1
544,77,1646.09,405.59,200.17,621.83,0.4879,-1,-1,-1
544,43,1123.28,450.25,59.32,226.58,0.3416,-1,-1,-1
544,86,577.63,457.01,33.44,81.36,0.4465,-1,-1,-1
544,92,654.96,455.21,38.46,114.87,0.6255,-1,-1,-1
544,95,712.25,448.73,28.89,96.12,0.5113,-1,-1,-1
545,3,1819.92,421.38,100.06,630.63,0.4585,-1,-1,-1
545,65,1511.25,410.47,298.88,656.63,0.5707,-1,-1,-1
545,41,924.28,432.62,126.63,274.36,0.6997,-1,-1,-1
545,47,1064.43,434.96,93.36,285.99,0.4626,-1,-1,-1
545,50,844.67,435.20,89.39,247.49,0.6678,-1,-1,-1
545,77,1651.71,406.61,196.12,622.94,0.5733,-1,-1,-1
545,43,1120.46,456.26,67.21,223.09,0.2942,-1,-1,-1
545,86,578.59,455.30,33.46,82.96,0.3947,-1,-1,-1
545,92,655.01,453.29,41.01,115.75,0.5942,-1,-1,-1
545,95,711.88,448.13,30.55,96.91,0.5503,-1,-1,-1
546,3,1822.35,460.72,97.30,608.99,0.5891,-1,-1,-1
546,65,1528.21,409.88,242.29,656.31,0.5447,-1,-1,-1
546,41,929.04,433.25,123.57,272.41,0.7098,-1,-1,-1
546,47,1075.24,435.64,83.64,282.17,0.5182,-1,-1,-1
546,50,860.04,433.98,78.25,246.67,0.7014,-1,-1,-1
546,77,1657.59,406.11,192.61,626.52,0.5453,-1,-1,-1
546,43,1123.30,455.37,66.94,225.76,0.3774,-1,-1,-1
546,86,579.17,452.60,33.43,84.86,0.4180,-1,-1,-1
546,92,655.14,453.22,40.02,115.10,0.5905,-1,-1,-1
546,95,712.75,448.06,30.27,97.46,0.5189,-1,-1,-1
547,3,1823.30,486.44,96.09,590.07,0.6469,-1,-1,-1
547,65,1541.65,408.33,213.91,655.36,0.6398,-1,-1,-1
547,41,934.73,429.35,118.85,276.83,0.6844,-1,-1,-1
547,47,1082.76,434.40,74.85,286.06,0.3438,-1,-1,-1
547,50,867.89,435.49,71.98,244.42,0.6615,-1,-1,-1
547,77,1664.05,410.69,189.51,608.43,0.6545,-1,-1,-1
547,43,1104.77,442.13,80.37,253.65,0.4562,-1,-1,-1
547,86,579.32,452.37,33.71,85.21,0.4720,-1,-1,-1
547,92,654.20,454.28,39.91,113.09,0.6225,-1,-1,-1
547,95,713.17,448.28,29.62,97.00,0.5016,-1,-1,-1
547,99,544.46,449.19,30.55,87.16,0.3811,-1,-1,-1
548,3,1829.67,461.39,89.58,618.60,0.5214,-1,-1,-1
548,65,1548.32,408.46,198.90,659.83,0.7210,-1,-1,-1
548,41,937.19,427.74,117.95,277.79,0.6609,-1,-1,-1
548,47,1090.45,433.39,88.26,279.62,0.4714,-1,-1,-1
548,50,871.50,435.12,70.30,242.76,0.6323,-1,-1,-1
548,77,1668.51,411.58,191.07,602.71,0.7370,-1,-1,-1
548,43,1095.95,436.11,89.88,268.87,0.4714,-1,-1,-1
548,86,579.88,453.67,33.73,83.50,0.4930,-1,-1,-1
548,92,653.67,454.06,37.91,112.37,0.6777,-1,-1,-1
548,95,713.86,448.43,28.86,96.80,0.4947,-1,-1,-1
548,99,545.31,449.70,31.28,86.64,0.4366,-1,-1,-1
549,3,1833.77,434.69,85.45,645.69,0.3137,-1,-1,-1
549,65,1551.25,408.47,196.92,656.47,0.7540,-1,-1,-1
549,41,943.90,426.01,111.51,278.18,0.6543,-1,-1,-1
549,47,1087.10,437.04,86.69,281.32,0.4019,-1,-1,-1
549,50,874.86,436.84,71.44,243.30,0.6219,-1,-1,-1
549,77,1675.94,413.03,188.49,600.94,0.7193,-1,-1,-1
549,43,1107.14,437.47,83.12,258.38,0.2869,-1,-1,-1
549,86,580.13,452.17,33.85,85.17,0.4403,-1,-1,-1
549,92,652.43,454.49,38.51,110.55,0.6687,-1,-1,-1
549,95,714.44,448.41,29.10,96.85,0.5574,-1,-1,-1
549,99,545.96,447.93,31.63,87.87,0.4116,-1,-1,-1
550,65,1553.26,409.08,195.28,655.76,0.7731,-1,-1,-1
550,41,953.67,419.97,106.38,282.67,0.6229,-1,-1,-1
550,47,1080.84,436.01,105.33,281.94,0.4614,-1,-1,-1
550,50,876.70,437.63,76.21,243.63,0.6219,-1,-1,-1
550,77,1683.93,407.88,191.65,609.96,0.7342,-1,-1,-1
550,43,1086.06,435.80,104.53,275.07,0.4614,-1,-1,-1
550,86,580.62,453.11,33.25,84.16,0.4525,-1,-1,-1
550,92,652.58,455.02,37.60,109.12,0.6711,-1,-1,-1
550,95,714.72,449.88,31.26,96.01,0.5144,-1,-1,-1
550,99,546.70,448.05,31.61,87.48,0.4038,-1,-1,-1
551,65,1555.89,409.74,199.02,658.70,0.7703,-1,-1,-1
551,41,961.59,414.89,99.98,286.24,0.6150,-1,-1,-1
551,47,1072.46,437.53,120.62,279.89,0.5119,-1,-1,-1
551,50,879.11,435.75,76.34,246.60,0.6446,-1,-1,-1
551,77,1690.61,404.99,192.54,610.57,0.7085,-1,-1,-1
551,43,1072.61,437.02,120.54,278.98,0.5119,-1,-1,-1
551,86,580.81,453.74,33.04,83.54,0.5141,-1,-1,-1
551,92,651.99,455.63,37.97,108.01,0.6459,-1,-1,-1
551,95,714.38,449.81,32.23,96.01,0.5347,-1,-1,-1
551,99,547.63,447.85,31.16,87.60,0.4035,-1,-1,-1
552,65,1558.00,409.85,207.54,665.22,0.8020,-1,-1,-1
552,41,970.86,416.20,88.89,282.43,0.6092,-1,-1,-1
552,47,1079.37,436.85,120.76,283.02,0.5009,-1,-1,-1
552,50,884.58,433.37,75.44,250.04,0.6798,-1,-1,-1
552,77,1696.80,404.30,190.87,609.64,0.7359,-1,-1,-1
552,43,1077.11,436.34,121.34,284.16,0.5009,-1,-1,-1
552,86,580.63,452.84,33.37,84.40,0.5238,-1,-1,-1
552,92,650.75,455.50,40.68,109.02,0.6135,-1,-1,-1
552,95,714.83,449.67,32.76,96.27,0.5943,-1,-1,-1
552,99,547.67,445.96,31.35,89.11,0.4415,-1,-1,-1
553,65,1560.74,409.39,212.15,666.59,0.7906,-1,-1,-1
553,41,984.20,418.78,78.45,276.82,0.6988,-1,-1,-1
553,47,1084.51,436.74,111.81,284.23,0.4999,-1,-1,-1
553,50,887.05,433.09,81.25,249.95,0.7234,-1,-1,-1
553,77,1702.04,403.51,196.49,614.77,0.6789,-1,-1,-1
553,43,1081.58,436.25,112.80,286.07,0.4999,-1,-1,-1
553,86,580.30,452.61,33.82,84.91,0.5205,-1,-1,-1
553,92,649.58,455.24,42.18,109.82,0.5778,-1,-1,-1
553,95,715.46,449.05,34.03,96.24,0.5777,-1,-1,-1
553,99,547.43,445.55,30.87,90.01,0.4172,-1,-1,-1
554,65,1561.62,409.71,272.45,662.37,0.5402,-1,-1,-1
554,41,988.74,415.04,78.73,284.70,0.6596,-1,-1,-1
554,47,1109.59,438.07,93.05,265.66,0.3415,-1,-1,-1
554,50,887.94,431.96,86.54,251.28,0.7365,-1,-1,-1
554,77,1703.59,402.84,201.33,633.12,0.2825,-1,-1,-1
554,43,1078.76,435.38,120.77,287.28,0.5785,-1,-1,-1
554,86,580.60,449.97,33.46,87.45,0.5267,-1,-1,-1
554,92,647.47,455.30,41.52,109.49,0.4870,-1,-1,-1
554,95,715.30,448.46,33.62,95.75,0.5863,-1,-1,-1
554,99,546.88,444.52,30.44,91.30,0.4496,-1,-1,-1
555,65,1562.34,408.87,264.39,661.88,0.6169,-1,-1,-1
555,41,993.69,412.05,78.23,287.61,0.6794,-1,-1,-1
555,47,1088.56,435.21,116.61,279.81,0.5958,-1,-1,-1
555,50,888.06,431.92,88.45,251.43,0.7327,-1,-1,-1
555,77,1711.27,401.97,201.44,637.81,0.4120,-1,-1,-1
555,43,1077.19,434.08,125.77,288.64,0.5958,-1,-1,-1
555,86,580.90,447.64,33.61,89.75,0.5427,-1,-1,-1
555,92,645.91,456.33,41.34,107.73,0.4911,-1,-1,-1
555,95,714.44,446.64,33.74,98.16,0.5749,-1,-1,-1
555,99,546.44,444.04,31.63,91.93,0.4765,-1,-1,-1
556,65,1561.83,407.19,270.58,660.84,0.5703,-1,-1,-1
556,41,999.86,411.26,80.18,288.15,0.7244,-1,-1,-1
556,47,1089.15,435.82,119.12,282.65,0.7182,-1,-1,-1
556,50,889.13,432.91,87.86,251.14,0.7682,-1,-1,-1
556,77,1716.64,401.02,202.58,628.58,0.2023,-1,-1,-1
556,43,1083.36,435.21,122.92,286.92,0.7182,-1,-1,-1
556,86,581.39,446.39,33.34,90.86,0.5004,-1,-1,-1
556,92,644.16,457.01,42.15,107.16,0.5157,-1,-1,-1
556,95,714.59,446.28,33.65,99.66,0.5956,-1,-1,-1
556,99,546.32,442.32,32.75,93.59,0.4542,-1,-1,-1
557,65,1560.85,407.20,263.53,661.78,0.6842,-1,-1,-1
557,41,996.97,420.67,88.01,275.86,0.6697,-1,-1,-1
557,47,1089.87,437.20,118.49,282.41,0.7477,-1,-1,-1
557,50,890.95,434.71,89.27,249.46,0.7572,-1,-1,-1
557,77,1716.90,399.57,202.09,646.63,0.3285,-1,-1,-1
557,43,1086.61,436.80,120.03,284.80,0.7477,-1,-1,-1
557,86,581.06,446.42,33.88,91.25,0.5239,-1,-1,-1
557,92,643.58,457.64,41.65,106.58,0.5426,-1,-1,-1
557,95,714.05,445.96,34.20,101.31,0.6254,-1,-1,-1
557,99,546.03,440.97,33.65,95.87,0.4757,-1,-1,-1
558,65,1560.60,405.24,288.89,667.81,0.8042,-1,-1,-1
558,41,991.41,430.72,98.79,265.55,0.7064,-1,-1,-1
558,47,1092.15,437.25,117.27,281.90,0.8019,-1,-1,-1
558,50,892.08,435.77,88.39,248.27,0.7479,-1,-1,-1
558,77,1733.00,399.79,187.97,615.13,0.1987,-1,-1,-1
558,43,1090.02,436.95,117.93,283.46,0.8019,-1,-1,-1
558,86,582.87,450.32,32.64,88.76,0.5485,-1,-1,-1
558,92,643.00,459.39,40.93,105.07,0.5470,-1,-1,-1
558,95,712.80,445.32,35.71,102.34,0.6491,-1,-1,-1
558,99,546.36,442.14,34.58,94.78,0.5029,-1,-1,-1
559,65,1561.57,405.28,295.19,665.85,0.8006,-1,-1,-1
559,41,992.87,430.95,102.36,265.90,0.6417,-1,-1,-1
559,47,1092.75,434.95,119.83,283.32,0.8025,-1,-1,-1
559,50,891.56,436.80,90.49,247.30,0.7447,-1,-1,-1
559,77,1745.38,399.64,176.00,585.48,0.3954,-1,-1,-1
559,43,1091.15,434.72,120.16,284.49,0.8025,-1,-1,-1
559,86,583.75,452.36,32.04,87.08,0.5584,-1,-1,-1
559,92,643.40,461.41,39.92,101.99,0.5366,-1,-1,-1
559,95,712.50,444.91,36.17,102.16,0.6463,-1,-1,-1
559,99,546.50,442.59,34.17,94.54,0.5180,-1,-1,-1
560,65,1562.05,404.20,305.38,670.43,0.8598,-1,-1,-1
560,41,997.40,424.90,104.45,271.69,0.6791,-1,-1,-1
560,47,1096.91,435.52,116.51,282.10,0.7140,-1,-1,-1
560,50,891.03,435.78,92.45,247.13,0.7593,-1,-1,-1
560,77,1752.16,402.23,169.62,416.87,0.3130,-1,-1,-1
560,43,1095.58,435.32,116.70,283.07,0.7140,-1,-1,-1
560,86,584.28,453.52,31.58,86.01,0.5232,-1,-1,-1
560,92,643.25,460.95,37.72,101.13,0.5576,-1,-1,-1
560,95,712.85,444.97,36.02,101.90,0.6332,-1,-1,-1
560,99,547.52,444.92,32.83,92.45,0.5057,-1,-1,-1
561,65,1565.64,403.08,289.60,669.75,0.7235,-1,-1,-1
561,41,1000.30,423.59,110.20,273.01,0.6978,-1,-1,-1
561,47,1101.39,436.78,111.60,278.73,0.6595,-1,-1,-1
561,50,899.99,435.55,88.67,246.58,0.6552,-1,-1,-1
561,77,1749.15,399.06,172.14,514.82,0.3752,-1,-1,-1
561,43,1100.27,436.60,111.72,279.56,0.6595,-1,-1,-1
561,86,584.45,453.07,31.79,85.89,0.4893,-1,-1,-1
561,92,642.45,458.78,36.31,102.86,0.5440,-1,-1,-1
561,95,712.21,445.75,37.13,101.75,0.6255,-1,-1,-1
561,99,548.53,442.66,32.17,94.55,0.5230,-1,-1,-1
562,65,1569.20,404.84,301.53,669.57,0.8116,-1,-1,-1
562,41,1000.95,419.61,112.58,276.66,0.6644,-1,-1,-1
562,47,1105.38,438.23,113.41,277.85,0.7008,-1,-1,-1
562,50,908.39,435.04,84.35,246.00,0.6979,-1,-1,-1
562,77,1757.95,397.46,163.12,557.42,0.3084,-1,-1,-1
562,43,1104.44,438.07,113.50,278.55,0.7008,-1,-1,-1
562,86,584.43,452.46,31.84,87.03,0.4991,-1,-1,-1
562,92,642.75,458.55,35.44,102.64,0.5041,-1,-1,-1
562,95,713.78,448.24,35.95,99.10,0.5754,-1,-1,-1
562,99,548.74,441.27,33.36,95.98,0.4871,-1,-1,-1
563,65,1573.53,405.11,316.39,669.80,0.8046,-1,-1,-1
563,41,1000.09,419.26,117.59,277.08,0.6618,-1,-1,-1
563,47,1109.91,439.54,111.51,275.23,0.6919,-1,-1,-1
563,50,911.73,434.19,83.58,248.65,0.7010,-1,-1,-1
563,77,1765.92,393.77,154.98,548.19,0.3412,-1,-1,-1
563,43,1109.07,439.41,111.58,275.85,0.6919,-1,-1,-1
563,86,584.37,452.97,32.53,86.60,0.4495,-1,-1,-1
563,92,642.12,457.99,34.45,102.80,0.5257,-1,-1,-1
563,95,714.39,448.98,36.88,98.69,0.5300,-1,-1,-1
563,99,548.69,441.09,34.45,95.47,0.4631,-1,-1,-1
564,65,1580.78,402.75,325.46,669.46,0.8681,-1,-1,-1
564,41,1002.48,425.45,117.69,269.90,0.6407,-1,-1,-1
564,47,1113.00,435.69,112.51,277.49,0.7000,-1,-1,-1
564,50,915.08,431.68,82.71,250.22,0.6331,-1,-1,-1
564,77,1780.57,398.07,140.17,494.22,0.4053,-1,-1,-1
564,43,1112.28,435.58,112.57,278.03,0.7000,-1,-1,-1
564,86,584.62,454.27,32.22,84.20,0.3949,-1,-1,-1
564,92,641.97,457.40,34.71,103.58,0.4948,-1,-1,-1
564,95,715.47,448.98,36.04,98.42,0.5201,-1,-1,-1
564,99,548.53,441.58,34.82,94.69,0.3788,-1,-1,-1
565,65,1587.25,400.46,314.01,668.34,0.7043,-1,-1,-1
565,41,1000.95,429.70,122.12,265.08,0.6365,-1,-1,-1
565,47,1117.35,433.21,111.10,279.12,0.6433,-1,-1,-1
565,50,920.06,433.15,79.89,245.84,0.6347,-1,-1,-1
565,77,1783.64,393.42,136.57,614.76,0.6218,-1,-1,-1
565,43,1116.71,433.11,111.15,279.59,0.6433,-1,-1,-1
565,86,584.76,455.25,32.31,83.03,0.3999,-1,-1,-1
565,92,641.84,456.50,35.32,104.47,0.5472,-1,-1,-1
565,95,716.22,449.12,35.69,97.45,0.5560,-1,-1,-1
565,99,548.44,441.77,34.38,94.29,0.4273,-1,-1,-1
566,65,1601.29,399.33,306.52,670.57,0.7352,-1,-1,-1
566,41,1004.00,435.16,122.32,261.21,0.6645,-1,-1,-1
566,47,1123.88,433.10,107.73,281.38,0.5412,-1,-1,-1
566,50,927.30,432.10,84.34,242.68,0.5389,-1,-1,-1
566,77,1790.80,392.04,129.34,648.10,0.6383,-1,-1,-1
566,43,1123.32,433.01,107.78,281.79,0.5412,-1,-1,-1
566,86,585.03,455.60,32.48,83.04,0.4359,-1,-1,-1
566,92,641.47,454.80,35.58,106.50,0.5223,-1,-1,-1
566,95,716.96,449.52,35.49,97.06,0.5434,-1,-1,-1
566,99,548.61,442.22,34.09,93.84,0.4304,-1,-1,-1
567,65,1620.92,399.83,289.26,669.19,0.8360,-1,-1,-1
567,41,1005.49,440.54,126.35,257.10,0.6879,-1,-1,-1
567,47,1124.37,431.52,109.35,283.50,0.6356,-1,-1,-1
567,50,932.10,430.34,84.20,242.45,0.5113,-1,-1,-1
567,77,1797.39,396.24,122.84,644.91,0.6306,-1,-1,-1
567,43,1123.90,431.44,109.39,283.87,0.6356,-1,-1,-1
567,86,585.41,455.77,32.27,82.72,0.4656,-1,-1,-1
567,92,641.19,454.61,34.57,106.46,0.4866,-1,-1,-1
567,95,717.73,449.23,35.43,97.72,0.5409,-1,-1,-1
567,99,548.84,442.34,33.76,93.88,0.4389,-1,-1,-1
568,65,1642.86,400.43,268.03,668.89,0.8227,-1,-1,-1
568,41,1004.97,432.36,136.12,267.03,0.6905,-1,-1,-1
568,47,1129.23,430.65,108.51,282.48,0.6102,-1,-1,-1
568,50,940.81,431.54,78.48,241.37,0.5359,-1,-1,-1
568,77,1801.51,401.05,118.54,656.55,0.6098,-1,-1,-1
568,43,1128.81,430.59,108.54,282.81,0.6102,-1,-1,-1
568,86,585.91,456.06,32.12,84.14,0.4905,-1,-1,-1
568,92,641.15,455.62,32.79,104.99,0.4814,-1,-1,-1
568,95,718.15,448.60,36.95,99.13,0.5148,-1,-1,-1
568,99,548.48,441.04,35.16,95.85,0.4368,-1,-1,-1
569,65,1655.68,400.60,243.37,671.74,0.8118,-1,-1,-1
569,41,1006.28,432.85,139.03,267.34,0.7158,-1,-1,-1
569,47,1132.06,431.34,109.85,281.31,0.5296,-1,-1,-1
569,50,943.09,434.73,79.29,234.26,0.6689,-1,-1,-1
569,77,1800.79,407.49,119.06,653.32,0.4544,-1,-1,-1
569,43,1131.69,431.28,109.88,281.60,0.5296,-1,-1,-1
569,86,586.22,455.88,32.24,85.25,0.5302,-1,-1,-1
569,92,641.23,455.47,33.25,104.54,0.5251,-1,-1,-1
569,95,718.35,448.45,37.17,99.84,0.5254,-1,-1,-1
569,99,548.49,442.23,35.48,95.45,0.4213,-1,-1,-1
570,65,1662.75,402.03,236.37,670.23,0.7783,-1,-1,-1
570,41,1007.02,433.12,138.90,267.34,0.7111,-1,-1,-1
570,47,1135.14,433.33,116.36,280.21,0.6418,-1,-1,-1
570,50,944.35,434.75,81.58,234.18,0.7109,-1,-1,-1
570,77,1806.44,413.79,113.26,530.95,0.2610,-1,-1,-1
570,43,1134.82,433.28,116.39,280.47,0.6418,-1,-1,-1
570,86,586.60,455.88,31.78,85.59,0.5241,-1,-1,-1
570,92,640.01,455.27,32.42,104.44,0.5122,-1,-1,-1
570,95,718.10,447.06,37.75,102.07,0.5572,-1,-1,-1
570,99,548.87,442.73,35.61,95.81,0.4404,-1,-1,-1
571,65,1667.92,401.58,246.68,671.38,0.8660,-1,-1,-1
571,41,1010.39,428.30,134.59,270.86,0.7014,-1,-1,-1
571,47,1142.83,432.33,126.71,281.48,0.5983,-1,-1,-1
571,50,947.23,435.06,80.36,239.33,0.6899,-1,-1,-1
571,77,1813.82,412.46,105.74,478.33,0.2266,-1,-1,-1
571,43,1142.53,432.28,126.74,281.70,0.5983,-1,-1,-1
571,86,586.79,455.90,31.61,85.94,0.5260,-1,-1,-1
571,92,638.88,456.23,30.83,104.22,0.4926,-1,-1,-1
571,95,717.58,445.95,39.06,102.77,0.6076,-1,-1,-1
571,99,549.45,447.27,35.92,91.82,0.4300,-1,-1,-1
572,65,1672.08,401.99,247.00,670.88,0.8702,-1,-1,-1
572,41,1012.30,430.80,131.44,268.07,0.6873,-1,-1,-1
572,47,1145.01,433.08,133.40,281.81,0.7602,-1,-1,-1
572,50,948.95,435.74,80.44,239.83,0.6853,-1,-1,-1
572,77,1821.18,420.57,98.44,444.40,0.3001,-1,-1,-1
572,43,1144.73,433.03,133.43,282.01,0.7602,-1,-1,-1
572,86,586.91,452.79,31.94,89.12,0.4950,-1,-1,-1
572,92,637.73,456.71,31.93,102.99,0.5211,-1,-1,-1
572,95,717.54,444.87,40.02,104.47,0.6255,-1,-1,-1
572,99,549.44,442.22,37.14,97.38,0.4581,-1,-1,-1
573,65,1676.17,402.43,244.85,668.95,0.8860,-1,-1,-1
573,41,1015.96,430.51,126.51,266.00,0.6439,-1,-1,-1
573,47,1149.83,435.87,137.09,279.28,0.7012,-1,-1,-1
573,50,945.79,434.82,89.54,242.45,0.6388,-1,-1,-1
573,77,1830.60,426.65,89.25,297.84,0.3978,-1,-1,-1
573,43,1149.58,435.83,137.11,279.46,0.7012,-1,-1,-1
573,86,585.89,453.34,32.20,88.92,0.4890,-1,-1,-1
573,92,636.82,456.76,30.81,102.62,0.5580,-1,-1,-1
573,95,718.12,445.13,40.27,104.81,0.5686,-1,-1,-1
573,99,550.42,449.16,35.45,90.89,0.4047,-1,-1,-1
573,100,1110.38,430.44,47.46,146.14,0.3499,-1,-1,-1
574,65,1676.89,399.75,244.78,673.96,0.9004,-1,-1,-1
574,41,1029.17,432.51,112.95,263.57,0.5430,-1,-1,-1
574,47,1150.98,437.48,141.01,278.07,0.7346,-1,-1,-1
574,50,951.29,434.88,101.58,247.67,0.6141,-1,-1,-1
574,77,1837.08,430.13,82.77,255.29,0.3398,-1,-1,-1
574,43,1150.75,437.45,141.03,278.22,0.7346,-1,-1,-1
574,86,585.04,454.64,33.03,88.16,0.3413,-1,-1,-1
574,92,636.33,457.08,30.35,101.63,0.5468,-1,-1,-1
574,95,718.04,445.05,40.72,105.24,0.5536,-1,-1,-1
574,99,550.27,450.28,35.71,89.11,0.3877,-1,-1,-1
574,100,1112.00,428.42,45.79,149.10,0.3587,-1,-1,-1
575,65,1677.14,398.34,244.57,676.25,0.9046,-1,-1,-1
575,41,1037.02,427.79,104.41,268.55,0.5015,-1,-1,-1
575,47,1154.55,438.85,139.87,276.92,0.7003,-1,-1,-1
575,50,955.07,434.58,106.20,248.32,0.5751,-1,-1,-1
575,77,1845.01,431.55,74.79,232.73,0.3095,-1,-1,-1
575,43,1154.35,438.82,139.89,277.05,0.7003,-1,-1,-1
575,86,584.72,454.31,33.62,88.68,0.4290,-1,-1,-1
575,92,635.60,456.32,30.53,102.22,0.5661,-1,-1,-1
575,95,718.04,445.35,40.59,104.80,0.5796,-1,-1,-1
575,99,550.50,450.17,35.19,88.71,0.3543,-1,-1,-1
575,100,1113.24,425.68,43.96,151.83,0.2360,-1,-1,-1
576,65,1676.28,397.51,245.13,677.16,0.8990,-1,-1,-1
576,41,1041.52,426.96,99.52,269.17,0.6160,-1,-1,-1
576,47,1157.70,438.17,138.20,277.54,0.7313,-1,-1,-1
576,50,956.45,434.22,111.17,248.32,0.6239,-1,-1,-1
576,77,1854.77,432.07,65.06,213.25,0.4447,-1,-1,-1
576,43,1157.51,438.15,138.22,277.66,0.7313,-1,-1,-1
576,86,585.32,454.23,33.18,88.78,0.4261,-1,-1,-1
576,92,634.34,456.12,32.66,102.03,0.5207,-1,-1,-1
576,95,719.16,445.97,39.51,104.72,0.6061,-1,-1,-1
576,99,550.46,449.52,33.93,88.64,0.2933,-1,-1,-1
577,65,1675.45,398.42,245.61,676.68,0.9090,-1,-1,-1
577,41,1048.28,424.45,92.43,270.69,0.6266,-1,-1,-1
577,47,1157.71,436.89,138.43,278.68,0.7444,-1,-1,-1
577,50,957.89,434.05,112.03,247.22,0.6654,-1,-1,-1
577,77,1857.35,429.80,62.56,203.10,0.2280,-1,-1,-1
577,43,1157.55,436.87,138.44,278.78,0.7444,-1,-1,-1
577,86,585.17,453.07,33.52,90.34,0.3979,-1,-1,-1
577,92,633.40,453.56,33.26,105.24,0.5256,-1,-1,-1
577,95,719.67,446.87,38.93,104.32,0.5852,-1,-1,-1
577,99,550.14,447.13,35.52,91.31,0.2892,-1,-1,-1
578,65,1673.92,399.12,246.79,676.62,0.9062,-1,-1,-1
578,41,1051.54,426.70,88.88,266.89,0.6184,-1,-1,-1
578,47,1159.17,434.53,134.18,280.40,0.7290,-1,-1,-1
578,50,958.82,438.64,104.17,237.49,0.7225,-1,-1,-1
578,43,1159.03,434.51,134.19,280.50,0.7290,-1,-1,-1
578,86,584.43,451.78,34.30,92.09,0.3750,-1,-1,-1
578,92,632.91,450.12,33.20,108.35,0.6221,-1,-1,-1
578,95,719.74,445.89,38.83,104.22,0.6297,-1,-1,-1
578,99,549.90,449.63,36.42,88.68,0.3216,-1,-1,-1
579,65,1673.37,400.39,247.25,676.06,0.8991,-1,-1,-1
579,41,1055.66,431.67,86.05,262.86,0.6589,-1,-1,-1
579,47,1159.86,434.94,132.49,279.20,0.6914,-1,-1,-1
579,50,959.08,439.48,102.35,234.39,0.7530,-1,-1,-1
579,43,1159.73,434.92,132.50,279.28,0.6914,-1,-1,-1
579,86,583.86,449.31,32.67,93.04,0.3513,-1,-1,-1
579,92,632.40,448.49,33.05,110.02,0.5782,-1,-1,-1
579,95,720.35,446.80,38.58,104.21,0.5932,-1,-1,-1
579,99,549.09,444.98,37.67,93.17,0.3126,-1,-1,-1
580,65,1673.20,401.96,247.18,675.01,0.9084,-1,-1,-1
580,41,1054.38,436.85,88.53,257.76,0.6679,-1,-1,-1
580,47,1158.88,440.15,133.70,275.09,0.7501,-1,-1,-1
580,50,959.67,437.48,102.10,236.75,0.7574,-1,-1,-1
580,43,1158.77,440.14,133.71,275.16,0.7501,-1,-1,-1
580,86,584.45,448.81,31.50,92.71,0.3529,-1,-1,-1
580,92,631.04,449.34,35.58,109.14,0.5583,-1,-1,-1
580,95,720.77,446.96,38.31,104.76,0.5719,-1,-1,-1
580,99,549.38,441.97,38.42,96.07,0.3505,-1,-1,-1
581,65,1673.10,402.48,247.11,674.82,0.9082,-1,-1,-1
581,41,1055.80,438.80,92.53,256.16,0.6864,-1,-1,-1
581,47,1159.76,440.47,134.78,275.95,0.6988,-1,-1,-1
581,50,959.66,435.68,102.87,237.52,0.7612,-1,-1,-1
581,43,1159.67,440.45,134.79,276.02,0.6988,-1,-1,-1
581,86,584.53,447.52,33.33,95.40,0.3913,-1,-1,-1
581,92,630.69,452.67,36.39,105.57,0.5508,-1,-1,-1
581,95,721.02,447.19,38.34,104.24,0.5028,-1,-1,-1
581,99,548.99,436.95,40.32,101.38,0.3654,-1,-1,-1
582,65,1673.28,402.15,246.80,676.06,0.9087,-1,-1,-1
582,41,1065.54,438.18,86.89,260.55,0.6228,-1,-1,-1
582,47,1180.60,439.67,117.05,275.49,0.6911,-1,-1,-1
582,50,957.94,435.77,109.86,236.84,0.7487,-1,-1,-1
582,43,1180.51,439.65,117.06,275.54,0.6911,-1,-1,-1
582,86,584.46,446.90,33.94,96.23,0.4204,-1,-1,-1
582,92,631.22,453.04,34.66,105.08,0.5112,-1,-1,-1
582,95,721.51,447.85,37.86,103.44,0.4972,-1,-1,-1
582,99,548.54,435.77,40.05,102.23,0.3791,-1,-1,-1
583,65,1674.25,399.49,245.62,679.01,0.9097,-1,-1,-1
583,41,1076.69,434.55,78.69,263.60,0.6306,-1,-1,-1
583,47,1192.88,439.78,107.21,274.31,0.7224,-1,-1,-1
583,50,962.43,436.06,108.76,235.82,0.7284,-1,-1,-1
583,43,1192.81,439.77,107.22,274.36,0.7224,-1,-1,-1
583,86,584.44,447.96,33.89,95.32,0.4676,-1,-1,-1
583,92,631.06,453.66,34.19,104.44,0.4543,-1,-1,-1
583,95,721.22,446.66,38.76,103.63,0.5281,-1,-1,-1
583,99,549.18,438.25,38.94,99.51,0.4179,-1,-1,-1
584,65,1676.00,395.75,243.84,681.99,0.9116,-1,-1,-1
584,41,1083.99,435.50,75.51,261.67,0.6622,-1,-1,-1
584,47,1201.78,440.65,99.99,271.91,0.7219,-1,-1,-1
584,50,966.14,436.77,107.39,235.94,0.7421,-1,-1,-1
584,43,1201.73,440.64,99.99,271.95,0.7219,-1,-1,-1
584,86,584.82,447.81,33.56,95.72,0.4721,-1,-1,-1
584,92,630.49,454.95,35.12,103.31,0.4317,-1,-1,-1
584,95,722.00,447.19,37.97,104.17,0.5301,-1,-1,-1
584,99,550.14,438.73,37.93,99.17,0.3975,-1,-1,-1
585,65,1677.72,394.57,242.17,682.79,0.8981,-1,-1,-1
585,41,1087.80,438.93,74.83,257.19,0.6347,-1,-1,-1
585,47,1204.81,441.09,100.33,267.38,0.7487,-1,-1,-1
585,50,969.31,436.56,105.70,235.61,0.7611,-1,-1,-1
585,43,1204.76,441.09,100.34,267.42,0.7487,-1,-1,-1
585,86,585.45,447.99,33.23,95.12,0.4598,-1,-1,-1
585,92,628.40,452.07,36.57,105.89,0.3952,-1,-1,-1
585,95,722.81,447.14,37.73,103.47,0.5278,-1,-1,-1
585,99,550.23,438.64,38.39,99.32,0.4328,-1,-1,-1
586,65,1681.24,393.23,238.92,683.09,0.8962,-1,-1,-1
586,41,1089.63,436.63,72.96,260.45,0.6900,-1,-1,-1
586,47,1212.26,438.21,100.49,272.17,0.7543,-1,-1,-1
586,50,976.14,440.50,100.82,233.23,0.7689,-1,-1,-1
586,43,1212.22,438.20,100.49,272.20,0.7543,-1,-1,-1
586,86,585.02,445.40,34.61,98.11,0.4496,-1,-1,-1
586,92,626.96,452.38,37.34,105.35,0.4276,-1,-1,-1
586,95,723.59,445.24,37.76,103.72,0.5444,-1,-1,-1
586,99,549.89,439.97,37.79,98.53,0.4359,-1,-1,-1
587,65,1684.96,390.10,235.25,685.52,0.8696,-1,-1,-1
587,41,1090.74,429.97,73.36,267.35,0.7207,-1,-1,-1
587,47,1216.48,434.54,99.60,276.22,0.6133,-1,-1,-1
587,50,981.35,443.49,96.77,227.96,0.7384,-1,-1,-1
587,43,1216.45,434.54,99.60,276.25,0.6133,-1,-1,-1
587,86,584.62,444.62,35.15,98.67,0.4203,-1,-1,-1
587,92,625.55,452.29,38.24,105.52,0.4832,-1,-1,-1
587,95,724.32,444.39,37.50,104.71,0.5521,-1,-1,-1
587,99,550.09,441.03,37.27,98.12,0.4675,-1,-1,-1
587,101,665.18,452.71,32.95,101.24,0.3700,-1,-1,-1
588,65,1692.30,387.65,227.71,687.80,0.8556,-1,-1,-1
588,41,1092.07,423.56,77.96,273.46,0.7357,-1,-1,-1
588,47,1215.34,434.52,102.57,277.66,0.7923,-1,-1,-1
588,50,987.83,445.50,91.13,223.83,0.7007,-1,-1,-1
588,43,1215.31,434.52,102.57,277.69,0.7923,-1,-1,-1
588,86,584.04,445.46,35.77,98.61,0.4148,-1,-1,-1
588,92,625.25,453.03,36.62,104.50,0.5081,-1,-1,-1
588,95,726.19,442.93,34.89,106.35,0.5565,-1,-1,-1
588,99,551.09,445.85,36.18,93.96,0.4327,-1,-1,-1
588,101,664.26,452.06,30.87,104.96,0.3581,-1,-1,-1
589,65,1700.56,390.25,219.23,683.55,0.7506,-1,-1,-1
589,41,1092.99,420.55,86.14,276.29,0.7102,-1,-1,-1
589,47,1217.59,434.59,101.28,275.88,0.7782,-1,-1,-1
589,50,995.84,446.11,85.06,222.86,0.7049,-1,-1,-1
589,43,1217.57,434.59,101.28,275.91,0.7782,-1,-1,-1
589,86,583.35,446.65,36.75,98.67,0.3784,-1,-1,-1
589,92,624.73,452.03,35.93,105.62,0.5817,-1,-1,-1
589,95,725.06,443.26,36.40,106.26,0.5503,-1,-1,-1
589,99,551.00,447.07,36.61,93.48,0.4279,-1,-1,-1
589,101,663.71,450.84,30.93,108.09,0.4620,-1,-1,-1
589,102,1183.72,438.55,58.56,234.72,0.3395,-1,-1,-1
590,65,1711.74,410.25,207.93,663.53,0.7422,-1,-1,-1
590,41,1092.65,426.69,88.03,270.48,0.6569,-1,-1,-1
590,47,1220.17,433.88,101.20,277.00,0.7844,-1,-1,-1
590,50,1005.22,447.01,79.18,221.36,0.7378,-1,-1,-1
590,43,1220.15,433.88,101.21,277.02,0.7844,-1,-1,-1
590,86,583.95,448.05,35.99,97.90,0.3171,-1,-1,-1
590,92,624.17,450.98,35.25,106.38,0.5152,-1,-1,-1
590,95,726.20,442.78,35.21,106.80,0.5678,-1,-1,-1
590,99,551.09,447.66,37.12,92.85,0.3681,-1,-1,-1
590,101,663.51,451.56,31.42,107.96,0.4669,-1,-1,-1
590,102,1184.92,437.69,59.02,238.95,0.3696,-1,-1,-1
591,65,1731.24,461.57,188.35,612.69,0.5609,-1,-1,-1
591,41,1091.53,418.67,92.21,278.00,0.6515,-1,-1,-1
591,47,1223.05,434.34,103.65,276.71,0.7447,-1,-1,-1
591,50,1011.02,444.73,78.28,222.65,0.7133,-1,-1,-1
591,43,1223.03,434.34,103.65,276.73,0.7447,-1,-1,-1
591,86,585.13,449.48,33.29,94.77,0.3405,-1,-1,-1
591,92,623.99,449.67,33.99,107.88,0.5367,-1,-1,-1
591,95,727.36,442.56,33.58,107.15,0.5753,-1,-1,-1
591,99,550.82,445.04,37.55,95.19,0.3394,-1,-1,-1
591,101,663.37,451.71,32.13,108.17,0.5348,-1,-1,-1
591,102,1188.74,435.24,60.36,241.22,0.3281,-1,-1,-1
592,65,1753.23,490.30,166.21,582.51,0.6787,-1,-1,-1
592,41,1091.43,416.84,102.14,279.71,0.6756,-1,-1,-1
592,47,1226.57,436.86,108.07,274.40,0.7289,-1,-1,-1
592,50,1013.09,443.93,77.60,222.05,0.7368,-1,-1,-1
592,43,1226.55,436.85,108.07,274.41,0.7289,-1,-1,-1
592,86,585.52,450.19,32.22,93.42,0.3124,-1,-1,-1
592,92,623.99,449.04,34.46,108.88,0.5156,-1,-1,-1
592,95,728.12,443.13,32.29,107.00,0.5668,-1,-1,-1
592,99,550.03,444.35,38.54,95.34,0.3230,-1,-1,-1
592,101,662.63,452.02,33.08,108.11,0.5616,-1,-1,-1
592,102,1190.77,433.91,60.14,239.39,0.2717,-1,-1,-1
593,65,1777.07,500.28,142.39,572.87,0.3909,-1,-1,-1
593,41,1092.14,413.45,101.34,282.93,0.6912,-1,-1,-1
593,47,1230.96,439.25,110.43,273.63,0.7524,-1,-1,-1
593,50,1014.58,439.83,79.30,226.23,0.6586,-1,-1,-1
593,43,1230.94,439.25,110.43,273.65,0.7524,-1,-1,-1
593,86,584.39,450.89,32.33,91.26,0.3167,-1,-1,-1
593,92,623.21,449.24,35.84,108.56,0.4957,-1,-1,-1
593,95,728.30,443.39,32.74,107.40,0.5411,-1,-1,-1
593,99,550.60,446.41,35.76,93.08,0.3099,-1,-1,-1
593,101,661.67,451.86,33.90,108.17,0.5482,-1,-1,-1
593,102,1193.43,438.29,69.50,239.68,0.2465,-1,-1,-1
594,65,1809.92,520.55,109.53,557.13,0.3168,-1,-1,-1
594,41,1092.25,412.57,101.77,285.28,0.7000,-1,-1,-1
594,47,1234.35,441.87,112.76,270.80,0.7830,-1,-1,-1
594,50,1020.66,436.69,76.87,228.97,0.6276,-1,-1,-1
594,43,1234.33,441.87,112.77,270.81,0.7830,-1,-1,-1
594,86,584.08,451.37,32.38,90.51,0.3227,-1,-1,-1
594,92,622.90,448.78,36.19,107.95,0.5039,-1,-1,-1
594,95,726.99,444.59,35.69,106.73,0.5131,-1,-1,-1
594,99,549.70,447.99,36.68,91.35,0.3513,-1,-1,-1
594,101,660.47,451.56,35.14,108.97,0.5311,-1,-1,-1
594,102,1192.46,438.29,75.60,240.72,0.3636,-1,-1,-1
595,41,1094.28,413.66,101.14,283.17,0.7179,-1,-1,-1
595,47,1239.40,439.18,112.20,273.27,0.8186,-1,-1,-1
595,50,1023.14,436.20,76.04,228.79,0.6711,-1,-1,-1
595,43,1239.39,439.17,112.20,273.28,0.8186,-1,-1,-1
595,86,581.68,451.04,34.46,90.48,0.2790,-1,-1,-1
595,92,622.53,449.18,36.96,106.84,0.5529,-1,-1,-1
595,95,728.53,444.08,33.43,106.69,0.5406,-1,-1,-1
595,99,550.79,451.51,33.88,88.04,0.2716,-1,-1,-1
595,101,660.50,452.33,35.14,108.51,0.4744,-1,-1,-1
595,102,1190.43,440.79,75.85,239.01,0.4689,-1,-1,-1
596,41,1095.80,418.92,100.44,278.91,0.7370,-1,-1,-1
596,47,1242.53,437.41,112.91,275.32,0.8099,-1,-1,-1
596,50,1024.87,440.10,76.58,224.70,0.7104,-1,-1,-1
596,43,1242.52,437.41,112.91,275.33,0.8099,-1,-1,-1
596,86,581.77,450.34,34.15,91.23,0.3121,-1,-1,-1
596,92,623.05,450.09,36.92,104.91,0.5696,-1,-1,-1
596,95,727.07,445.12,35.88,105.55,0.5618,-1,-1,-1
596,99,551.38,451.42,32.67,88.57,0.2988,-1,-1,-1
596,101,660.73,453.77,35.16,107.09,0.4557,-1,-1,-1
596,102,1190.85,442.06,76.82,238.84,0.5263,-1,-1,-1
597,41,1097.54,422.09,98.43,275.92,0.7587,-1,-1,-1
597,47,1244.54,437.64,113.12,275.69,0.8036,-1,-1,-1
597,50,1026.34,441.79,76.63,223.87,0.7388,-1,-1,-1
597,43,1244.53,437.64,113.13,275.69,0.8036,-1,-1,-1
597,86,582.36,451.56,32.89,89.97,0.2987,-1,-1,-1
597,92,623.71,451.70,35.47,103.24,0.5131,-1,-1,-1
597,95,726.24,445.09,37.58,106.47,0.6071,-1,-1,-1
597,99,550.55,452.38,34.86,87.82,0.3090,-1,-1,-1
597,101,659.81,453.98,37.75,106.92,0.4247,-1,-1,-1
597,102,1191.39,455.09,77.45,227.23,0.5307,-1,-1,-1
598,41,1099.09,427.40,98.03,270.23,0.7210,-1,-1,-1
598,47,1248.06,437.70,111.22,275.57,0.8137,-1,-1,-1
598,50,1026.51,441.73,79.37,224.42,0.7390,-1,-1,-1
598,43,1248.05,437.69,111.22,275.58,0.8137,-1,-1,-1
598,86,583.48,451.68,32.41,89.32,0.3397,-1,-1,-1
598,92,624.45,453.14,33.66,101.75,0.4819,-1,-1,-1
598,95,725.90,445.39,38.53,107.39,0.5877,-1,-1,-1
598,99,550.44,450.70,34.69,89.23,0.3669,-1,-1,-1
598,101,659.04,455.71,37.09,105.16,0.4312,-1,-1,-1
598,102,1193.03,452.27,77.17,230.66,0.5214,-1,-1,-1
599,41,1101.65,430.56,97.23,265.58,0.6999,-1,-1,-1
599,47,1252.33,437.25,107.74,275.80,0.7813,-1,-1,-1
599,50,1027.55,442.23,85.05,224.67,0.7388,-1,-1,-1
599,43,1252.32,437.25,107.74,275.80,0.7813,-1,-1,-1
599,86,583.47,452.61,33.70,90.32,0.3290,-1,-1,-1
599,92,624.65,454.24,33.47,100.85,0.4795,-1,-1,-1
599,95,726.42,445.89,37.75,106.52,0.5701,-1,-1,-1
599,99,551.23,449.58,33.41,90.38,0.3362,-1,-1,-1
599,101,657.74,455.08,39.45,105.87,0.4076,-1,-1,-1
599,102,1191.34,443.97,79.43,239.02,0.5721,-1,-1,-1
599,104,378.25,467.32,47.77,109.12,0.3767,-1,-1,-1
600,41,1106.72,431.06,94.16,263.54,0.7021,-1,-1,-1
600,47,1256.29,437.20,104.89,275.81,0.8175,-1,-1,-1
600,50,1028.49,441.87,88.08,223.93,0.7547,-1,-1,-1
600,43,1256.28,437.20,104.89,275.81,0.8175,-1,-1,-1
600,86,583.34,456.00,32.77,85.68,0.3146,-1,-1,-1
600,92,624.89,454.97,33.12,100.83,0.5053,-1,-1,-1
600,95,726.50,444.66,37.19,108.08,0.5857,-1,-1,-1
600,99,550.82,451.78,35.91,88.43,0.3194,-1,-1,-1
600,101,657.07,455.63,39.71,105.32,0.3591,-1,-1,-1
600,102,1196.98,447.42,73.81,228.82,0.6017,-1,-1,-1
600,104,378.91,465.18,46.28,111.61,0.3493,-1,-1,-1
